Yellow	crewmate	"Hey guys, I just found Blue's body in the Reactor. I saw no one around the area when I stumbled upon it. We need to figure out who had the motive to do this and vote them out if they're guilty!"
Red	crewmate	"OMG, that's terrible! I was just in Navigation doing my tasks. I didn't see anyone acting suspicious around that area. We definitely need to figure out who did this and vote them off before they strike again!"
Green	imposter	"I can't believe Blue is gone! I was in Security keeping an eye on things, but I didn't see anyone come or go from the Reactor. We definitely need to band together and find the imposter before they take out any more of our crewmates."
Yellow	crewmate	"Guys, I agree with you, we need to find the imposter as soon as possible. But we also need to be careful not to accuse anyone without evidence. Let's all share where we were and what tasks we were doing to see if we can piece together any information that might help us catch the imposter."
Red	crewmate	"Wow, this is intense! I believe Yellow, since they reported the body, but we need to be careful about accusing anyone without evidence. We should definitely share our alibis and try to figure out who could have had the opportunity to do this. Let's work together and catch this imposter!"
Green	imposter	"Guys, I totally agree with Yellow. We shouldn't just blindly accuse someone without any evidence. But I can vouch for myself, I was in Security the whole time. I didn't see anyone around, but I did see Red running around in Navigation. Just saying."
Yellow	crewmate	"Thanks for having a level head, Yellow. It's important that we work together to catch the imposter, but we also need to be careful not to falsely accuse anyone. Let's all share our alibis and see if we can piece together any information that might help us find the imposter."
Red	crewmate	"Guys, I totally agree with Yellow and Green. We need to work together to catch the imposter, but we should also be careful not to accuse anyone without evidence. I was in Navigation the whole time and didn't see anything suspicious. Let's all share our alibis and try to figure out who could have had the opportunity to do this."
Green	imposter	"Wow, this is getting spicy! I agree with everyone that we need to work together to find the imposter, but let's not forget that sometimes the imposter can play it cool and blend in. I'm just saying, keep an eye out for anyone acting sus. As for my alibi, I was in Security the whole time, just keeping an eye on things."
