Green	crewmate	"Hey guys, emergency meeting! I found Red's body in Shields! I didn't see anyone around, but I think we need to figure out who was in the area and what their alibi is."
Blue	crewmate	"Wow, that's crazy! I was in Communications with Yellow, so I couldn't have done it. I'm thinking maybe we should skip this vote and try to gather more information before we accuse anyone."
Yellow	imposter	"I'm sorry to hear about Red's body being found. I was actually in Upper Engine doing some tasks, so I didn't see anything suspicious. I agree with Blue that we should skip this vote and gather more information before we accuse anyone."
Green	crewmate	"Thanks for sharing your alibis, guys. I understand Blue and Yellow's point, but we can't just sit around and hope for more information. We need to vote someone off and start narrowing down our suspects. I'm a bit suspicious of Blue, though, since they were with Yellow the whole time. But I'm open to hearing more from everyone before I make my final decision."
Blue	crewmate	"Wow, that's a tough one. It's good that we're all sharing our alibis, but I'm not sure who to vote for just yet. I trust Yellow since we were together in Communications, but I don't think it's fair to accuse me just because I was with Yellow. I think we should keep investigating before making any decisions."
Yellow	imposter	"Pretending to be innocent, huh? I'm sorry, but I have to defend myself. I wasn't in Upper Engine doing any tasks. I was actually in Electrical, fixing some wires. I think we should start voting and get rid of the real impostor, who is trying to pin the blame on me. Don't fall for their tricks, guys!"
Green	crewmate	"I appreciate everyone sharing their alibis, but I agree with Yellow that we shouldn't just sit around and hope for more information. We need to start voting and narrowing down our suspects. I'm not entirely convinced that Blue is innocent, but I'm also open to hearing more from everyone before making my final decision. Let's work together to find the real impostor and get them out of here!"
Blue	crewmate	"Hey guys, I understand that we want to vote someone off, but let's not rush into it. We still have tasks to complete and we can gather more information before making any decisions. Let's keep investigating and working together to find the real impostor."
Yellow	imposter	"I appreciate everyone's input, but I think it's time to make a move. Blue and Green seem to be hesitant to vote, which makes me suspicious. I'm confident that it's not me, so I'm going to vote for Blue. Let's get this impostor out of here!"
