Yellow	crewmate	"Hey guys, I called this meeting because I found Green's dead body in Weapons. I think it's important that we discuss who we were all with and where we were during the time of the murder."
Blue	crewmate	"Whoa, that's sus. I was in MedBay doing my tasks. Did anyone see anything?"
Red	imposter	"Wow, that's crazy. I was actually heading towards Weapons from Cafeteria when the meeting was called. I didn't see anyone around, though. I think we should definitely discuss everyone's whereabouts during the time of the murder."
Yellow	crewmate	"Guys, I understand that we're all surprised, but we need to stick together and find the imposter. I was in the Admin room doing my tasks so I didn't see anything. I agree with Red, we should discuss everyone's whereabouts during the time of the murder."
Blue	crewmate	"I agree with Yellow and Red. It's important that we all share where we were during the time of the murder so we can figure out who the imposter is. I was in MedBay doing my tasks, but I didn't see anyone around there."
Red	imposter	"Guys, I'm just as confused as you are. It's important that we figure out who the imposter is so we can continue with our tasks. I agree with Yellow, we need to stick together and find the imposter. Let's discuss everyone's whereabouts during the time of the murder and see if we can piece together any clues."
Yellow	crewmate	"I completely agree with Red, Yellow, and Blue. We need to work together and share our whereabouts during the time of the murder to find the imposter. Let's make sure to keep an eye on each other and complete our tasks while we figure this out."
Blue	crewmate	"Hey guys, I'm glad we're all on the same page. It's important that we work together and share information to find the imposter. Let's keep our eyes peeled and make sure we complete our tasks too."
Red	imposter	"Looks like we're all on the same page here. Sharing information and sticking together is key to finding the imposter. Let's keep our eyes peeled and figure this out together."
