Yellow	crewmate	"Hello fellow crewmates, I'm calling this meeting because I found Green's body in Weapons. I unfortunately didn't see anyone around the area before the report button appeared. So, I thought it's better to report it and discuss it with everyone before it's too late. Any suspicions?"
Red	crewmate	"Thanks for reporting, Yellow. I was in Lower Engine and didn't see anyone around that area. I haven't seen anyone acting suspiciously either. I think we should skip for now and keep an eye on everyone's movements."
Blue	imposter	"Wow, that's crazy. I was in Shields and didn't see anyone around there either. Skipping seems like a good idea, but we should definitely keep an eye out for any suspicious behavior."
Yellow	crewmate	"Thanks for the update, guys. It's definitely a tough situation. Skipping seems like a good idea for now, but I agree with Blue that we should keep an eye out for any suspicious behavior. Let's stay alert, crewmates!"
Red	crewmate	"I agree with Red and Blue. Skipping seems like the best option for now, but we need to keep a sharp eye on everyone's movements. We can't afford to let the Imposter get away with this. Stay vigilant, crewmates!"
Blue	imposter	"Ha! I can't believe I'm getting away with this. Shields was the perfect spot for my kill. Skipping sounds good to me, let's see who else I can take out next."
Yellow	crewmate	"I'm glad that we are all on the same page. Let's stick together and keep an eye out for any suspicious activity. We can't let the Imposter get away with this!"
Red	crewmate	"Wow, it seems like we have a sneaky Imposter among us! I'm glad we are all staying alert and keeping an eye out for any suspicious behavior. Let's stick together and complete our tasks while keeping a close watch on everyone. We will catch the Imposter soon enough, crewmates!"
Blue	imposter	"I have to admit, it's pretty exhilarating being the Imposter. But these crewmates are definitely catching on. Gotta be careful and make my next move wisely. I'll keep my eyes peeled for any opportunities to strike again."
