Green	crewmate	"Hey guys, I had to call this meeting because I found Blue's body in O2. It's so sus and I have a feeling that Red was the last person that I saw near the area. Red never said where they were during the last round, which is very sus of them. I'm not saying it's Red but I'm just trying to figure out what happened."
Yellow	crewmate	"I was in Navigation the entire time, I didn't see anything suspicious. But Red's behavior is definitely sus. We should keep an eye on them."
Red	imposter	"I can't believe this! I was just doing a task in O2 and I saw Blue alive and well. Green must be self-reporting and trying to frame me. And Yellow, don't even get me started on their sus behavior. They're trying to deflect attention from themselves. I'm innocent and we should skip this vote."
Green	crewmate	"Okay, first of all, I'm not self-reporting. I'm just trying to figure out what happened. And Red, I definitely did not see Blue alive and well because I found their dead body. Your behavior is very sus and you're not even providing any alibi. And Yellow, I trust your instincts on this. Let's vote Red and see if they're the Imposter."
Yellow	crewmate	"Okay, this is getting intense. I trust Green's report of finding Blue's body and I also think Red's behavior is sus. I didn't see anything in Navigation but I'm willing to vote for Red if that's what we need to do to figure out who the Imposter is. Let's stick together and keep an eye out for anything else."
Red	imposter	"I can't believe Green would accuse me like that. I was just doing a task in O2 and didn't see anything suspicious. I think we should skip this vote and keep an eye out for any other sus behavior. But if you all really think I'm the Imposter, go ahead and vote me off. Just know that you're making a big mistake."
Green	crewmate	"I agree with Yellow and think we should vote for Red. They're not providing any alibi and their accusations towards me are baseless. Let's stick together and figure out who the Imposter is."
Yellow	crewmate	"Wow, things are getting intense in here! I trust Green's report of finding Blue's body and I think Red's behavior is sus. Let's vote them off and see if they were the Imposter. But if not, we need to keep an eye out for any other sus behavior. Let's stick together and figure out who the Imposter is, crewmates!"
Red	imposter	"Guys, I'm not the Imposter! I was doing a task in O2 like I said. But if you all really think it's me, then go ahead and vote me off. Just know that you're making a big mistake. Let's just be careful and keep an eye out for any sus behavior."
