Green	crewmate	"Hey guys, emergency meeting! I just found Blue's lifeless body in Electrical. I was on my way to Security to check the cams and stumbled upon the sight. I didn't see anyone around, but I want to hear from all of you. Where were you guys at and did any of you see anything suspicious? We don't want to let the Imposter get away with this."
Red	crewmate	"Okay, okay, hold on. I was in O2 doing my tasks. I didn't see anyone nearby, but I did see Yellow doing the same task as me. I don't think it's them though. I think we need to be careful and watch out for anyone acting suspicious."
Yellow	imposter	"I was in Lower Engine doing my tasks. I didn't see anyone around me. I think we should definitely be careful and not trust anyone too quickly. We don't want to wrongly accuse someone and let the Imposter get away with this."
Green	crewmate	"Thanks for sharing your alibis, guys. I didn't see anyone around Electrical when I found Blue's body, so I don't have any suspects yet. Let's keep an eye out for any suspicious behavior and try to finish our tasks quickly. We can catch the Imposter if we work together!"
Red	crewmate	"Wow, this is intense! It's really sad that Blue got killed like that. I'm glad that we are all working together to catch the Imposter. I don't have any suspicion towards anyone yet, but I'm definitely going to keep my eyes open and finish my tasks quickly. Let's catch this Imposter!"
Yellow	imposter	"Mmhmm, I totally agree. It's important that we don't jump to conclusions and accuse someone without evidence. I was just in Lower Engine, so I didn't see anything suspicious either. Let's stay vigilant and keep an eye out for any strange behavior. We can definitely catch this Imposter if we work together!" *smirks secretly as the Imposter*
Green	crewmate	"Hey guys, I appreciate the cautious approach. I didn't see anything unusual in Security either, but let's keep an eye out for any suspicious activity. Remember, teamwork is key to catching the Imposter!"
Red	crewmate	"Wow, this is getting really intense. I'm glad that we're all on the same page about catching the Imposter. I was in O2 when the emergency meeting was called, so unfortunately, I don't have any information to add at the moment. But I'm definitely going to keep my eyes open for any suspicious behavior and try to finish my tasks as quickly as possible. Let's work together and catch this Imposter!"
Yellow	imposter	"Definitely, teamwork is key! I was finishing up my tasks in Lower Engine when the emergency meeting was called, so I didn't see anything suspicious either. But let's keep a close eye on everyone and catch this Imposter together!" *tries to sound convincing while secretly plotting to sabotage and eliminate the crewmates*
