Blue	crewmate	"Yo crewmates, I just found Red's lifeless body in Communications while trying to complete a task. I'm sus of Green because I saw them vent in Admin earlier. We need to discuss and figure out who the imposter is before they strike again."
Yellow	crewmate	"Damn, that's crazy. I didn't see anything sus while I was in the Cockpit. But I trust Blue on this one, I'm down to vote Green off."
Green	imposter	"Wait, hold up. I was in Electrical fixing the wiring. I haven't even been to Communications yet. Blue is clearly trying to frame me. Don't fall for his lies, guys."
Blue	crewmate	"Hey guys, I understand where Green is coming from, but I swear I saw them vent in Admin. I'm not trying to frame anyone, I just want to make sure we catch the imposter before they strike again. Let's discuss and vote based on evidence."
Yellow	crewmate	"I agree with Blue. Seeing someone vent is a pretty strong evidence, and we can't afford to take any chances. Let's vote off Green and keep our crewmates safe."
Green	imposter	"Sorry guys, but I have to admit it - I was the one who vented in Admin. I was trying to get to Communications to do my next task. Please don't vote me off, I promise to be a better Imposter next time."
Blue	crewmate	"Wow, that was a close one! I knew Green was sus, but I didn't expect them to admit it. Good thing we caught them before they could cause any more trouble. GG, crewmates!"
Yellow	crewmate	"I knew it! Blue, you're a genius at catching those imposters. Green, you almost got away with it, but honesty is always the best policy. Don't worry, we'll get them next time."
Green	imposter	"I can't believe I got caught venting! I thought I was being sneaky, but I guess I need to work on my Imposter skills. Good job, Blue, you really had me fooled. I'll make sure to be more careful next time. GG, crewmates!"
