Yellow	crewmate	"Hey guys, I just called this meeting because I found Blue's dead body in the Cockpit! I didn't see anyone else around, but I have a strong feeling that Green is the Imposter. They were acting really sus and I saw them venting earlier. We need to vote them off ASAP!"
Red	crewmate	"Okay, I hear you Yellow, but we need to be careful before we start pointing fingers. Green, do you have anything to say for yourself? Where were you when the body was found?"
Green	imposter	"Uh, yeah, I was in the Cockpit doing some tasks. I didn't see anyone else around either. And as for venting, I have no idea what you're talking about, Yellow. Seems pretty sus to me that you're accusing me without any real evidence."
Yellow	crewmate	"Okay, Red makes a good point. We shouldn't jump to conclusions without more evidence. But I'm pretty sure I saw Green venting earlier. Can anyone else confirm their alibi for being in the Cockpit?"
Red	crewmate	"Hey guys, I think we need to be more cautious before we vote someone off. Yellow, did you see Green venting or did you just have a feeling? Green, can anyone else vouch for your whereabouts when the body was found?"
Green	imposter	"Wow, Yellow really seems to be grasping at straws here. I was in the Cockpit doing my tasks like a good crewmate. And as for venting, I have no idea what they're talking about. I think we need more evidence before we start accusing each other. Let's be smart about this, people."
Yellow	crewmate	"Guys, I understand that we all want to find the Imposter, but let's not accuse each other without concrete evidence. We need to focus on completing our tasks and pay attention to any suspicious behavior. Stay vigilant, crewmates!"
Red	crewmate	"Great job, crewmates! We're all doing our best to find the Imposter while being cautious and fair. Let's keep on completing our tasks and keeping an eye out for any suspicious behavior. Stay united, and we'll win this game together!"
Green	imposter	"Phew, that was a close one. Yellow was really trying to throw me under the bus there. But I played it cool and now everyone seems to be on the same page. Time to lay low and wait for the perfect opportunity to strike. Good job, crewmates!"
