Yellow	crewmate	"Hey guys, I have an urgent meeting to discuss. I found Red dead in MedBay. Anybody got any sus on who could have done this? I was doing my tasks in Electrical when I came across this unfortunate discovery."
Blue	crewmate	"OMG, that's terrible news. I didn't see anyone suspicious while I was in Storage. Did anyone see Red before they died?"
Green	imposter	"Wow, that is really sus. I was in Security doing my tasks, so I didn't see anyone near MedBay. But I did see Yellow in Electrical around the same time that Red was killed. Just saying."
Yellow	crewmate	"Guys, I know it looks sus that I was near Electrical when Red was killed, but I swear it wasn't me. I didn't see anyone else around that area either. Green, did you see anyone on the Security cameras near MedBay?"
Blue	crewmate	"Wow, this is getting intense. Yellow, I believe you when you say you didn't do it. But Green, your sus behavior is making me question your innocence. Did you really not see anything on the Security cameras?"
Green	imposter	"I mean, I was in Security the whole time, so I didn't see anything suspicious on the cams. But I'm not saying Yellow is definitely the imposter, just that they were in the area around the time of the kill. We should keep an eye on them."
Yellow	crewmate	"I swear guys, it wasn't me. I didn't see anyone around Electrical either. Green, are you sure you didn't see anyone on the Security cameras near MedBay? I'm not the imposter, I promise."
Blue	crewmate	"I'm definitely sus of Green right now. Their story doesn't add up. Yellow seems innocent to me, but we should keep an eye on them just in case. Let's skip this vote for now and keep investigating."
Green	imposter	"I played it cool and diverted the suspicion towards Yellow. It's important to keep the heat off of me while also planting seeds of doubt towards others. Blue seems like the biggest threat right now, so I need to make sure they don't catch on to me."
