Blue	crewmate	"Emergency meeting, guys! I found Green's body in Weapons! Has anyone seen anything suspicious? I didn't see anyone around..."
Red	crewmate	"OMG, that's so sus! I was in Security the whole time, didn't see anyone pass by. I think we should skip this vote and keep an eye on anyone acting weird in the next round."
Yellow	imposter	"I totally agree with Red, skipping the vote seems like the best option for now. But we should definitely keep an eye out for any suspicious behavior in the next round. Let's catch the imposter!"
Blue	crewmate	"Guys, I understand the need to keep an eye out for suspicious behavior, but we can't just skip this vote. We need to vote someone off to have a chance at winning. I didn't see anyone around Weapons, but maybe someone else saw something?"
Red	crewmate	"Wow, this is intense! Blue, I understand your point, but skipping the vote might be the best option for now. We don't want to vote off an innocent crewmate. Let's keep our eyes peeled and catch the imposter in the next round."
Yellow	imposter	"I think skipping the vote is a good idea for now. We don't want to risk voting off an innocent crewmate. Let's continue to be vigilant and catch the imposter in the next round."
Blue	crewmate	"Hey guys, I understand the concern for voting off an innocent crewmate, but we can't just skip the vote. We need to take a chance and vote someone off to increase our chances of winning. Let's keep an eye out for any suspicious behavior, but we can't just sit around and do nothing."
Red	crewmate	"I agree with Red and Yellow, skipping the vote might be the best option for now. We need to be careful not to vote off an innocent crewmate. Let's keep an eye out for any suspicious behavior and catch the imposter in the next round."
Yellow	imposter	"Guys, I totally understand the concern for voting off an innocent crewmate, but we can't just sit around and do nothing. We need to vote someone off to increase our chances of winning. Let's keep an eye out for any suspicious behavior and catch the imposter in the next round."
