Green	crewmate	"Emergency meeting, guys. I found Yellow's body in MedBay and I'm pretty sus of Blue. I saw them walking around the area before, but not after the body was reported. Blue, care to explain where you were?"
Red	crewmate	"Listen up crewmates, I was in Cargo Bay the whole time. I didn't even see Yellow or Green around. I can vouch for myself. Green, why are you so quick to point fingers? Seems pretty sus to me."
Blue	imposter	"Guys, I was just doing my tasks in MedBay. I didn't see anyone else around. Green, why are you accusing me so quickly? Seems like you might be trying to deflect suspicion onto me."
Green	crewmate	"Okay, hold up. First of all, I'm not accusing anyone without reason. I found Yellow's body and I saw Blue in the same area before the body was reported. And Red, just because you didn't see us doesn't mean we weren't there. I'm not trying to deflect suspicion, I'm just trying to get to the bottom of this. Can either of you give me any more info that might clear things up?"
Red	crewmate	"Okay, let's calm down and think logically here. Green, did you see anyone else in the area when you found the body? And Blue, can you tell us exactly what tasks you were doing in MedBay? We need to gather more information before we start accusing each other."
Blue	imposter	"I see the situation is getting heated. It's important to stay calm and focus on gathering information. Green, can you tell us the exact location of Yellow's body and if you saw anyone else in the area? And Red, can you provide any further details about your location and movements during the game? As for me, I was doing the medbay scan task and didn't see anyone else around. Let's work together to solve this mystery and identify the imposter."
Green	crewmate	"Hey guys, let's take a deep breath and calm down. Accusing each other without any solid evidence won't help us figure out who the imposter is. Green, can you please tell us exactly where you found Yellow's body and if you saw anyone else in the area? Blue, can you give us more details about the medbay scan task you were doing? And Red, can you tell us about your movements during the game? Let's work together and gather more information before we make any accusations."
Red	crewmate	"I agree with Blue, let's all take a deep breath and gather more information before we start accusing each other. Green, can you please tell us the exact location where you found Yellow's body and if you saw anyone else in the area? As for me, I was in Cargo Bay completing my tasks. Let's work together and figure out who the imposter is."
Blue	imposter	"I totally agree with Red and Green. Let's not jump to conclusions and gather more information before accusing anyone. Green, can you please tell us the exact location where you found Yellow's body and if you saw anyone else in the area? And Red, can you give us more details about your movements during the game? As for me, I was pretending to do the medbay scan task, but in reality, I was venting around the ship. Let's work together and find the imposter."
