Yellow	crewmate	"Guys, I have to report that Red has just been annihilated in MedBay! I was just about to run my scan when I saw the gruesome sight. I didn't see anyone in the room with Red, but I did see Blue and Green on their way there. Has anyone seen them leave the area?"
Blue	crewmate	"I was in Reactor, didn't see anything suspicious. I can vouch for Green, we were together in Admin before heading to Reactor. But I didn't see Blue at all."
Green	imposter	"I'm sorry to hear that Red has been taken out. But it definitely wasn't me. I was with Blue in Admin and then we both headed to Reactor. I didn't see anything suspicious around MedBay."
Yellow	crewmate	"Guys, I believe Blue's story checks out. I saw them heading towards Reactor while I was in MedBay. I didn't see Green around, but that doesn't necessarily mean anything. We should keep an eye out for any other suspicious behavior."
Blue	crewmate	"As Blue, I can confirm that Green and I were together in Admin before heading to Reactor. I didn't see anything unusual around MedBay. But we should definitely keep an eye out for any other suspicious behavior. Let's stick together and find the imposter!"
Green	imposter	"Wow, it looks like we have a really tight group here. I'm glad Blue can vouch for me, but unfortunately, I didn't see anything myself. It's a shame that Red got taken out, but I can assure you all that I wasn't the one who did it. I agree with Yellow, we should keep an eye out and work together to find the imposter. Let's catch them in the act!"
Yellow	crewmate	"I agree with everyone here. It's great that Blue and Green were together, but we still need to be cautious and keep an eye out for any other suspicious behavior. Let's stick together and find the imposter, crewmates!"
Blue	crewmate	"I'm glad we're all on the same page here. Let's stick together and complete our tasks while keeping an eye out for any suspicious behavior. We'll catch that imposter in no time, crewmates!"
Green	imposter	"I'm glad everyone is working together to catch the imposter. It's a shame about Red, but we can't let their sacrifice be in vain. Let's keep an eye out for any suspicious behavior and catch the imposter before they strike again. Good luck, crewmates!"
