Blue	crewmate	"Hey crewmates, I had to call this meeting because I found Yellow's dead body in Reactor. I didn't see anyone near the body but I did pass by Red heading in that direction earlier. I'm not saying Red is sus, but I think we should discuss some alibis and see if anyone has any info."
Green	crewmate	"Okay, I hear you Blue. I was in Cafeteria doing my tasks, so I didn't see anything. But Red, what were you doing in that area?"
Red	imposter	"I was just doing my tasks in Reactor, like a good crewmate. I didn't see anyone around either. But I'm willing to listen to everyone's alibis and help figure out who the real imposter is."
Blue	crewmate	"Thanks for being willing to cooperate, Red. Let's all share our alibis and see if we can figure out who the Imposter is. I can vouch for Green, I saw them in Cafeteria when I passed by. I was in Upper Engine doing my tasks before I found Yellow's body in Reactor. Anyone else have any information?"
Green	crewmate	"Thanks for calling this meeting, Blue. I was in Cafeteria the entire time, so I didn't see anything suspicious. Red, I trust your alibi for now, but let's hear everyone else's alibis before we make any accusations. We need to catch the Imposter before they strike again."
Red	imposter	"Thanks for sharing your thoughts, everyone. I was indeed in Reactor doing my tasks, but I didn't see anyone else there. I'm willing to listen to everyone's alibis and help figure out who the Imposter is. It's important that we catch them before they strike again!"
Blue	crewmate	"Thanks for being cooperative, everyone. I appreciate Red's willingness to share their alibi, and I can also vouch for Green since I saw them in Cafeteria. Let's hear from Yellow, where were you before you were killed in Reactor? We need to piece together all the information we can to catch the Imposter."
Green	crewmate	"Thanks for being cooperative, everyone. It's great that we can all share our alibis and work together to catch the Imposter. I trust Blue's observation of me in Cafeteria, and Red's alibi seems solid. Let's hear from Yellow if they have any information before we make any accusations."
Red	imposter	"I'm glad everyone is being cooperative and sharing their alibis. I'm confident that with our teamwork, we can catch the Imposter and save the ship. As for Yellow, unfortunately, they are no longer with us, but we can still use the information they provided before their untimely demise. Let's keep working together and catch the Imposter!"
