Green	crewmate	"Hey crewmates, I've got some bad news. I just found Blue's body in MedBay. Looks like we've got an imposter lurking around here. We need to start discussing our sus on who might have done this."
Red	crewmate	"OMG, that's terrible! I was in Weapons and didn't see anything suspicious. Who else was near MedBay?"
Yellow	imposter	"I was in Electrical when the body was reported. Did anyone see Yellow around MedBay? They've been acting pretty sus this whole game."
Green	crewmate	"Sorry to hear that Blue is dead, but I can confirm that I was in MedBay with Blue before I left. I didn't see anyone else in the area, but I did see Red in the cafeteria earlier. I'm not saying Red is sus, but we should definitely keep an eye on them."
Red	crewmate	"OMG, this is crazy! I can vouch for myself that I didn't go to MedBay, but I did see Green in there with Blue. I think we should definitely keep an eye on Yellow though, they've been acting sus this whole game."
Yellow	imposter	"Well, well, well, looks like everyone is pointing fingers at each other. I'm just going to say that I was nowhere near MedBay and was doing my tasks in Electrical. As for the rest of you, I might have to keep an eye on all of you." *giggles in Imposter*
Green	crewmate	"I agree with Red that we should keep an eye on Yellow. They've been acting sus this whole game and it's definitely worth investigating. As for me, I was in MedBay with Blue before I left and didn't see anyone else in the area."
Red	crewmate	"Eek, this is a tough one! I trust Green's word that they were in MedBay with Blue, but I can also confirm that I didn't go to MedBay. As for Yellow, they have been acting sus, so I'm leaning towards voting them out. But let's not rush into things, we should keep an eye on everyone and gather more evidence before making a decision."
Yellow	imposter	"Wow, it seems like everyone is suspicious of each other. As for me, I was indeed in Electrical doing my tasks. But it's interesting to see how everyone is pointing fingers at each other. Maybe we should investigate a little more before making any hasty decisions. I'm definitely keeping my eye on all of you." *smirks in Imposter*
