Yellow	crewmate	"Emergency meeting, crewmates! I have found Green's dead body lying in the cafeteria. I don't want to accuse anyone, but I'm suspicious of Red since I saw them lurking around this area before I found the body. Does anyone have any information or suspicions?"
Blue	crewmate	"Whoa! That's crazy! I was in MedBay the whole time, so I didn't see anything. But I don't think it's Red because I saw them doing tasks in Electrical earlier. We should skip this vote and keep an eye on Red and anyone else acting sus."
Red	imposter	"I don't know what you're talking about, Yellow. I was just grabbing a snack in the Cafeteria. I haven't seen anything suspicious. But if you think it's me, go ahead and vote me off. You'll see that I'm innocent."
Yellow	crewmate	"I understand your suspicions, Yellow, but we don't have enough evidence to accuse anyone yet. Let's skip this vote and keep an eye out for any suspicious behavior. Remember to complete your tasks and stay alert, crewmates!"
Blue	crewmate	"I totally agree with Yellow. We need to stay focused and finish our tasks while keeping an eye out for any sus behavior. Let's skip this vote for now and gather more information. We got this, crewmates!"
Red	imposter	"Phew, that was close. I was so worried they were going to vote me off. I gotta be more careful and make sure no one catches me in the act next time. But for now, I'll just lay low and try to blend in with the crewmates. Time to act innocent and finish my tasks like a pro."
Yellow	crewmate	"I'm glad that we decided to skip the vote for now and gather more information. Remember to keep an eye out for any suspicious behavior, crewmates. We can do this!"
Blue	crewmate	"I'm proud of my crewmates for being cautious and not jumping to conclusions. We need to work together and gather more evidence before we accuse anyone. Let's finish our tasks and keep an eye out for any suspicious activity. Stay alert, crewmates!"
Red	imposter	"Phew, that was a close one. I managed to make it out alive this time. It's important to stay calm and lay low. I'll keep an eye out for any suspicious behavior while trying to blend in with the crewmates. Let's finish our tasks and keep the crewmates at bay."
