Yellow	crewmate	"Hey guys, I just found Blue dead in Communications. I know it's tragic, but we need to figure out who did this. Any sus on who could be the imposter?"
Green	crewmate	"I was in Security doing my tasks when the body was reported. I didn't see anyone suspicious around the area. I think we should skip this round and keep an eye on anyone acting sus."
Red	imposter	"Wow, that's so sad to hear. I didn't see anyone around Communications either. But I do think we should keep an eye on Yellow. They were the last one to report the body and could be self-reporting to throw us off."
Yellow	crewmate	"Guys, I understand your concerns, but I swear on my crewmate status that I am not the imposter. I stumbled upon the body while doing my task, and I panicked and reported it right away. I think we should skip this round, but keep an eye on Red. They seem to be trying to shift the blame on me without any evidence."
Green	crewmate	"Guys, let's not accuse each other without any solid proof. We don't want to vote out an innocent crewmate. I agree with Green, we should skip this round and keep an eye on everyone. Remember to finish your tasks, we need to complete them to win!"
Red	imposter	"Guys, I totally agree with Green. Let's not throw accusations without any evidence. I think we should skip this round and keep an eye on everyone. Remember to finish your tasks, we need to win this game together!"
Yellow	crewmate	"Hey guys, I appreciate that we are keeping a level head about this. I understand the suspicion on me, but I promise I am not the imposter. Let's skip this round and focus on finishing our tasks. We can figure out who the imposter is together."
Green	crewmate	"Good job, guys! I'm glad we are all on the same page. Let's finish our tasks and catch that imposter!"
Red	imposter	"I couldn't agree more with my fellow crewmates. Skipping this round is the right thing to do. We need to stick together and finish our tasks if we want to catch the imposter. Let's do this, team!"
