Green	crewmate	"Hey guys, I've just found Red dead in Navigation. I'm calling this meeting because I'm highly suspicious of Yellow. I saw him lurking around this area and I think he's the Imposter. We need to vote him off right now."
Blue	crewmate	"Wait a minute, Green. Just because Yellow was in the area doesn't mean he's the Imposter. We need more evidence before we start voting people off. Did anyone see Yellow do anything suspicious or is there any other evidence pointing towards him? We should discuss this more before making any hasty decisions."
Yellow	imposter	"Guys, I don't know what you're talking about. I was just doing my tasks in Navigation. I didn't see anyone else there. I think we should all calm down and discuss this properly before we start pointing fingers. Let's all share our thoughts and see if we can come to a reasonable conclusion."
Green	crewmate	"Blue, you make a good point. Maybe we should take a step back and gather more evidence before voting anyone off. Yellow, I apologize for accusing you without solid proof. Let's all share our thoughts and observations and work together to figure this out."
Blue	crewmate	"Great job, team. It's important that we don't jump to conclusions and accuse someone without proper evidence. Let's work together and gather more information before making any decisions. Good on you, Green, for acknowledging your mistake and let's all keep an open mind and listen to each other's observations."
Yellow	imposter	"I agree with Blue and Green. Accusing someone without solid evidence is not fair. I was just doing my tasks in Navigation and didn't see anyone else there. Let's work together and gather more evidence before making any decisions."
Green	crewmate	"I'm glad to see everyone keeping a level head and working together to gather more information. Accusing someone without solid evidence is not the way to go. Let's all keep an eye out for any suspicious behavior and share our observations."
Blue	crewmate	"I'm proud of my team for working together and keeping a level head. It's important to gather evidence before accusing someone. Let's continue to communicate and share our observations to figure out who the Imposter is."
Yellow	imposter	"I'm really impressed by my fellow crewmates. We're all on the same page here - accusing someone without evidence is not the way to go. I'm just gonna keep doing my tasks in Navigation and keep an eye out for any suspicious behavior. Let's work together and catch that Imposter!"
