Green	crewmate	"Guys, we got a dead body in Electrical and I just saw Blue's corpse there. I'm not pointing fingers here, but I'm pretty sus of Red. I saw him coming out of Electrical just as I was heading over there. Something doesn't feel right."
Yellow	crewmate	"Okay, let's hear everyone out first before making any accusations. Where was everyone else during this time?"
Red	imposter	"Whoa, whoa, whoa. Hold up there, Yellow. I was nowhere near Electrical. I was in Security the whole time. Green, are you sure it was Blue's corpse you saw? Maybe you're the one who's sus here."
Green	crewmate	"Guys, I swear it was Blue's corpse in Electrical. I know it looks sus for me to accuse Red, but I really did see him leaving the area. Maybe someone vented or something, but I'm just trying to help us figure this out."
Yellow	crewmate	"Let's not jump to any conclusions just yet. We need to gather more information and see if anyone else saw anything suspicious. Red, can anyone vouch for you being in Security the whole time?"
Red	imposter	"Guys, I don't know what Green is talking about. I was in Security the whole time, I swear. And I'm pretty sure I saw Yellow and Green together in Electrical when I was passing by. Maybe they're teaming up to frame me?"
Green	crewmate	"Okay, let's all take a deep breath and calm down. Accusing each other won't solve anything. We need to gather more information and discuss it calmly. Red, can anyone else confirm that you were in Security the whole time? And Yellow and I were in Electrical, but we didn't see anyone else there. Maybe we should all share our locations and movements during the round to help us figure this out."
Yellow	crewmate	"Good job, Green, for trying to keep the conversation calm. I agree with you that we should gather more information and not accuse each other. Red, can you give us more details about what you were doing in Security? And maybe we can all share our movements during the round to help us figure out who the imposter is."
Red	imposter	"Hey guys, I was indeed in Security the whole time. And I saw Blue in Admin, so he couldn't have been the one who vented. As for what I was doing in Security, I was just keeping an eye on the cameras. I agree with Green, we should all share our movements to figure out who the imposter is. But let's not forget, Yellow and Green were together in Electrical, so they could be the imposters teaming up against me."
