Green	crewmate	"Yo yo yo, what's good fellow crewmates?! I've called this meeting because I just found Red's body in Admin, and the last person I saw leave the room was Blue. Blue, you got anything to say for yourself?"
Yellow	crewmate	"Wait, what?! Red's dead?! I was just in Cargo Bay with Yellow. I didn't see anything suspicious. Blue, where were you?"
Blue	imposter	"Whoa whoa whoa, hold up a second. I was definitely not in Admin. I was over in Electrical fixing the wiring. Green, are you sure you saw me leave the room? Because I don't remember passing by you at all."
Green	crewmate	"Hey guys, I know I'm not the Imposter, but I'm pretty sure I saw Blue leaving Admin. Yellow, it's possible that you just missed him. Blue, do you have any other alibi besides fixing the wiring in Electrical?"
Yellow	crewmate	"Okay, let's all take a deep breath and think this through. Green, are you absolutely sure it was Blue that you saw leaving Admin? It's possible that you could have mistaken someone else for him. And Blue, can anyone vouch for you being in Electrical? We need to gather more information before making any accusations."
Blue	imposter	"Guys, I understand that Red's death is shocking, but accusing me without any concrete evidence is not fair. I was indeed in Electrical fixing the wiring, and I don't remember passing by Green in Admin. But I don't have any other alibi besides that. Maybe someone else saw me there? We should all work together and gather more information before pointing fingers."
Green	crewmate	"Yellow has a point. We should calm down and not jump to conclusions. Green, are you sure it was Blue that you saw leaving Admin? It's possible that you may have mistaken someone else for him. Blue, is there anyone else who can confirm that you were in Electrical at the time of the incident? Let's all work together and gather more information before accusing anyone."
Yellow	crewmate	"I completely agree with Yellow and Green. Accusing someone without proper evidence is not the way to go. Blue, do you remember anyone else being in Electrical with you at the time of the incident? Maybe they can confirm your alibi. And Green, are you absolutely sure it was Blue that you saw? We should all work together and gather more information before making any decisions."
Blue	imposter	"Guys, I appreciate your rational thinking. It's true that accusing someone without proper evidence is just not fair. I am confident that I was in Electrical fixing the wiring and did not see Green in Admin. However, I don't have any other alibi except that. I hope someone can vouch for me. Let's all work together and find out who the real Imposter is."
