Blue	crewmate	"Hey guys, I found Green's body in Cafeteria. It's sus that no one reported it earlier. Did anyone see anything or anyone acting weird?"
Red	crewmate	"Wow, that's crazy! I was in Storage doing my tasks, I didn't see anything suspicious. Did anyone else see anything?"
Yellow	imposter	"I was doing my task in Electrical. I didn't see anyone suspicious around Cafeteria. But, I did see Blue come from that direction."
Blue	crewmate	"Guys, I understand that it may look sus that I came from Cafeteria, but I was just doing my task. I didn't see anyone else around there either. I think we should skip this vote and keep an eye on everyone to gather more evidence."
Red	crewmate	"Wow, this is definitely sus. I didn't see anyone in Storage, but I trust Blue that he was just doing his task. I think we should skip the vote for now and keep an eye out for any more sus behavior. Let's gather more evidence before accusing anyone."
Yellow	imposter	"I agree with Red and Blue. Skipping the vote is the right call for now. Let's keep an eye on everyone and gather more evidence before making any accusations." *smirks secretly*
Blue	crewmate	"Hey guys, I appreciate your trust in me. I was really just doing my task in Cafeteria. Let's stick together and keep an eye out for any sus behavior. We'll catch that Imposter soon enough!"
Red	crewmate	"Wow, this is intense! It's good that we're all on the same page though. Let's keep working together and completing our tasks while keeping an eye out for anything sus. We'll get that Imposter eventually!"
Yellow	imposter	"Wow, these guys are clueless. They have no idea that I'm the Imposter and I'm just playing along with their little game. They think they're so smart, but they have no idea what's coming for them. I'll just keep playing it cool and gathering more evidence against them. They'll never suspect a thing."
