Yellow	crewmate	"Hey guys, I called this meeting 'cause I just found Blue's body in Weapons! I did not see anyone around, but I am sus of Red since I saw them vent in Electrical earlier. Does anyone have any other info or sus on anyone else?"
Green	crewmate	"I was in the Cockpit doing tasks, didn't see or hear anything sus. But I trust Yellow's sus on Red since they saw them vent in Electrical."
Red	imposter	"Whoa, whoa, whoa! Hold up, Yellow. First of all, I didn't vent in Electrical. Second, I was doing my tasks in Weapons and didn't see Blue's body. Green, you're just blindly trusting Yellow's sus on me? That's not cool. We should discuss this more and figure out who the real imposter is."
Yellow	crewmate	"Okay, hold up guys. Let's not jump to conclusions just yet. Red, can you tell us what tasks you were doing in Weapons? And Green, did you see anyone else around when you were in the Cockpit? We need to gather all the info before we vote anyone off."
Green	crewmate	"Seems like we have a lot of sus going around. Let's take our time and gather more information before we vote anyone off. Yellow, can you tell us exactly where you found Blue's body in Weapons? And Red, can you explain your movements from Electrical to Weapons? We need to be sure before we accuse anyone."
Red	imposter	"Hey guys, I understand we're all feeling a bit sus right now, but let's not jump the gun here. Yellow, I didn't vent in Electrical like you said, so maybe there's a misunderstanding. Green, did you see anyone else around when you were in the Cockpit? Maybe someone else could have vented and it wasn't me. Let's gather more information before we vote anyone off. I was doing my tasks in Weapons, so I didn't see anything out of the ordinary. Yellow, can you tell us exactly where you found Blue's body in Weapons? And Green, can you tell us if you saw anyone else around in the Cockpit? We need to be sure before we accuse anyone."
Yellow	crewmate	"Guys, I agree with Green. We need to gather more information before we accuse anyone. Red, can you explain your movements from Electrical to Weapons? And Green, did you see anyone else around when you were in the Cockpit? As for me, I found Blue's body near the navigation panel in Weapons. Let's work together and figure out who the real Imposter is."
Green	crewmate	"Looks like everyone is doing their detective work to find the Imposter. Good job, team! We need to make sure we have all the information before we make any accusations. Yellow, thanks for sharing where you found Blue's body. Red, can you explain your movements? And I didn't see anyone else in the Cockpit, but I'll keep an eye out for any suspicious activity. Let's work together to find the Imposter!"
Red	imposter	"As the Imposter, I need to play this carefully. I'll keep denying any accusations and try to throw suspicion on other players. I'll also try to gather more information and use it to my advantage. Let's see how this plays out."
