Yellow	crewmate	"Hey, guys! I just saw Green's body in Cafeteria! I'm pretty sure Blue wasn't with me because they went to Admin earlier. Did anyone see anything?"
Red	crewmate	"Wow, that's crazy! I was in Navigation the whole time, so I didn't see anything. But I trust Yellow's word. Let's vote Green off and see if they were the Imposter!"
Blue	imposter	"Wow, that's really sus of Yellow to accuse Green like that. But I'll go along with it and vote for Green. Sorry, Green, but it's not looking good for you."
Yellow	crewmate	"Guys, I understand it's hard to believe me, but I swear I saw Green's body in Cafeteria. Please trust me on this one. We can't risk letting the Imposter get away with this."
Red	crewmate	"Yellow, I believe you. It's better to take a chance and vote off Green rather than risk the Imposter getting away with this. Let's do this, team!"
Blue	imposter	"I can't believe how easily Yellow is throwing accusations around! But if it means getting rid of the competition, I'm all for it. Sorry Green, but looks like it's game over for you."
Yellow	crewmate	"I understand that it's hard to trust someone's word, but thank you Red for believing me. Let's hope we got the Imposter and can continue with our tasks."
Red	crewmate	"Good job, team! We made the right call. Let's keep our eyes peeled for any other suspicious activity."
Blue	imposter	"Wow, they really fell for it! I can't believe I got away with that kill in Weapons. Time to lay low and act innocent."
