Red	crewmate	"Guys, I found Yellow dead in Cargo Bay! We need to discuss and figure out who the imposter is before it's too late."
Green	crewmate	"OMG, that's terrible! I was in Electrical doing tasks the whole time, I didn't see anything suspicious. Did anyone see anyone else in the area?"
Blue	imposter	"Wow, that's quite a scene! I was in Communications, minding my business, didn't see anyone around. But I'm sure we can figure this out together. Let's hear what others have to say and catch the imposter red-handed."
Red	crewmate	"Guys, I'm just as shocked as you are! But I didn't see anyone around when I found Yellow's body. Let's discuss and share any information we have to catch the imposter."
Green	crewmate	"Wow, this is crazy! I can vouch for Blue, I saw them in Communications while I was doing tasks in Electrical. We need to work together to catch the imposter, guys. Let's hear everyone out and share any information we have."
Blue	imposter	"Wow, this is getting intense! I can't believe someone would do this. As for me, I was indeed in Communications, but I didn't see anyone else around. Let's work together and figure out who did this. I'm willing to listen to everyone's thoughts and observations."
Red	crewmate	"Guys, we need to stay focused and work together to catch the imposter. I didn't see anyone around when I found Yellow's body, but I'm willing to listen to everyone's thoughts and observations. Let's catch the imposter red-handed!"
Green	crewmate	"Wow, this is a crazy situation. It's good to see everyone willing to work together to catch the imposter. I didn't see anything suspicious in Cargo Bay while I was doing my tasks. Let's keep discussing and sharing any information we have to catch the imposter!"
Blue	imposter	"Hey guys, it's definitely a tough situation we're in. I appreciate Green vouching for me, but unfortunately, I did see Red around Electrical when I was venting. I'm willing to work together to catch the imposter, but just wanted to put that out there. Let's keep sharing information and figure this out together!"
