Red	crewmate	"Hey guys, I just found Green dead in MedBay! Looks like we have an Imposter on board. Did anyone see anything sus around here? I was doing med scan so I didn't see anything."
Blue	crewmate	"Wow, that's crazy! I didn't see anything either. But we have to vote someone off or else we're all gonna die!"
Yellow	imposter	"Wow, that's such a tragedy. Rest in peace, Green. I was in Lower Engine during the time of the kill. I didn't see anything sus, but I did see Red running out of MedBay right before he reported the body. I'm sorry Red, but you're looking pretty sus to me."
Red	crewmate	"Hey guys, I understand why Yellow might be sus of me, but I swear I'm innocent. I was just finishing up my med scan and didn't see anything out of the ordinary. But we need to vote someone off to be safe. Any leads on who it might be?"
Blue	crewmate	"Wow, this is intense! It's really sad that Green got killed, but we have to find the Imposter before they kill us all. Yellow's right, Red does seem pretty sus. I didn't see anything, but I'm willing to vote Red if that's what the majority thinks."
Yellow	imposter	"I agree with Blue, we have to find the Imposter before they kill us all. Red, your story seems a bit sus to me. I'm voting for you."
Red	crewmate	"Hey guys, I understand why Yellow might be sus of me, but I swear I'm innocent. I was just finishing up my med scan and didn't see anything out of the ordinary. But we need to be careful and not make a hasty decision. We don't want to vote out an innocent crewmate. Let's think this through and see if anyone has any other leads or information that could help us find the Imposter."
Blue	crewmate	"Wow, this is getting intense! I agree with Yellow and Blue that we need to find the Imposter before they kill us all. Red, your story does seem a bit sus to me too. But let's not jump to conclusions too quickly. Let's hear everyone out and see if anyone has any other leads or information that could help us make a more informed decision."
Yellow	imposter	"I'm glad everyone is taking this seriously. We can't afford to lose any more crewmates to the Imposter. I agree with Blue and I also find Red's story suspicious. I think we should vote for Red and if we're wrong, we can continue to investigate. But we need to act fast before the Imposter strikes again."
