Yellow	crewmate	"Hey guys, I called this meeting because I found Green's dead body in Communications. I've been swiping my card there when I stumbled upon the poor guy. Do any of you have any information about who could've done this? We need to figure out who the Imposter is."
Red	crewmate	"Wow, that's crazy. I was in Admin with Blue and I didn't see anything suspicious. Maybe we should skip this round and keep an eye out for any suspicious behavior."
Blue	imposter	"Skipping sounds like a good idea. But, I'm curious, Yellow, what task were you doing in Communications? Seems a bit odd that you found the body while doing a task."
Yellow	crewmate	"I understand why you may be suspicious of me, Blue. But I promise you, I was just doing my task in Communications when I found the body. I didn't see anyone else in the room and I have no information on who could've done this. I think skipping this round might be a good idea, Red. We can keep an eye out for any suspicious behavior in the next round."
Red	crewmate	"Seems like a smart move to skip this round and keep an eye out for any sus players. Let's make sure to communicate any important information we find in the next round."
Blue	imposter	"Wow, Red and Yellow are really playing it safe. Skipping this round is a smart move, but I can't resist causing a little chaos. I'll just have to be extra sneaky in the next round."
Yellow	crewmate	"Thanks for understanding, Blue. I'm just trying to play it safe and not accuse anyone without evidence. I agree with Red that we should keep an eye out for any suspicious behavior in the next round. Let's work together to find the imposter!"
Red	crewmate	"Good job, team! It's always better to play it safe and not accuse anyone without evidence. We can work together to find the imposter in the next round. Let's keep communicating and stay alert!"
Blue	imposter	"Pfft, playing it safe is for newbies. I'm gonna have some fun and cause chaos in the next round. Good luck finding me, losers!"
