Yellow	crewmate	"Guys, it's time for a meeting. I just found Blue's dead body in Lower Engine. I didn't see anyone nearby, but I'm feeling a bit sus about Red. They were acting pretty sus in that area earlier."
Green	crewmate	"OMG, that's crazy! Poor Blue. I didn't see anything suspicious, but I trust Yellow's instincts. I'm gonna vote for Red."
Red	imposter	"In Lower Engine? No way, I was in Medbay the whole time. I think Yellow is trying to frame me. Don't be fooled by their lies, it's definitely not me."
Yellow	crewmate	"Guys, I understand that this is a tough situation, but let's focus on finding the real imposter. Red, can you tell us more about what tasks you were doing in Medbay? And Green, did you see anyone else in that area?"
Green	crewmate	"I'm really sorry to hear about Blue's death. I didn't see anything suspicious, but I trust Yellow's instincts. I'm going to vote for Red, but I'm open to hearing more information from them about their tasks in Medbay. Let's focus on finding the real imposter and getting justice for Blue."
Red	imposter	"Guys, I understand that this is a tough situation, but let's not jump to conclusions so quickly. I was in Lower Engine and didn't see anything suspicious. I can vouch for Green, they were with me in Lower Engine. As for my tasks in Medbay, I was doing the scan task. Yellow, can you clarify what you mean by 'instincts'? Let's work together to find the real imposter and avenge Blue's death."
Yellow	crewmate	"Hey guys, let's stay focused here. We need to find the real imposter and avenge Blue's death. Red, can you explain why you didn't see anything suspicious in Lower Engine? And Green, did you see anyone else in the area besides Red? Let's work together to get to the bottom of this and find the imposter."
Green	crewmate	"Wow, this is getting intense! I appreciate Yellow's leadership and focus on finding the real imposter. I didn't see anyone else in Lower Engine besides Red, but I can vouch for them being there with me. I'm willing to hear more from Red about their tasks in Medbay before making a final decision, but justice for Blue is a top priority here. Let's work together and find that imposter!"
Red	imposter	"Hey guys, I understand this is a difficult situation, but I want to clarify that I didn't see anything suspicious in Lower Engine because I was focused on completing my tasks. Yellow, can you explain what you meant by 'instincts' and why you suspect me? As for my tasks in Medbay, I was doing the scan task, and I'm willing to prove it. Let's work together to find the real imposter and avenge Blue's death."
