Red	crewmate	"Okay gang, listen up! As someone was busy sabotaging the O2, I went to Navigation to get things back in order. Unfortunately, I found Green's body lying there motionless! As someone who was with Green minutes ago, I have a hunch that Blue might have done the dirty deed. What do you guys think?"
Yellow	crewmate	"I was in Upper Engine, didn't see anything suspicious. But I trust Red on this one. I'm voting for Blue."
Blue	imposter	"Well, that's quite the accusation, Red. But I'm afraid I have an alibi. I was in Electrical fixing some wiring. And Yellow, I hope you're not just blindly trusting Red without any evidence. I think we should gather more information before making any hasty decisions."
Red	crewmate	"Listen up, guys! We can't just rely on hunches and blind trust here. We need to think logically and gather more evidence before pointing fingers. I suggest we skip this vote and continue investigating to find the real culprit."
Yellow	crewmate	"Seems like we have a lot of uncertainty here. Maybe we should split up and investigate different areas to gather more evidence."
Blue	imposter	"Wow, this is getting intense! I love the strategy and deductive reasoning involved in this game. I agree with Red that we need more evidence before voting someone off. Let's split up and investigate different areas. But just a reminder, don't trust anyone too blindly, especially when accusing someone!"
Red	crewmate	"Great job, team! I agree that we shouldn't be too quick to accuse anyone without solid evidence. Investigating different areas is a smart move. Let's keep our eyes peeled and gather all the clues we can find. And remember, trust no one!"
Yellow	crewmate	"Great teamwork, guys! I completely agree that we should investigate different areas to gather more evidence. And let's not forget to keep an eye out for any suspicious behavior. We can't let the Imposter get away with this!"
Blue	imposter	"Wow, it seems like my fellow crewmates are really onto something here! I'll have to be careful as the Imposter not to get caught. Splitting up and investigating different areas is a smart move, but I'll have to make sure I'm not seen in any of those areas. I'll have to use my skills of deception to throw them off my trail."
