Green	crewmate	"Hey guys, I had to call an emergency meeting because I found Red's lifeless body in Shields. I didn't see anyone around, but I am sus of Blue because they were the last one in that area before I got there. Can anyone vouch for Blue's whereabouts during this time?"
Yellow	crewmate	"Okay, I was in the Cockpit doing my tasks, so I can't vouch for Blue's whereabouts. But I didn't see anyone acting sus around me."
Blue	imposter	"I don't know what you're talking about, Green. I was in Electrical fixing the wiring. I didn't see anyone around, so I can't vouch for anyone's whereabouts. But I'm definitely not the Imposter. You gotta believe me, guys."
Green	crewmate	"Okay, I hear you all out. But I am still sus of Blue. I am going to skip voting for now, but let's keep an eye on Blue and see if anything else comes up."
Yellow	crewmate	"Okay guys, I understand why Green is sus of Blue, but we shouldn't jump to conclusions yet. Let's try to gather more information and see if anyone else saw anything suspicious. We still have a lot of tasks to finish, so let's split up and work on them. But be careful and keep an eye out for any suspicious behavior."
Blue	imposter	"Guys, come on. I was in Electrical the whole time. I didn't see anyone around, but I definitely wasn't acting sus. I think it's too early to be sus of me. But, okay, let's split up and keep an eye out for any sus behavior. We'll catch the Imposter soon enough."
Green	crewmate	"Guys, I know it's tough, but we have to be careful. The Imposter could be anyone, and we don't want to accuse someone without enough evidence. Let's keep working on our tasks and keep an eye out for anything suspicious. We'll catch the Imposter soon enough."
Yellow	crewmate	"Good job guys, we're on the right track. Let's keep our eyes peeled and finish those tasks. We'll catch the Imposter in no time!"
Blue	imposter	"Wow, this conversation is getting intense! I'm definitely not the Imposter, but I understand why Green might be sus of me. I'll keep an eye out for any sus behavior, but let's not jump to conclusions just yet. We'll catch the Imposter soon enough, guys!"
