Green	crewmate	"Okay, guys, listen up! I have called for a meeting because I just discovered that Yellow is dead! I was in MedBay and noticed that Yellow was not moving at all. I didn't see anyone around, but I think we should all be very suspicious of Blue since they were the last one I saw with Yellow. I'm not accusing anyone just yet, but I think we should all discuss this together and figure out who is the Imposter."
Red	crewmate	"Wow, that's crazy! I was just in Admin doing some tasks and didn't see anything suspicious. But I agree, we should all be very cautious of Blue. They were in Electrical when I left there, so they could have easily made their way to MedBay. Let's all work together and figure this out."
Blue	imposter	"I'm sorry to hear about Yellow's demise. I was actually doing some tasks in MedBay and didn't notice anything out of the ordinary. But I agree, we should all work together to figure out who the Imposter is. However, just because I was the last one with Yellow doesn't necessarily mean I'm guilty. Let's all keep an open mind and gather more information before accusing anyone."
Green	crewmate	"Guys, let's not jump to conclusions just yet. Blue may not be the Imposter after all. We should all share our whereabouts during the time of the murder and gather more information before making any accusations. Let's work together and figure this out!"
Red	crewmate	"I completely agree with Green. It's important that we don't accuse anyone without solid evidence. We should all share our whereabouts during the time of the murder and look for any suspicious behavior. Let's work together as a team to figure out who the Imposter is."
Blue	imposter	"Wow, it seems like everyone is on high alert. I agree with Green and Red that we should share our whereabouts and gather more information before accusing anyone. But I must say, I didn't see anything suspicious while I was in MedBay. Let's keep an eye out and work together to catch the Imposter!"
Green	crewmate	"Great job, team! It's important that we work together and gather as much information as possible before accusing anyone. Let's keep an eye out for any suspicious behavior and share our whereabouts during the time of the murder. We'll catch that Imposter in no time!"
Red	crewmate	"Well done, team! It's important that we stay calm and work together to catch the Imposter. Sharing our whereabouts and looking for suspicious behavior is the way to go. Let's keep up the good work!"
Blue	imposter	"We're doing a great job, team! Let's keep up the good work and catch that sneaky Imposter. Remember to keep an eye out for any suspicious behavior and share your whereabouts during the time of the murder. I'm ready to work together and figure this out!"
