Red	crewmate	"Hey guys, I just wanted to call this meeting to report that I found Yellow's dead body in Electrical. I didn't see anyone around, but I'm sure the Imposter is still out there among us." #sus
Green	crewmate	"I was in Communications the whole time, so I didn't see anything. But I trust Red's report, and we should definitely vote someone out to be safe. I'm thinking it might be Blue, they've been acting pretty sus this round." #voteblue
Blue	imposter	"Whoa, whoa, whoa! Hold up. First of all, RIP Yellow. But I was in the Cafeteria the whole time, I didn't even go near Electrical. And I've been doing my tasks like a good crewmate. I think Green is just trying to throw suspicion on me. #notimposter #voteGreen."
Red	crewmate	"Sorry to hear about Yellow, guys. I can confirm that I was in Medbay the whole time, so I didn't see anything in Electrical. But I trust Red's report as well. I don't want to jump to conclusions, but maybe we should keep an eye on Blue and Green for now. #suspicious #tasksstillneedtodo"
Green	crewmate	"As much as I sympathize with Yellow, we need to focus on finding the Imposter. I trust Red's report and I agree that we should vote someone out. However, I don't think it's Blue. I was with them in the Cafeteria earlier and they seemed to be doing their tasks. I'm not sure who it could be, but we have to be careful not to vote out an innocent crewmate. #stayvigilant #findtheimposter"
Blue	imposter	"Guys, I understand the urgency to find the Imposter, but we need to be careful not to accuse innocent crewmates without any evidence. Green, you're quick to throw suspicion on me without any concrete proof. I'm not the Imposter, and I've been doing my tasks diligently. Red, I appreciate your confirmation, but let's not jump to conclusions just yet. Let's keep an eye on everyone, including Green. We don't want to vote out an innocent crewmate and lose the game. #staycautious #findtheimposter"
Red	crewmate	"Wow, this is a tough one. It's difficult to know who to trust, but I'm leaning towards Green being the Imposter. They seem to be deflecting suspicion onto others without providing any solid alibis. However, I agree with Blue that we shouldn't jump to conclusions without any concrete evidence. Let's keep a close eye on everyone and try to complete our tasks as quickly as possible. #stayalert #findtheimposter"
Green	crewmate	"Hey guys, I hear all of your concerns and it's important to keep an eye on everyone, but let's not forget that we still have tasks to complete. We can't let the Imposter win by neglecting our duties. As for the accusations, I understand the suspicion towards me, but I swear I'm innocent. Let's work together and find the Imposter through evidence and deduction, not baseless accusations. #teamwork #completeourtasks #findtheimposter"
Blue	imposter	"I appreciate everyone's input, but let's not forget that as the Imposter, I'm still in the game. While it's important to complete tasks, we also need to be vigilant in identifying the real threat. Green, I understand your defense, but it's not enough to convince me. I'm voting for you this round. Let's see if we can make progress towards finding the Imposter. #stayfocused #findtheimposter"
