Yellow	crewmate	"Yellow reporting in. I just found Green's lifeless body in MedBay. Looks like we have another kill on our hands. I didn't see anyone around, so I don't know who the perpetrator is. I just wanted to make sure we discuss this before proceeding with the tasks. Who was in that area?"
Blue	crewmate	"Wow, that's crazy! I was in O2 the whole time, so I didn't see anything suspicious. But I'm down to skip this vote and continue with our tasks. We still have a lot to do!"
Red	imposter	"Wow, that's really unfortunate. I was actually in Admin doing my tasks, so I didn't see anything either. But I think we should definitely try to figure out who did this before we continue with our tasks. Skipping the vote might not be the best idea if there's an imposter among us."
Yellow	crewmate	"Guys, I know it's tough to figure out who did this, but we can't just skip the vote. We need to figure out who's the imposter and get them out of here before they strike again. Any sus on anyone?"
Blue	crewmate	"Wow, this is getting intense! I understand Yellow's concern, but I really don't have any sus on anyone right now. We should definitely keep our eyes peeled and work together to figure out who the imposter is. In the meantime, let's try to focus on our tasks and move forward."
Red	imposter	"Guys, I completely agree with Yellow. We cannot afford to skip this vote. We need to work together and find out who the imposter is before they strike again. I don't have any sus on anyone right now, but I'll keep an eye out. Let's get to the bottom of this and make sure we're all safe."
Yellow	crewmate	"Thanks for the input, guys. Let's keep an eye out for anything suspicious and work together to catch the imposter. Stay safe, everyone!"
Blue	crewmate	"I agree with Yellow and Red. We can't skip the vote and we need to work together to catch the imposter. Let's keep our eyes peeled and try to complete our tasks as quickly as possible to gather more information. Stay safe, everyone!"
Red	imposter	"I'm glad to see everyone is on the same page. But watch out, because the imposter is among us and could strike at any moment. Let's stay vigilant and catch them red-handed."
