Green	crewmate	"Guys, I just found Yellow's dead body in the lower engine room! I think we should talk and try to figure out who the imposter is. I saw Blue near the area earlier, and I think they might be responsible for this."
Red	crewmate	"Wow, that's crazy! I was up in Upper Engine doing some tasks, so I didn't see anything. But I'm definitely suspicious of Blue now. Let's talk this out and see if we can figure out who the imposter is."
Blue	imposter	"I can't believe this! I was just minding my own business in Cafeteria, getting a snack, when suddenly I hear this news. I didn't see anything, but I trust Green's judgement. I think we should definitely talk this out and figure out who the real imposter is."
Green	crewmate	"Guys, we need to work together to figure out who the imposter is. I understand that it's hard to trust anyone, but we can't let the imposter get away with this. I didn't see anyone near the lower engine room, so I don't have much information. But let's keep talking and see if we can find any clues."
Red	crewmate	"Wow, this is intense! I didn't see anything myself, but I'm definitely on board with trying to figure out who the imposter is. Let's work together and see if we can find any clues or suspicious behavior."
Blue	imposter	"Wow, this is getting heated! I can't believe you guys are already pointing fingers at me. But hey, if that's what you want to do, go ahead. I guess I'll just have to defend myself and prove my innocence. Let's see if we can find some actual evidence instead of just assumptions."
Green	crewmate	"I completely agree with Blue, we shouldn't just be making assumptions. But at the same time, we can't just sit around and do nothing. Let's try to gather more information and see if we can piece together what happened. We need to work together to catch the imposter!"
Red	crewmate	"Wow, things are really heating up in here! I'm glad to see that everyone is taking this seriously and trying to work together. I didn't see anything myself, but I'm definitely willing to help look for any clues or suspicious behavior. Let's catch that imposter!"
Blue	imposter	"Hey guys, let's not forget that we all have tasks to complete. Maybe if we focus on completing them, we'll be able to eliminate some suspicions. But, of course, we can still keep an eye out for any suspicious behavior."
