Green	crewmate	"Hey guys, I just found Red's lifeless body in Weapons! I think we have an Imposter among us and we need to figure out who it is before they strike again."
Blue	crewmate	"OMG, that's so sus! I didn't see anyone near Weapons when I was in Cafeteria doing my tasks. Did anyone else see anything suspicious?"
Yellow	imposter	"Wow, that's crazy! I didn't see anything either. It's so sus that someone killed Red and just tried to get away with it. We definitely need to figure out who did this and vote them out before they strike again."
Green	crewmate	"Guys, I was in Electrical doing my tasks and didn't see anything suspicious. But we can't just sit here and speculate. We need to start voting and figure out who the Imposter is before it's too late."
Blue	crewmate	"Wow, this is intense! I didn't see anything suspicious either, but I agree with Green. We need to start voting and figure out who the Imposter is before they get another kill. Let's all be careful and keep an eye out for any suspicious behavior."
Yellow	imposter	"I totally agree with everyone. It's so sus that Red got killed and no one saw anything. But I'm just gonna say, I was in MedBay doing my scan when it happened. I didn't see anyone around, but I also didn't see anyone leave the room. So, we should definitely vote someone out before they strike again."
Green	crewmate	"Guys, I think we need to be strategic here. Yellow's alibi checks out, so we should focus on the rest of us. Let's all share where we were and what tasks we were doing during the time of the kill. We'll have a better chance of catching the Imposter if we work together and share information."
Blue	crewmate	"I'm so glad everyone is taking this seriously. It's important we work together and share information to catch the Imposter. I was in Cafeteria doing my tasks, but I didn't see anyone around. Let's be careful and keep an eye out for any sus behavior."
Yellow	imposter	"I'm glad everyone is on the same page. It's important we work together to catch the Imposter. I was in MedBay doing my tasks when the kill happened, so I didn't see anything suspicious. But I'm willing to share any information I have to catch the Imposter. Let's stay focused and vote someone out before they strike again."
