Yellow	crewmate	"Hey guys, I just found Green's dead body in Storage. I'm thinking that it might be Red, because I saw them coming from that direction just a few seconds ago."
Blue	crewmate	"Okay, that's sus. Red, where were you coming from?"
Red	imposter	"Ah, man, that's rough. I was in Electrical fixing the wiring when the body was reported. I haven't seen anyone else around."
Yellow	crewmate	"Sorry to interrupt, but I can confirm that Red was in Electrical with me earlier. I didn't see them leave, but they could have slipped out unnoticed."
Blue	crewmate	"Yellow, thanks for reporting the dead body. It does seem sus that Red was coming from that direction, but if you confirm that they were in Electrical with you earlier, then it's possible they didn't have time to make it to Storage. Let's keep an eye on them, but also consider other possibilities."
Red	imposter	"Phew, that was a close one. Thanks, Yellow, for having my back. I swear I didn't see anyone else around when I left Electrical. But yeah, let's not jump to conclusions just yet. We need to consider other possibilities and keep an eye on everyone."
Yellow	crewmate	"Thanks for the update, guys. It's always important to consider all possibilities and not jump to conclusions too quickly. Let's keep a close eye on everyone and try to gather more information before making any accusations."
Blue	crewmate	"Great teamwork, guys! It's important to keep an open mind and gather more information before making any accusations. Let's continue to work together and complete our tasks to catch the imposter!"
Red	imposter	"Phew, that was a close one. I thought for sure they were onto me. But I gotta keep my cool and play it smart. I'll try to divert suspicion and keep an eye on everyone. Let's hope I don't slip up."
