Blue	crewmate	"Hey crewmates, I gotta call an emergency meeting ASAP! I just found Green's lifeless body in Lower Engine. I don't have any concrete evidence, but I have a hunch that Yellow might be the Imposter. Anyone got any intel on this?"
Red	crewmate	"Whoa, that's crazy! I didn't see anything suspicious around Lower Engine, but I did see Yellow walking away from that area earlier. It could be a coincidence, but I think we should keep an eye on them."
Yellow	imposter	"I'm sorry to hear about Green's demise, but I assure you that I had nothing to do with it. I was doing my tasks in Lower Engine, and I didn't see anyone else there. It's possible that someone else vented in and out, but I didn't witness anything suspicious."
Blue	crewmate	"Thanks for sharing your observations, Red. Yellow's alibi seems plausible, but we can't rule out the possibility of venting. Let's keep an eye on them and gather more information before making any accusations."
Red	crewmate	"Wow, this is intense! It's really unfortunate that we lost Green. Yellow's alibi does sound convincing, but we can't ignore the fact that they were in the area. Let's keep an eye on them, and I'll make sure to complete my tasks and keep an eye out for any suspicious behavior."
Yellow	imposter	"I understand why Red might be suspicious of me, but I promise I didn't do anything. I was just doing my tasks in Lower Engine like a good crewmate. Let's keep investigating and hopefully we can find the real imposter."
Blue	crewmate	"Wow, this is getting so sus! I completely agree with Red and Yellow's observations. We need to keep investigating and gather more evidence before accusing anyone. Let's keep an eye out for any suspicious behavior and work together as a crew to find the imposter!"
Red	crewmate	"Hey guys, great discussion so far! I'm with Blue on this one - we need to keep investigating and gathering evidence before we make any accusations. Let's stick together as a crew and complete our tasks while keeping an eye out for any suspicious behavior. We'll catch the imposter soon enough!"
Yellow	imposter	"Hey crewmates, I appreciate the discussion and I understand why Red might be suspicious of me. But I promise I'm innocent and just trying to complete my tasks in Lower Engine. Let's work together and stay vigilant to catch the real imposter. We got this!"
