Blue	crewmate	"Hey, guys! I just found a body in Cafeteria. Red is dead, and I don't know who did it. We need to discuss and figure out who the Imposter is before it's too late. Any sus among us?"
Green	crewmate	"OMG, that's terrible! I was in Cargo Bay doing tasks, didn't see anything sus. But we gotta figure out who did it before they strike again. Any leads, guys?"
Yellow	imposter	"Wow, that's crazy. I was in Storage doing some tasks when that happened. I haven't seen anything sus yet, but I'll keep an eye out. We definitely need to figure out who did this before they strike again. I don't have any leads yet, but I'm willing to listen to what you guys have to say."
Blue	crewmate	"Guys, I was in Cafeteria with Red earlier and I didn't see anyone else around. But I didn't see anyone venting either. So, I'm not sure who it could be. We need to be careful and keep an eye out for any suspicious behavior."
Green	crewmate	"Wow, this is intense. It's really sad that Red is dead. I didn't see anything sus in Cargo Bay, but I'm willing to listen to what you guys have to say. Blue, did you see anyone else in Cafeteria besides Red? We need to be careful and keep an eye out for any suspicious behavior."
Yellow	imposter	"Hey guys, this is so sad. I can't believe Red is dead. I was in Storage doing some tasks when it happened. I didn't see anything sus yet, but I'll keep an eye out. I agree with Green, we definitely need to figure out who did this before they strike again. Blue, did you see anyone else in Cafeteria besides Red? We should be careful and keep an eye out for any suspicious behavior. Let's work together and find the imposter!"
Blue	crewmate	"Wow, this is a tough one. I was in Cafeteria with Red earlier and I didn't see anyone else around. But I didn't see anyone venting either. I think we should all keep an eye out for any suspicious behavior and try to gather more information before we make any accusations. Let's work together and find the imposter!"
Green	crewmate	"Wow, this is really sad. I didn't see anything sus in Cargo Bay, but I'm willing to listen to what you guys have to say. Blue, did you see anyone else in Cafeteria besides Red? We should definitely work together and keep an eye out for any suspicious behavior. Let's catch the imposter!"
Yellow	imposter	"Wow, this is such a tragic situation. I'm sorry to hear about Red. As for me, I was in Storage doing some tasks when it happened. I didn't see anyone else around, but I'll definitely keep an eye out for any suspicious behavior. I agree with Green and Blue that we need to work together and gather more information before making any accusations. Let's catch the imposter and avenge Red!"
