Yellow	crewmate	"Hey everyone, I just called this emergency meeting because I found Green's dead body in Security. I didn't see anyone near the area, but I'm sus of Blue because they were acting sus in Electrical earlier."
Red	crewmate	"Okay, I'm gonna vote for Blue then. I didn't see anything in Navigation, but if Yellow saw Blue acting sus in Electrical, then that's pretty sus. Sorry, Blue."
Blue	imposter	"Whoa, whoa, whoa! Hold up, guys. I was in Medbay the whole time. I didn't even go near Security or Electrical. I think it's sus that Yellow is so quick to accuse me without any real evidence. I'm voting for Yellow, they seem pretty sus to me."
Yellow	crewmate	"Oh man, this is getting intense! I know I reported the body and all, but I don't want to vote someone off without being sure. Blue's alibi seems pretty solid, but then again, I did see them acting a bit sus earlier. I'm gonna skip this vote for now and keep an eye on both of them."
Red	crewmate	"Wow, this game is getting intense! It seems like everyone has their suspicions, but no one has concrete evidence. I think it's a good call for Yellow to skip the vote for now and keep an eye on Blue and Yellow. Let's see what happens next round."
Blue	imposter	"I can't believe you guys are still sus of me. I was in Medbay the whole time, I swear. But hey, if you wanna vote me off, go ahead. Just know that you're voting off an innocent crewmate and letting the real imposter win."
Yellow	crewmate	"Wow, this is getting intense! I'm not sure who to trust right now. Blue's alibi seems solid, but Yellow's suspicion of them seems valid too. I agree with Red that it's best to keep an eye on both of them for now and see what happens next round. Let's work together to catch the real imposter!"
Red	crewmate	"Man, this is getting crazy! I'm glad Yellow reported the body, but it's so hard to tell who the imposter is. Blue's alibi seems pretty solid, but I get why Yellow is suspicious. I think it's a smart move to skip the vote for now and keep an eye on both of them. Let's stick together and catch that imposter!"
Blue	imposter	"Guys, it's not me. I was in Medbay doing my tasks. But I understand why you're suspicious of me. Let's skip the vote for now and keep an eye on both Yellow and me. We need to catch the real imposter and save the ship!"
