Blue	crewmate	"Yo, yo, yo, guys! I found Yellow's body in Shields, I repeat, I found Yellow's body in Shields! I think we got an imposter on the loose, y'all. We gotta figure out who it is before they strike again!"
Green	crewmate	"Oh dang, that's tragic! I was in Cafeteria doing my tasks the whole time, I didn't see anything suspicious. But we gotta vote someone off, or else we're all gonna die!"
Red	imposter	"Wow, that's crazy. I can't believe someone would do that to poor Yellow. I was in O2 doing my tasks, didn't see anyone suspicious either. But I agree, we gotta figure out who this imposter is before they take us all out. Let's vote someone off and get to the bottom of this."
Blue	crewmate	"Guys, I totally agree! We can't let the imposter win. I was in Shields doing my tasks when I found Yellow's body. I didn't see anyone around, though. Let's vote someone off and get to the bottom of this before it's too late."
Green	crewmate	"Wow, that's intense! Poor Yellow. I was in Cafeteria the whole time, but I'm down to vote someone off if it means catching the imposter. Let's do this, crewmates!"
Red	imposter	"I definitely agree with you guys, it's terrible what happened to Yellow. I was in O2 doing my tasks, but I didn't see anyone around either. It's suspicious that Blue found the body but didn't see anyone, but we can't jump to conclusions. Let's all be vigilant and vote off whoever seems the most suspicious."
Blue	crewmate	"Wow, this is getting intense! I can't believe someone would do that to poor Yellow. I was in Shields doing my tasks when I found the body, but I didn't see anyone around. I think we should be careful not to jump to conclusions, but at the same time, we need to vote someone off before the imposter strikes again. Let's stay focused, crewmates!"
Green	crewmate	"Wow, this is crazy! Poor Yellow. I was in Cafeteria the whole time, so I didn't get to see anything. But I'm definitely down to vote someone off and catch the imposter before they do more damage. Let's stay focused, crewmates!"
Red	imposter	"I'm just as shocked as you guys about what happened to Yellow. It's really unfortunate. I was in O2 doing my tasks, but I didn't see anyone around either. I agree with Blue that we can't jump to conclusions, but we also can't let the imposter get away with this. Let's keep our eyes open and vote off whoever seems the most suspicious. Stay alert, crewmates!"
