Green	crewmate	"Bruh, I found Red's dead body in the Upper Engine room. I didn't see anyone around but I was passing through and hopped in to check for any sus activity. I did, however, spot Yellow lurking suspiciously around the Admin room earlier so we definitely need to keep an eye on them. I'm just saying, it's getting pretty sus."
Blue	crewmate	"Okay, let's keep an eye on Yellow then. But we shouldn't jump to conclusions just yet. We need to gather more evidence before we vote anyone off."
Yellow	imposter	"I was just minding my own business in the Upper Engine room doing my tasks. I didn't see anyone around. And as for the Admin room, I was just checking the map. I'm not sus guys, I promise."
Green	crewmate	"Okay guys, let's be careful and keep an eye on Yellow. We don't want to wrongly accuse anyone. But we also need to gather more evidence before we vote someone off."
Blue	crewmate	"Okay, let's keep an eye on Yellow like Green suggested. But we also need to keep an open mind and gather more evidence. We don't want to vote off an innocent crewmate."
Yellow	imposter	"I totally understand why you're all sus of me, but I swear I was just doing my tasks in Upper Engine. I'm willing to help gather evidence to find the real imposter. Let's not vote anyone off without being sure."
Green	crewmate	"Hey guys, I appreciate Yellow's willingness to help gather evidence, but let's not forget to keep an eye on everyone else too. We don't want to miss any important details. Let's work together to find the imposter and keep our crew safe."
Blue	crewmate	"Thanks for the update, everyone. I agree with Green and Yellow. We need to be careful and gather more evidence before we vote anyone off. Let's work together as a team to find the imposter and keep our crew safe."
Yellow	imposter	"Hey guys, I appreciate your trust in me. I was just doing my tasks in Upper Engine, but I'm willing to help gather evidence to find the real imposter. Let's work together to catch them and save our crew!"
