Blue	crewmate	"Hey guys, I just called this meeting because I found Green dead in Storage. I'm not sure who the imposter is, but we need to figure this out before they strike again. Anyone have any suspicions or clues they want to share?"
Yellow	crewmate	"OMG, that's crazy! I was in Upper Engine doing my tasks. I didn't see anyone suspicious around there. But we need to figure out who it is before they get any more of us!"
Red	imposter	"Wow, that's really unfortunate. I didn't see anyone around Storage, but I did see Green heading in there earlier. It's important we figure out who did this before they strike again. Let's keep sharing information and stay vigilant."
Blue	crewmate	"Guys, this is serious. We need to start voting and figure out who the imposter is before they take out another one of us. Red, did you see anyone else near Storage besides Green? Yellow, what tasks were you doing in Upper Engine? We need to gather as much information as possible to catch this imposter."
Yellow	crewmate	"OMG, this is so intense! I didn't see anyone around Upper Engine when I was doing my tasks. But I agree with Red, we need to keep sharing information and stay vigilant. Let's gather some clues and vote out the imposter before they strike again!"
Red	imposter	"Wow, this is getting intense! I didn't see anyone in Storage either, but Green heading in there earlier definitely seems suspicious. Let's gather more information and vote out the imposter before they take out any more of us. Don't worry, we got this!"
Blue	crewmate	"Guys, we need to stay focused and keep our eyes peeled for any suspicious behavior. Let's keep sharing information and gathering clues to catch this imposter. We can do this!"
Yellow	crewmate	"I completely agree with everyone. We need to work together and keep gathering information to catch the imposter. Let's stay focused and keep an eye out for any suspicious behavior. We got this!"
Red	imposter	"I'm glad to see that everyone is on the same page. But you know what they say, keep your friends close and your enemies closer. So let's keep an extra eye on each other, shall we?"
