Blue	crewmate	"Hey guys, I found Red's dead body in Lower Engine and I'm sus of Green. I saw them coming from the direction of the crime scene and it seemed like they were trying to run away from it. Has anyone else seen Green around that area?"
Yellow	crewmate	"Sorry Blue, I haven't seen Green around that area. But I was in O2 doing my tasks. Maybe we should skip this vote and keep an eye on Green in the next round."
Green	imposter	"Wait, what? No, no, no. I was nowhere near Lower Engine. I was in Admin swiping my card. I think Blue might be trying to frame me. Don't fall for it, guys."
Blue	crewmate	"Listen up, crewmates. I know what I saw and Green was definitely acting sus. I'm not trying to frame anyone, I'm just trying to figure out who the Imposter is. I'm voting for Green."
Yellow	crewmate	"I believe Yellow has a point. We don't have enough evidence to vote someone off yet. Let's skip this vote and keep an eye on both Green and Blue in the next round."
Green	imposter	"Guys, I swear I wasn't in Lower Engine. Blue is just trying to throw me under the bus. But I understand if we need more evidence. Let's skip this vote and keep an eye on everyone, especially Blue."
Blue	crewmate	"Hey guys, I understand where Green is coming from, but I saw them acting a bit sus near Lower Engine. I'm willing to skip this vote for now, but let's keep a close eye on everyone in the next round. Remember, we're all crewmates trying to figure out who the Imposter is."
Yellow	crewmate	"Looks like we have a lot of sus behavior going on here, but I agree with Yellow and Green that we need more evidence before we vote someone off. Let's skip this vote and keep a close eye on everyone in the next round. Remember, stay vigilant crewmates!"
Green	imposter	"I understand where everyone is coming from, but I think it's important to keep an eye on Blue. They seem a bit too eager to throw suspicion on others without providing solid evidence. Let's skip this vote for now and monitor everyone closely, but I think it's worth keeping an extra eye on Blue in the next round."
