Blue	crewmate	"Hey guys, I just called this meeting because I found Green dead in Cargo Bay. I didn't see anyone around, but I have a sneaking suspicion that Red might be the Imposter. I saw them venting earlier and when I walked past Electrical, I could hear them humming a suspicious tune. What do you guys think?"
Yellow	crewmate	"Okay, so we have to be careful here. We don't want to vote someone off without being sure. Red, did you see anything suspicious around Cargo Bay or Electrical? And Blue, did you see anyone else around the area?"
Red	imposter	"Guys, I was doing my task in Electrical and didn't see anyone around. Blue, are you sure you saw me venting? I think you might be mistaken. And Yellow, I agree that we shouldn't vote someone off without being sure. We need to gather more information before we make any accusations."
Blue	crewmate	"Okay, so here's what I saw. I was in Cargo Bay doing my task, and I found Green's lifeless body. I didn't see anyone else around, but I have a hunch that Red might be the Imposter. I saw them venting earlier, and when I passed Electrical, I heard them humming a suspicious tune. Red, did you see anything unusual around Cargo Bay or Electrical? And Yellow, did you see anyone else around the area? I think we should gather more information before we make any accusations, but we need to act fast before the Imposter strikes again."
Yellow	crewmate	"Okay, guys, let's calm down and think this through. Blue, did you see anyone else around the Cargo Bay or Electrical? Red, can you confirm that you were doing your task in Electrical and didn't see anyone else around? We can't jump to conclusions here, we need to gather more information and figure out who the real Imposter is. Let's keep an eye out for any suspicious behavior and report back to each other."
Red	imposter	"I think everyone is being a little too quick to accuse me. Yes, I was in Electrical, but I didn't see anyone else. And Blue, I never vented. I think you might be mistaken. Let's focus on finding more information and not jump to conclusions. We need to work together to figure out who the real Imposter is before it's too late."
Blue	crewmate	"Guys, this is getting intense. I agree with Yellow that we need to gather more information before we make any accusations. Red, can you explain why Blue saw you venting earlier? And Yellow, did you see anyone else around the Cargo Bay or Electrical? Let's work together to figure out who the real Imposter is and save the ship!"
Yellow	crewmate	"Okay guys, let's focus on gathering more information. Blue, can you clarify where exactly you saw Red venting? And Red, can you explain why you were humming a suspicious tune in Electrical? Let's keep an eye out for any other suspicious behavior and work together to figure out who the real Imposter is. We can do this!"
Red	imposter	"Hey guys, I understand we're all feeling the pressure here, but let's not accuse each other just yet. Yellow, I appreciate your level-headedness in this situation. Blue, are you sure you saw me venting? Because I definitely didn't. And as for humming, well, that's just my way of staying focused. Let's all work together to gather more information and figure out who the real Imposter is. We've got this!"
