Yellow	crewmate	"Alright crewmates, I have called this emergency meeting because I found Green's dead body in the Cockpit! We gotta act fast and figure out who the imposter is before they strike again. Does anyone have any sus on who it could be?"
Red	crewmate	"Okay, okay, let's not panic. I was in Storage with Blue and they seemed pretty chill. But, I didn't see anyone else around. Maybe we should skip for now and try to gather more information?"
Blue	imposter	"Skip? No way! I saw Yellow venting from the Cafeteria earlier. They're definitely the imposter! We can't risk letting them get away with this."
Yellow	crewmate	"Wait, what? I didn't vent! Blue, you're just trying to frame me! Red, I understand your point, but we can't skip. We need to find the imposter now before they kill again. Does anyone have any evidence or suspicions about who it could be?"
Red	crewmate	"Alright, let's all take a deep breath and think this through. We don't want to accuse anyone without solid evidence. Yellow, did you see anyone else in the Cockpit with Green before you found the body? And Blue, can you explain why you think Yellow was venting? Let's gather more information before we make any accusations."
Blue	imposter	"I don't know what Red is talking about. I was never in Storage with them. And Yellow, I saw you venting with my own eyes. I'm voting for you."
Yellow	crewmate	"Guys, I swear I didn't vent. Blue is just trying to throw me under the bus. But, Red is right. We shouldn't accuse anyone without solid evidence. Let's gather more information before making any decisions."
Red	crewmate	"Hey guys, let's take a step back and calm down. Accusing each other without evidence won't help us find the imposter. Yellow, did anyone else see you in the Cockpit with Green? Blue, can you explain in detail why you think Yellow was venting? Let's gather all the information we can before we make any hasty decisions."
Blue	imposter	"I can't believe they're all ganging up on me. But I have to stay cool and stick to my story. I never vented and I need to convince them of that. Maybe I can turn the tables on Yellow and make them look suspicious instead."
