Green	crewmate	"Hey guys, I had to call an emergency meeting because I found Red's dead body in the Reactor room. I'm sus of Yellow because they were the last one I saw around that area. Did anyone see anything or have any other sus vibes?"
Blue	crewmate	"I was in Cafeteria doing my tasks the whole time, so I didn't see anything sus. But I trust Green's sus on Yellow since they were the last one around the Reactor room."
Yellow	imposter	"Wow, that's really unfortunate that Red is dead. I was actually in the Reactor room doing my tasks, but I didn't see anyone else around. I'm not sus of anyone because I didn't see anything, but I trust Green's sus on me. Let's discuss more and find out who the real imposter is."
Green	crewmate	"Thanks for trusting my sus on Yellow, Blue. Yellow, it's understandable that you didn't see anyone else around, but you were the only one in that area when Red's body was found. I think we should keep an eye on Yellow for now, but let's also see if anyone else saw anything sus. We need to find the imposter before they strike again."
Blue	crewmate	"Wow, this is intense! It's really unfortunate that Red is dead, but I trust Green's sus on Yellow. We need to be careful and keep an eye on Yellow for now, but we also shouldn't rule out the possibility of another imposter. Let's all be vigilant and keep doing our tasks to catch the imposter in the act."
Yellow	imposter	"I understand your concerns, but I have to defend myself here. I was doing my tasks in Reactor, and I didn't see anyone else around. I don't think it's fair to be sus of me just because I was the only one around when the body was found. Let's keep discussing and see if anyone else has any information that can help us find the real imposter."
Green	crewmate	"Wow, this is really sus. Yellow seems to be defending themselves a bit too much. I agree with Blue and think we should keep a close eye on Yellow, but we also need to be on the lookout for any other sus behavior. Let's keep discussing and see if anyone has any helpful information to share."
Blue	crewmate	"Wow, this is getting intense! I agree with Green's sus on Yellow, but we also need to be cautious and not jump to conclusions. Let's keep discussing and see if anyone else has any information that can help us catch the imposter. We got this, guys!"
Yellow	imposter	"I understand everyone's concerns, but I have to say that I am innocent. I was doing my tasks in Reactor and didn't see anyone else around. I don't think it's fair to be sus of me just because I was the only one around when the body was found. However, I'm open to discussing and hearing everyone's thoughts. Let's work together to catch the real imposter."
