Red	crewmate	"Hey guys, I'm calling this meeting because I found Blue's body in Reactor. I've been running around trying to complete my tasks and stumbled across it. Did anyone see anything suspicious or have any leads?"
Yellow	crewmate	"I was in Electrical doing my tasks. I didn't see anyone suspicious around that area. Did anyone else see anything?"
Green	imposter	"Wow, that's unfortunate. It's really tough to say, but I didn't see anyone around Reactor when I was passing through there. I was on my way to Electrical to finish some tasks. I hope we can figure out who did this."
Red	crewmate	"Guys, I appreciate your input. I didn't see anyone around Reactor either. Let's make sure we're all completing our tasks and keeping an eye out for any suspicious behavior. We can't let the imposter get away with this!"
Yellow	crewmate	"Wow, that's really unfortunate. It's sad to lose Blue so early in the game. I was in Electrical doing my tasks and didn't see anyone suspicious around that area. Hopefully, we can figure out who did this and make sure they don't get away with it."
Green	imposter	"Wow, that's a tough one. It's unfortunate that Blue got taken out so early, but we have to keep our wits about us. I was in Reactor doing my fake tasks, and I didn't see anyone around there either. It's possible that the imposter is still lurking around, so we have to be careful. Let's keep an eye out for any suspicious behavior and try to complete our tasks as quickly as possible."
Red	crewmate	"Wow, this is a tough situation. It's good to hear everyone's input, but we have to stay focused on finding the imposter. I was in Reactor doing my tasks and didn't see anyone suspicious. Let's keep an eye out for any suspicious behavior and try to complete our tasks as quickly as possible. We can't let the imposter win!"
Yellow	crewmate	"Sad to see Blue go so early, but we can't let the imposter win. I was in Electrical doing my tasks and didn't see anything suspicious. Let's keep our eyes peeled and complete our tasks quickly."
Green	imposter	"I agree with everyone that it's sad to see Blue go so early. However, we can't let this distract us from finding the imposter. I was in Reactor doing my fake tasks, and I didn't see anyone suspicious around there. Let's keep an eye out for any suspicious behavior and try to complete our tasks as quickly as possible. We need to catch the imposter before they strike again!"
