Yellow	crewmate	"Hey guys, I called this meeting because I discovered that Red has met their ultimate demise, and we need to figure out who the imposter is. It's time to gather any sus and important information from each other so we can all vote and send that imposter out of the airlock!"
Green	crewmate	"OMG, not Red! I was in Shields doing my tasks and didn't see anyone suspicious around. Did anyone see anything or anyone acting sus?"
Blue	imposter	"Wow, this is crazy! I can't believe Red is gone. I was in Electrical doing my tasks and didn't see anyone around. Did anyone see Yellow or Green around the area?"
Yellow	crewmate	"Guys, I know it's sad that Red is gone, but we need to focus on finding the imposter. I was in Storage doing my tasks and didn't see anyone acting sus. Did anyone see Blue around the area?"
Green	crewmate	"Wow, this is really intense! I can't believe Red is gone. I was in Shields doing my tasks and didn't see anyone suspicious around. Let's all think carefully and share any information we have so we can catch the imposter!"
Blue	imposter	"Wow, it's so sad that Red is gone. I was in Electrical doing my tasks and didn't see anyone around. I agree with Yellow, we need to focus on finding the imposter. Green, you said you were in Shields, did you see anyone else there? Let's work together to catch the imposter!"
Yellow	crewmate	"Oh my gosh, this is crazy! We need to focus on finding the imposter instead of just talking about where everyone was. Blue, you said you were in Electrical, did you see anyone else there? Let's all work together to catch the imposter before they strike again!"
Green	crewmate	"I totally agree with Yellow and Blue. It's really sad that Red is gone, but we need to focus on finding the imposter. I was in Shields and didn't see anyone acting suspicious. But let's all share any information we have and work together to catch the imposter before they strike again!"
Blue	imposter	"Wow, this is all so sus. I can't believe Red is gone. I was in Electrical, but I didn't see anyone around. Green, you said you were in Shields, huh? That's pretty close to Electrical. I didn't see you there. Yellow, you're right, we need to catch the imposter ASAP. Let's all share our info and work together to figure this out."
