Red	crewmate	"Hey crewmates, I just found Green's dead body in Security. Looks like some serious sus activity is happening in here. We need to discuss and figure out who could have done this."
Yellow	crewmate	"I was in Electrical doing my tasks. I didn't see anyone pass by me. But, I did see Blue and Red in the hallway when I was on my way to Electrical. Maybe they saw something?"
Blue	imposter	"Wow, that's some major sus news. It's crazy that Green got taken out like that. But I don't know anything about it, I was just doing my tasks in Lower Engine. I didn't see anyone in the vicinity. Red, did you see anything strange on your way to Security?"
Red	crewmate	"Unfortunately, I didn't see anything unusual on my way to Security. I was just minding my own business and doing my tasks. But it's definitely sus that Yellow saw us in the hallway. Maybe they're trying to divert attention away from themselves?"
Yellow	crewmate	"I understand that it's sus that I saw Blue and Red in the hallway, but I swear I didn't see anything out of the ordinary. Maybe we should all stick together and keep an eye out for any sus activity?"
Blue	imposter	"Wow, this conversation is getting real sus. Yellow, you seem pretty quick to deflect attention away from yourself. I'm thinking it's you who's the imposter and trying to throw everyone off your trail. I'm voting Yellow."
Red	crewmate	"Wow, this is intense. I don't know who to trust. But I agree with Blue, Yellow seems to be deflecting a lot. I'm voting Yellow too."
Yellow	crewmate	"Hey guys, I get that it's sus that I saw you in the hallway but I swear I'm innocent. Let's not jump to conclusions and vote me off just yet. Maybe we can all stick together and keep an eye out for any sus behavior?"
Blue	imposter	"Guys, let's not fall for Yellow's tricks. They're clearly trying to throw us off their trail. I'm sticking with my gut and voting Yellow. Let's get this imposter out of here!"
