Blue	crewmate	"Okay guys, I just found Red's dead body in Cafeteria. I don't have any concrete proof, but I have a strong suspicion that Yellow might be the Imposter. I saw them moving suspiciously in the area where Red's body was found. We can't afford to take any risks. We need to vote Yellow out and secure the ship!"
Green	crewmate	"Okay, I hear you, Blue. But we need to be careful before we start pointing fingers. Do we have any other evidence or suspicions? Maybe we should ask Yellow where they were and what they were doing before we vote them out. We don't want to accidentally vote out an innocent crewmate."
Yellow	imposter	"I totally understand your concerns, Green, but unfortunately, I was in the Cafeteria doing a task when Red's body was found. I didn't see anyone around, so I'm not sure who could have done it. But if you guys want to vote me out, I'll accept my fate as the Imposter and try again next round."
Blue	crewmate	"Sorry Yellow, but I have to go with my gut feeling here. You were the only one around the Cafeteria when Red's body was reported. It's too much of a coincidence. I'm voting you out. Good luck next time!"
Green	crewmate	"Hey guys, let's take a deep breath and think this through. Accusing someone without concrete evidence is not fair. Yellow's alibi seems solid and we don't have any other leads. Let's skip this vote and try to gather more information before we make any hasty decisions. We don't want to vote out an innocent crewmate or let the Imposter get away with this."
Yellow	imposter	"Hey, I appreciate your concern, Green. It's true that we don't want to vote out an innocent crewmate. But unfortunately, I don't have any evidence to prove my innocence. I guess I'll just have to try harder next round as the Imposter. Good luck, crewmates!"
Blue	crewmate	"Wow, what a heated emergency meeting! It's tough when we don't have any concrete evidence to go on. I think Green makes a good point about not accusing someone without proof. Let's try to gather more information before we make any decisions. Good luck, crewmates!"
Green	crewmate	"Good job, team. It's important to stay calm and level-headed during these emergency meetings. We don't want to make any rash decisions that could harm innocent crewmates. Let's keep gathering information and working together to catch the Imposter. We got this!"
Yellow	imposter	"Wow, what a discussion! It's always tough when there's not enough evidence to go on. I appreciate Green's level-headedness, and I'll definitely try to be more convincing next round as the Imposter. Let's work together to find the real Imposter and keep the crewmates safe. Good luck, everyone!"
