Blue	crewmate	"Emergency meeting, guys! I just found Yellow's lifeless body in Electrical. I did not see the killer but I saw Green hanging around suspiciously near the area. I think it's safe to say, we have an impostor among us."
Red	crewmate	"Okay, okay, let's not jump to conclusions here. I was in Weapons the whole time and I didn't see anything suspicious. But if Green was really hanging around Electrical, then we should definitely keep an eye on them."
Green	imposter	"I was just doing my tasks in Electrical, guys. I didn't see anyone else there. Blue must be mistaken or trying to frame me. I think we should all skip this vote and continue doing our tasks."
Blue	crewmate	"I understand that Green is denying any involvement, but I'm pretty sure I saw them acting suspiciously in Electrical. I'm voting for Green, guys."
Red	crewmate	"Guys, let's not rush into voting someone off. We need to be certain who the imposter is. Blue, did you see anyone else in Electrical or only Green? And Green, can you tell us which task you were doing in Electrical?"
Green	imposter	"Hey guys, I understand that we all want to figure out who the imposter is but let's not be too hasty in voting someone off. Blue, can you give us more details on what you saw in Electrical? And Red, did you see anyone else around Weapons? As for me, I was completing the wiring task in Electrical. I didn't see anyone else there."
Blue	crewmate	"Ok guys, let's take a step back and think this through. Blue, can you give us more details on what you saw in Electrical? And Green, can you explain what wiring task you were doing specifically? Red, did you see anyone else around the Weapons area? Let's gather more information before we vote."
Red	crewmate	"Good job, team. We need to be thorough before we vote anyone off. Blue, thanks for bringing up your suspicion, but we need more details. Green, can you give us more specifics about the wiring task? And Blue, did you see anyone else in Electrical besides Green? Let's work together to figure this out."
Green	imposter	"I totally agree with Red. Let's not be too quick in accusing someone. Blue, can you give us more information about what you saw in Electrical? And Red, did you see anyone else around the Weapons area? As for me, I was doing the wiring task in Electrical, and I didn't see anyone else there. Let's work together to find out who the imposter is."
