Red	crewmate	"Yo, yo, yo crewmates! I'm calling this emergency meeting because I just found Green's lifeless body in Shields. Man, it was a gruesome sight. I didn't see anyone else around, but I think someone vented out of there real quick. We gotta figure out who we can trust here and suss out the Imposter before they take any more of us down. Let's get to the bottom of this, team!"
Yellow	crewmate	"Well, dang, that's crazy. RIP Green. I didn't see anyone around either, but I'm willing to help suss out the Imposter with y'all."
Blue	imposter	"Wow, that's a real shame about Green. I was just in Storage doing my tasks, didn't see anything suspicious. But I'm down to help find the Imposter and avenge Green's death. Let's do this, crewmates!"
Red	crewmate	"Man, this is crazy! I can't believe we lost Green so early. It's definitely suspicious that someone vented out of Shields, but we gotta be careful not to accuse anyone without evidence. Let's all stick together and finish our tasks so we can catch the Imposter in the act. We got this, crewmates!"
Yellow	crewmate	"Wow, that's really unfortunate about Green. I didn't see anything out of the ordinary when I was in Cafeteria, but I'm willing to work together with you guys to find the Imposter. Let's get our tasks done and keep an eye out for any suspicious behavior."
Blue	imposter	"I'm sorry to hear about Green, but you know what they say, 'the game must go on'. I'm always up for a good sussing out, so let's get to it! As for my whereabouts, I was in Storage doing my thing, but I didn't see anything out of the ordinary. Let's keep our wits about us and catch that Imposter!"
Red	crewmate	"Wow, it's really sad to lose a crewmate so early in the game. But we can't let it get us down! Let's stick together and finish our tasks. Red is right, we need to be careful not to accuse anyone without evidence. Let's keep an eye out for any suspicious behavior and catch that Imposter!"
Yellow	crewmate	"I agree with everyone. Losing Green so early is a bummer, but we can't let it distract us from catching the Imposter. Let's stick together and get our tasks done, and keep an eye out for anyone acting sus. We got this, crewmates!"
Blue	imposter	"Wow, it's really sad to lose a crewmate so early in the game, but we have to stay focused on catching that sneaky Imposter! I agree with everyone, let's stick together and get our tasks done. As for me, I was in Storage doing my thing, but I'll definitely keep an eye out for any sus behavior. Let's do this, crewmates!"
