Yellow	crewmate	"Hey crewmates, I called this meeting because I found Green's lifeless body in MedBay! This is sus, we need to work together to figure out who did it."
Red	crewmate	"OMG, that's so sus! I was in Security and didn't see anyone vent or pass by. Did anyone see anything or anyone acting sus?"
Blue	imposter	"Wow, that's really sus. I was in Shields, but I didn't see anyone around. We definitely need to work together to figure out who did this."
Yellow	crewmate	"Guys, I didn't see anyone in MedBay when I was there earlier. It's really sus that Green's body was found there. We need to start voting and figure out who did this."
Red	crewmate	"Yellow, I appreciate you calling this meeting. It's really sus that Green's body was found in MedBay. I was in Security and didn't see anyone vent or pass by. Blue, did you see anyone acting sus in Shields? We need to start working together and figure out who did this before it's too late. Let's vote and get to the bottom of this."
Blue	imposter	"Guys, I don't know what you're talking about. I was in Shields the whole time, doing my tasks. I didn't see anyone around, but I'll keep an eye out for anything sus."
Yellow	crewmate	"Guys, I think we should trust Red's statement. They were in Security and didn't see anyone vent or pass by. We should vote for someone now before the Imposter strikes again."
Red	crewmate	"Yellow, I think you're right. It's really sus that Green's body was found in MedBay when you didn't see anyone there earlier. I trust Red's statement about not seeing anyone vent or pass by in Security. Blue, I don't think you're sus, but we need to start narrowing down our suspects. Let's vote and figure out who the Imposter is before they strike again."
Blue	imposter	"Guys, I don't know why you're all pointing fingers at me. I was in Shields, minding my own business and doing my tasks. I didn't see anything sus or anyone around. But if you all think Red's statement is trustworthy, then let's vote and figure out who the real Imposter is before it's too late."
