Yellow	crewmate	"Yo guys, I just found Green's dead body lying in Shields. I'm not accusing anyone yet, but we gotta figure out who the imposter is before they kill us all off one by one!"
Red	crewmate	"Damn, that's crazy. I was in Lower Engine doing my tasks. Did anyone see anyone else around Shields?"
Blue	imposter	"I was actually in Cargo Bay, trying to complete my tasks. I didn't see anyone around Shields, but that doesn't mean they weren't there. We need to band together and find out who the imposter is before they strike again."
Yellow	crewmate	"Guys, we need to act fast. If we don't find out who the imposter is, we're all gonna be next! Red, you were in Lower Engine? Did anyone see you there? Blue, can you vouch for Red's whereabouts? We need to work together and figure this out, or we're all gonna be ejected into space!"
Red	crewmate	"Guys, I swear I was in Lower Engine the whole time. I didn't see anyone around Shields, but I also didn't see anyone come from that direction. Blue, I can vouch for you too, I didn't see you around Shields either. We need to stick together and figure out who the imposter is before it's too late!"
Blue	imposter	"I understand that we are all concerned, but we need to be careful with our accusations. It's possible that the imposter is trying to create confusion and turn us against each other. Let's focus on gathering more information and figuring out who has been acting suspiciously. In the meantime, we should all be vigilant and keep an eye out for any suspicious behavior."
Yellow	crewmate	"Guys, I agree with Blue. We need to be careful with our accusations and gather more information. I haven't seen anything suspicious yet, but I'll keep an eye out. Let's work together and figure this out before it's too late!"
Red	crewmate	"Guys, I completely agree with Blue and Yellow. We need to be careful with our accusations and gather more information before we make any decisions. I didn't see anyone around Lower Engine, but I'll keep an eye out for any suspicious behavior. Let's work together and figure this out as a team!"
Blue	imposter	"I'm glad my fellow crewmates are on the same page. It's important to work together and not jump to conclusions. As for me, I'll keep doing my tasks and try to blend in. Good luck, everyone!"
