Red	crewmate	"Hey guys, I'm calling this meeting because I found Yellow lying dead in O2. Looks like we have an imposter among us. Did anyone see anything suspicious? I was doing my tasks in Admin, so unfortunately, I didn't witness anything. What do you guys think we should do?"
Blue	crewmate	"Wow, that's insane. I also haven't seen anything suspicious while I was in Admin. But we should definitely start with any sus behavior. Maybe someone was venting or running around too much? We should keep our eyes peeled and try to figure out who it could be."
Green	imposter	"Wow, it's really unfortunate that Yellow got taken out. I didn't see anything suspicious myself, but it's definitely possible that someone was venting or running around too much. We should definitely keep our eyes peeled and try to figure out who the imposter could be. Don't worry guys, I'll make sure to help out with the investigation."
Red	crewmate	"Guys, I agree with Blue and Green. We need to start looking out for any sus behavior. Maybe someone was venting or running around too much. Let's keep our eyes peeled and work together to figure out who the imposter could be. We can do this!"
Blue	crewmate	"Looks like we have a real emergency on our hands. I'm glad that we're all on the same page about looking out for any suspicious behavior. Let's work together and figure out who the imposter is. We got this!"
Green	imposter	"Guys, I totally agree with all of you. It's really unfortunate that Yellow got taken out, but we need to start looking out for any sus behavior. Maybe someone was venting or running around too much. Let's keep our eyes peeled and work together to figure out who the imposter could be. I'll make sure to keep an extra close eye on everyone."
Red	crewmate	"Great teamwork, guys! We're all on the same page and ready to catch that imposter. Let's keep an eye out for any suspicious behavior and work together to solve this mystery. Remember, trust no one!"
Blue	crewmate	"Wow, I'm impressed with our teamwork and communication skills. It's great to see everyone taking this seriously and working together to catch the imposter. Let's keep up the good work and catch that sneaky imposter!"
Green	imposter	"Wow, it's really great to see us all working together like this. I'll keep an eye out for anyone acting sus in Storage, and I'm sure we'll catch that imposter in no time. Remember, trust no one!"
