Blue	crewmate	"Hey guys, I called this meeting because I found Red's dead body in Electrical. I didn't see anyone around, but I'm sus of Green because they were coming from that direction."
Yellow	crewmate	"Okay, okay, okay. I was in Admin doing my tasks, so I didn't see anything. But I trust Blue's sus on Green. Let's vote Green and see if they were the Imposter."
Green	imposter	"Whoa, whoa, whoa. Hold up, Yellow. You're gonna vote me off just because Blue is sus of me? That's not enough evidence. I was in Communications doing my tasks, nowhere near Electrical. Plus, why isn't Blue sus of anyone else who could have been in that area? Seems pretty sus to me."
Blue	crewmate	"Guys, I understand Green's point, but we can't just ignore Blue's sus. Let's try to gather more information before we vote, maybe someone saw something suspicious. I was in Navigation, so I didn't see anything either, but we need to be careful not to vote off an innocent crewmate."
Yellow	crewmate	"Okay, okay, okay. Let's not jump to conclusions. Blue's sus on Green is valid, but we need more evidence. Did anyone see anything suspicious? I was in Admin, so I didn't see anything in Electrical. But we should all share what we know and try to figure this out together."
Green	imposter	"I agree with Blue and Yellow. We can't just vote off Green based on one person's suspicion. We need to gather more information and make an informed decision. I was in Communications doing my tasks, so I didn't see anything in Electrical either. Let's work together and figure this out."
Blue	crewmate	"Guys, I think we're on the right track. It's important that we don't jump to conclusions and gather more evidence before we vote. Let's all share what we know and work together to figure out who the Imposter is."
Yellow	crewmate	"I completely agree with Blue, Green and Yellow. We can't just vote off someone based on suspicion. We need to gather more evidence and make an informed decision. Let's all share what we know and work together to figure out who the Imposter is. I was in Electrical and didn't see anything suspicious, but I'm willing to help in any way I can."
Green	imposter	"Guys, I'm happy to share what I know, but let's not forget that we only have a limited amount of time left. We need to be quick and efficient in gathering information. I'm willing to work with anyone who's serious about figuring this out. I was in Communications doing my tasks, so I didn't see anything in Electrical either. Let's get to work, crewmates!"
