Green	crewmate	"Yo yo yo, what's up crewmates! Green coming in hot with a meeting to discuss some serious biz. I found poor Red's lifeless body in Upper Engine. I didn't see anyone nearby but maybe one of you saw something sus. Let's discuss and vote wisely, we can't let this imposter get away with this!"
Yellow	crewmate	"Wow, that's a tough one. I was in Storage doing some tasks, so I didn't see anything in Upper Engine. But I trust Green, they seem pretty trustworthy to me. Let's take a moment to gather some more information before we vote."
Blue	imposter	"Wow, that's crazy. It's a real shame that Red got taken out like that. I was actually in Lower Engine doing some tasks, so unfortunately, I didn't see anything in Upper Engine either. Green, do you have any more information? It's definitely important that we vote wisely and not let this imposter get away with this."
Green	crewmate	"Oh man, this is a tough one. I didn't see anyone around when I found Red's body in Upper Engine. It's possible that the imposter vented out of there before I got there. But let's not jump to any conclusions yet. We need to gather more intel before we vote. Does anyone have any suspicions or theories?"
Yellow	crewmate	"I agree with everyone, we need more information before we vote. It's possible that the imposter vented out of Upper Engine before Green got there. Does anyone have any tasks or alibis in that area?"
Blue	imposter	"Wow, this is getting intense. It seems like we're all in the dark here. I don't have any alibis for Upper Engine, unfortunately. But I do agree with Yellow and Green that we need to gather more information before we make any accusations. Let's stick together and keep an eye out for any suspicious behavior. We'll catch that imposter soon enough!"
Green	crewmate	"Good job, team. We're on the right track. Let's keep an eye out for any suspicious activity and make sure to report any findings. We'll catch that imposter in no time!"
Yellow	crewmate	"Guys, I'm glad we're all on the same page here. We need to be vigilant and keep an eye out for any suspicious behavior. Let's finish up our tasks and stick together to catch that imposter!"
Blue	imposter	"I'm playing it cool and trying to blend in, but I'm definitely feeling the pressure. These guys seem to be onto something. I'll have to be extra sneaky if I want to avoid getting caught."
