Green	crewmate	"Hey guys, I called this meeting because I found Blue's dead body in Shields. I didn't see anyone around, but I'm sus of Yellow. I passed them in Storage and they seemed to be moving pretty sus-like."
Red	crewmate	"Okay, okay, let's not panic. First of all, where was everyone else during this time? I was in Electrical doing some tasks. And Yellow, can you explain your movements in Storage?"
Yellow	imposter	"I was just doing my tasks, nothing sus about it. And Green, how come you didn't see anyone around? Seems pretty sus to me."
Green	crewmate	"Okay, first of all, I'm not sus. I was doing my tasks in Shields and found Blue's dead body. I didn't see anyone else around. And Yellow, I saw you in Storage and you were definitely not doing tasks. You were just standing there for a while. That's why I'm sus of you."
Red	crewmate	"Okay, let's take a deep breath and think logically here. Green, you found the dead body in Shields, but didn't see anyone else around. Yellow, can you confirm that you were actually doing tasks in Storage and not just standing around? And everyone else, where were you during this time? We need to gather more information before making any accusations."
Yellow	imposter	"Guys, I think we need to be careful here. Green found the body, but didn't see anyone else around. Yellow, can you please clarify what tasks you were doing in Storage? And Red, where were you during this time? We need to gather more information before accusing anyone. Let's not jump to conclusions."
Green	crewmate	"Okay, I understand everyone's concerns, but I'm not sus. I was just doing my tasks in Shields and stumbled upon Blue's dead body. And Yellow, I did see you in Storage and you were not doing any tasks. I agree with Red that we need to gather more information before accusing anyone. Let's keep calm and keep playing."
Red	crewmate	"I agree with Red and Yellow, we need more information before accusing anyone. Let's keep playing and complete our tasks while keeping an eye out for any suspicious behavior."
Yellow	imposter	"Guys, I understand your concerns, but I was actually doing tasks in Storage. As for Green, I didn't see them around Shields when I was heading to Storage. I agree with Red that we should gather more information before accusing anyone. Let's continue playing and keep an eye out for any suspicious behavior."
