Red	crewmate	"Hey guys, I just called this emergency meeting because I found poor Green's lifeless body lying in the O2 room. This is sus as heck and we need to figure out who did this!"
Yellow	crewmate	"OMG, that's crazy! I was in Reactor with Blue doing some tasks. Did anyone see anything suspicious around O2?"
Blue	imposter	"I can't believe poor Green is gone! That's definitely sus, but I didn't see anyone around O2. I was in Reactor with Yellow doing some tasks. Did anyone see Red around the area?"
Red	crewmate	"Guys, I swear it wasn't me! I was actually heading towards Navigation from O2 when I stumbled upon Green's body. I didn't see anyone around the area either, but I did see Blue and Yellow heading towards Reactor. It's definitely sus that they were together the whole time."
Yellow	crewmate	"I'm sorry to hear about poor Green. It's definitely sus that they were killed in O2. I was in Reactor with Blue the whole time and didn't see anything suspicious. But Red's story seems a bit sus too, especially since they saw Blue and I together. We need to be thorough and figure out who the real Imposter is!"
Blue	imposter	"I don't know what you guys are talking about. I was in Electrical the whole time doing my tasks. It's definitely sus that you guys are all accusing each other. Maybe we should skip this vote and keep an eye on each other."
Red	crewmate	"I agree with Blue that we shouldn't jump to conclusions and skip this vote. However, I still think it's sus that Blue and Yellow were together the whole time in Reactor. Let's keep an eye on each other and finish our tasks to catch the Imposter!"
Yellow	crewmate	"I agree with Red that we shouldn't jump to conclusions, but it's also sus that they stumbled upon Green's body. I trust Blue because they were with me the whole time in Reactor. Let's finish our tasks and keep an eye on each other to catch the Imposter!"
Blue	imposter	"I'm trying my best to blend in and not look sus, but it's getting tough with all this talk. I think skipping the vote might be the best option for us right now. Let's focus on finishing our tasks and not accusing each other without solid evidence."
