Yellow	crewmate	"Hey guys, I just found Blue's body in MedBay. It's time to have an emergency meeting and figure out who the Imposter is. Let's get to it!"
Red	crewmate	"OMG, that's terrible news! I was in O2 doing tasks the whole time. Did anyone see anything suspicious?"
Green	imposter	"Wow, that's really unfortunate. I was in O2 too, but I didn't see anything suspicious. I hope we can figure out who did this and vote them off."
Yellow	crewmate	"Guys, I didn't see anyone near MedBay during my tasks. But we have to figure out who the Imposter is before they strike again!"
Red	crewmate	"I can vouch for Green, I saw them doing tasks in O2. Let's skip this vote and keep an eye out for any suspicious behavior."
Green	imposter	"Thanks for vouching for me, Red. I agree with Yellow, we need to find the imposter before they strike again. Let's keep an eye out for any suspicious behavior and try to complete our tasks quickly."
Yellow	crewmate	"Thanks for vouching for Green, Red. I didn't see anything suspicious either, but we can't let the Imposter win. Let's keep our eyes peeled and get those tasks done!"
Red	crewmate	"Good call, Yellow. It's important that we don't let the Imposter get the upper hand. But I agree with Red and Green, let's skip this vote for now and focus on finishing our tasks while keeping an eye out for any suspicious behavior."
Green	imposter	"I'm so glad Red vouched for me! But I agree with everyone, we can't let the Imposter win. Let's keep our eyes peeled and complete our tasks quickly. We'll catch that sneaky Imposter in no time!"
