Green	crewmate	"Hey guys, I just found Red's dead body in Admin. I'm not sure who did it, but I saw Blue coming out of the room just before I found it. I think we should vote him out and see if that solves the problem."
Yellow	crewmate	"I don't know, I was in MedBay the whole time. But if Green thinks it's Blue, we should probably vote him out. Let's do it!"
Blue	imposter	"Whoa, whoa, whoa, hold up! I was just doing my tasks in Admin, nothing suspicious. Green, you could be self-reporting and trying to frame me. And Yellow, you haven't even asked me for my side of the story. Let's not be so quick to vote someone out without evidence."
Green	crewmate	"Hey everyone, let's not jump to conclusions just yet. Blue could be innocent and we don't have any hard evidence. We should all share our alibis and try to figure out who was in Admin at the time of the murder. Then we can make an informed decision on who to vote out."
Yellow	crewmate	"I agree with Green. We don't want to vote out the wrong person and let the real Imposter get away. Let's hear everyone's alibis and try to figure out who could have done it."
Blue	imposter	"Guys, I appreciate the caution here. I was in Admin doing my tasks and I didn't see anyone else in there. But let's hear everyone's alibis and see if we can narrow down who could be the Imposter. We don't want to vote out an innocent crewmate and lose our chance to catch the real culprit."
Green	crewmate	"Good job team, we're all on the same page. Let's keep investigating and figure out who the Imposter is. Remember to keep an eye out for any suspicious behavior and report it to the group. We got this!"
Yellow	crewmate	"Great teamwork, everyone! Let's keep communicating and figuring out who the Imposter is. Remember to stay vigilant and report any suspicious activity. We can do this!"
Blue	imposter	"I'm glad to see my fellow crewmates are being cautious and working together to catch the Imposter. I'll make sure to keep up the act and provide a solid alibi during the discussion. Let's see if we can turn this situation to my advantage."
