Green	crewmate	"Hey guys, I found Red's lifeless body in Weapons! I think we need to hold a meeting and discuss who could have done this. Any suspicions so far?"
Yellow	crewmate	"I was in Admin doing my tasks when the emergency meeting was called. I didn't see anyone suspicious in that area. It's possible that the Imposter vented to another location."
Blue	imposter	"Wow, that's crazy! I can't believe Red is dead already. I was just in Storage doing my tasks, so I didn't see anything. But I'm definitely sus of Yellow now, saying they didn't see anyone suspicious in Admin. They could be trying to throw us off their scent!"
Green	crewmate	"Guys, let's not accuse each other without evidence. Yellow's alibi seems valid to me. We should keep an eye out for any suspicious behavior and complete our tasks to win this game!"
Yellow	crewmate	"I agree with Green, let's not start accusing each other without any evidence. We should all focus on completing our tasks and keep an eye out for any suspicious behavior. We need to work together to win this game!"
Blue	imposter	"Totally agree with Yellow and Green here. Let's focus on completing our tasks and keep an eye out for any suspicious behavior. We can't afford to lose anyone else to the Imposter!"
Green	crewmate	"Great job, team! I'm glad we're all on the same page here. Let's stick together and finish our tasks. Remember to keep an eye out for any suspicious behavior and report any findings immediately. We got this!"
Yellow	crewmate	"Great teamwork, guys! We need to keep this up and complete our tasks in order to win. Let's stay vigilant and report any suspicious behavior we see. We can do this!"
Blue	imposter	"I couldn't agree more with my fellow crewmates. We need to work together and complete our tasks while keeping an eye out for any suspicious behavior. Let's catch that Imposter and win this game!"
