Blue	crewmate	"Hey guys, I just found Yellow's dead body in storage. I think we have an imposter among us!"
Red	crewmate	"OMG, that's terrible! Did anyone see anything suspicious? Where was everyone else when Yellow was killed?"
Green	imposter	"Wow, that's crazy! I was in the Cafeteria doing my tasks. I didn't see anything suspicious. Did anyone see Blue or Red around Storage?"
Blue	crewmate	"Guys, I swear it wasn't me. I was in Storage doing my tasks and I didn't see anyone else around. But I did see Yellow alive earlier when I passed by Electrical. Did anyone see anyone else in that area?"
Red	crewmate	"Wow, this is intense! I didn't see anything suspicious either. I was in O2 doing my tasks. But it's strange that Blue saw Yellow alive earlier near Electrical. Maybe we should check that area out and see if anyone else saw anything."
Green	imposter	"I agree with Red. Let's head over to Electrical and see if anyone else saw anything. But keep an eye on Blue, I have a feeling they might be the Imposter."
Blue	crewmate	"Guys, I understand your concerns but I promise you, I am not the Imposter. Let's focus on finding the real culprit and get to the bottom of this. I'm willing to come with you guys to Electrical and help in any way I can."
Red	crewmate	"Wow, this is getting interesting. I didn't see anything suspicious in O2, but it's worth checking out Electrical. Let's work together and find the Imposter!"
Green	imposter	"I'm glad we're all on the same page here. Let's head over to Electrical and see if we can gather some more information. But keep your eyes peeled, Imposters can be sneaky and we don't want to fall for any tricks."
