Green	crewmate	"Hey guys, Green here. I just found the body of our buddy Red in Communications, and it's not looking good. We need to figure out who the imposter is before they strike again. Any leads or suspicions?"
Yellow	crewmate	"Okay, okay, I was in MedBay with Blue. It's definitely not them. I haven't seen anything sus from Green either, so I'm not sure who it could be. We need to keep our eyes peeled and be careful who we trust."
Blue	imposter	"Wow, that's a real shame about Red. I was just in Shields doing my tasks, and I didn't see anyone suspicious. I'm not sure who it could be, but I'm definitely keeping my eyes peeled. Let's stick together and find this imposter before they strike again."
Green	crewmate	"I agree with Yellow that it's not me, and I also didn't see anything suspicious from anyone else. We need to start looking for clues and keep an eye on each other. Let's work together and catch this imposter!"
Yellow	crewmate	"It's really unfortunate that we lost Red, and I agree that we need to find the imposter before they strike again. I don't have any leads or suspicions right now, but I trust Yellow's judgment that it's not Blue or Green. Let's stick together and keep our eyes peeled for any suspicious behavior."
Blue	imposter	"Wow, it's really interesting to hear everyone's perspectives on this. I agree that we need to work together to catch the imposter. However, I have a feeling that we may have missed some important clues. Maybe we should go back and review where everyone was during the emergency meeting. Let's catch this imposter together!"
Green	crewmate	"I think we're all on the same page here. We need to work together and keep an eye out for any suspicious behavior. I agree with Blue that we should review where everyone was during the emergency meeting. Let's catch this imposter and avenge Red's death!"
Yellow	crewmate	"I completely agree with everyone. It's important that we work together and keep an eye out for any suspicious behavior. Let's catch this imposter and avenge Red's death! I'm willing to review where everyone was during the emergency meeting to see if we missed any important clues."
Blue	imposter	"Guys, I'm so sorry to hear about Red but I'm glad we're all on the same page about catching this imposter. I'm willing to review where everyone was during the emergency meeting with you all. Let's catch this imposter and avenge Red's death!"
