Green	crewmate	"Okay crewmates, I called this emergency meeting because I found Yellow dead in Navigation. I didn't see anyone around, but I did see Blue coming from the direction of Shields."
Blue	crewmate	"Whoa, whoa, whoa! Hold up, Green. I was in Communications, nowhere near Navigation or Shields. I didn't see anyone while I was there either. What tasks were you doing, Green?"
Red	imposter	"Wow, Green! That's really sus. But you said you didn't see anyone around, so how do you know Blue was coming from the direction of Shields? I was in Electrical, so I didn't see anything. What tasks were you doing, Green?"
Green	crewmate	"Okay, okay. Let me explain. I was doing my task in Navigation when I found Yellow's body. I didn't see anyone around but when I was leaving Navigation, I saw Blue coming from the direction of Shields. I didn't see anyone else around. I'm not really sure if Blue is the Imposter, but it's just a suspicion since they were the only one I saw in that area."
Blue	crewmate	"Guys, I understand Green's suspicion, but I was really in Communications the whole time. I didn't see anyone around there either. We need to make sure we have concrete evidence before accusing someone."
Red	imposter	"Wow, that's a lot of sus going on. I'm not sure who to believe, but Green's story seems a little too convenient. I didn't see anything in Shields either, but I trust Blue's alibi. Let's keep an eye on Green and see if they slip up."
Green	crewmate	"Hey guys, I understand that it's difficult to determine who the Imposter is right now, but we need to be careful with our suspicions. Blue's alibi seems solid, but we can't completely rule out Green's observation either. Let's keep a close eye on everyone's actions and movements in the next round and gather more evidence before making any accusations."
Blue	crewmate	"Wow, this is a tough situation. I appreciate everyone's input, but let's not jump to conclusions just yet. We need to gather more evidence before accusing anyone. Let's keep a close eye on everyone's actions in the next round and see if we can catch the Imposter in the act."
Red	imposter	"I agree with Blue, we need to be careful before accusing anyone. But at the same time, we can't ignore Green's observation. Let's keep a close eye on everyone and gather more evidence in the next round to figure out who the Imposter really is."
