Blue	crewmate	"Hey crewmates, I called this meeting because I just stumbled upon the lifeless body of our beloved Yellow in Electrical. I was finishing up my tasks when I saw it. I didn't see anyone else around, but I wanted to let you all know so we can figure out who the Imposter is and vote them off the ship before it's too late."
Green	crewmate	"OMG, not Yellow! I was in Lower Engine doing my tasks, didn't see anything suspicious. We gotta figure this out fast before the Imposter strikes again."
Red	imposter	"Wow, that's really unfortunate. We definitely need to figure out who did this before they have a chance to strike again. I was actually in Electrical as well, but I didn't see anything out of the ordinary. Did anyone see anyone else in the area?"
Blue	crewmate	"I can vouch for Red, I saw them doing their tasks in Electrical when I was there earlier. But I didn't see anyone else around when I left. We should all be extra careful and keep an eye out for any suspicious behavior."
Green	crewmate	"I can confirm that I was in Lower Engine doing my tasks and didn't see anyone suspicious. We definitely need to figure out who did this before it's too late. Let's be extra careful and keep an eye out for any suspicious behavior."
Red	imposter	"I agree with Blue, I was doing my tasks in Electrical and didn't see anyone else around. It's really unfortunate that Yellow got eliminated, but we need to stay focused and figure out who did this. I'll keep an eye out for any suspicious behavior and report back if I see anything."
Blue	crewmate	"Thanks for the update, everyone. It's good to know that we have each other's backs. Let's keep an eye out for any suspicious activity and report back to each other if we see anything."
Green	crewmate	"I completely agree with Blue and Red. It's good that we can trust each other and vouch for our tasks. But we can't let our guard down, we still need to be vigilant and keep an eye out for any suspicious behavior. Let's work together to find the imposter and save our crewmates."
Red	imposter	"As the imposter, I need to play it cool and blend in. I'll act like I'm helping to find the imposter and try to shift the blame onto someone else. I'll keep an eye out for any opportunities to eliminate another player and throw off suspicion."
