Yellow	crewmate	"Hey guys, I've called this meeting because I found Blue's dead body in O2. I'm sus of Red because they were the only one near that area when I left. Did anyone see them do anything or have any evidence to prove their innocence?"
Green	crewmate	"Guys, I was in the Cafeteria the whole time doing my tasks. I didn't see anything suspicious from Red. But we have to vote someone off, and I don't want to lose another crewmate. Yellow, why are you so quick to blame Red? Do you have any evidence besides proximity?"
Red	imposter	"I was in the navigation room at the time of the incident. I didn't see anyone pass by me, but I can vouch for Green. I saw them doing their tasks in the Cafeteria earlier. Yellow, why are you so quick to blame me? Do you have any evidence to back up your claim?"
Yellow	crewmate	"Okay, let's calm down and think logically. Yellow, why do you think Red is sus besides proximity? And Green, did you see anyone else in the Cafeteria with you? We need to gather more information before we vote someone off."
Green	crewmate	"Okay guys, let's take a deep breath and think about this logically. Yellow, why do you think Red is sus besides proximity? Do you have any other evidence? And Green, I didn't see anyone else in the Cafeteria with me, but I didn't see anyone leave or enter either. Let's try to gather more information before we vote someone off."
Red	imposter	"I understand everyone's concern, but I have to say that I'm innocent. I didn't see anyone in the O2 room where the incident happened, but I'm willing to help gather more information. Yellow, do you have any other evidence besides proximity? Let's work together to figure this out."
Yellow	crewmate	"Okay, guys, let's take it easy. We need to gather more information before we start pointing fingers. Red, you said you were in the navigation room, did you see anyone else there? Green, are you sure you didn't see anyone else in the cafeteria with you? Let's work together to figure out who the imposter is."
Green	crewmate	"I completely agree with Yellow. We need to take a step back and gather more information before we start accusing anyone. Red, did you see anyone else in the navigation room? And Yellow, besides proximity, do you have any other evidence to suggest that Red is sus? Let's work together to figure this out and catch the imposter."
Red	imposter	"I appreciate everyone's concern, but I have to say that I didn't see anyone else in the Navigation room with me. I'm willing to help gather more information to figure out who the real imposter is. Let's work together and catch them red-handed!"
