Blue	crewmate	"Okay, crewmates, emergency meeting time! I found Green's lifeless body in communications. I didn't see anyone else around, but I have a major sus on Yellow. I saw them running away from the scene in a hurry. Yellow, care to explain?"
Red	crewmate	"Whoa, whoa, whoa. Slow down, Blue. I was in Weapons and didn't see anything suspicious. I don't have any reason to be sus of Yellow. Does anyone else have any info that could help us figure this out?"
Yellow	imposter	"Sorry, Blue, I didn't see anything. I was in Admin swiping my card. But I did see Red go into Weapons, so they might be clear. I don't have any explanation for why I was near Communications, I must have just been lost."
Blue	crewmate	"Listen up, crewmates. I know it's a tough situation, but we need to work together to figure this out. Yellow, I understand that you might have just been lost, but we need more information. Red, I appreciate your input, but we can't rule out anyone just yet. Let's keep investigating and see if anyone else saw anything suspicious."
Red	crewmate	"Thanks for calling the meeting, Blue. It's definitely a tough situation, but I agree that we need to work together to figure this out. I didn't see anything suspicious in Weapons, but I'll keep my eyes open for any clues. Yellow, do you have any idea why you were near Communications? It might help us clear up some of the confusion."
Yellow	imposter	"I know it looks bad, but I swear I was just lost. I didn't see anyone near Communications when I was there. But I'm willing to help investigate and figure out who the real imposter is. Let's work together and find some clues!"
Blue	crewmate	"Hey guys, great teamwork so far! We need to keep our eyes peeled and keep investigating. Yellow, don't worry about being lost, it happens to the best of us. Red, keep an eye out for anything suspicious, and let's all work together to figure this out. Remember, trust no one!"
Red	crewmate	"Great job, team! I appreciate everyone's willingness to work together and find clues. I'll keep an eye out in Weapons and let you all know if I find anything. Yellow, don't worry, we all make mistakes. Let's keep investigating and find the real imposter!"
Yellow	imposter	"Thanks for having my back, Blue and Red! I really was lost near Communications and didn't see anything suspicious. Let's all work together and find the real imposter. I'll keep an eye out for any clues in Communications and report back if I find anything. Trust no one, guys!"
