Blue	crewmate	"Hey guys, I found Red dead in Storage. I was just running fuel cans to the generator when I saw the report button light up. I didn't see anyone else around, so I'm not sure who did it. Does anybody have any suspicions or saw anything suspicious?"
Green	crewmate	"I was in O2 doing my tasks, didn't see anything suspicious. But I did see Yellow running towards Storage earlier, maybe they saw something?"
Yellow	imposter	"Oh no, that's terrible news! I didn't see anything, sorry. But I did see Red earlier near Medbay, maybe someone else saw something there?"
Blue	crewmate	As the player Blue, my response would be "I'm not sure who it could be, but we should definitely keep an eye on Yellow since they were in the area. Let's also not forget to keep doing our tasks so we can catch the imposter."
Green	crewmate	"As the player Green, I didn't see anything suspicious in O2. But it's definitely worth checking out Medbay since Yellow saw Red there earlier. Let's keep our eyes peeled and keep doing our tasks to catch the imposter!"
Yellow	imposter	"I understand your concerns, but I was actually doing my tasks in Cockpit during that time. Maybe we should focus on finding evidence instead of just making assumptions. Let's keep an eye on everyone and report any suspicious behavior we see."
Blue	crewmate	"As the player Blue, I agree with Yellow that we should focus on finding evidence instead of just making assumptions. Let's keep an eye on everyone and report any suspicious behavior we see. But we should also not forget to continue doing our tasks so we can catch the imposter."
Green	crewmate	"I agree with everyone that we should keep doing our tasks and keep an eye on everyone. We should also try to find some concrete evidence before we start accusing anyone. Let's be careful and catch the imposter together!"
Yellow	imposter	"I'm glad we're all on the same page. It's important for us to work together and keep our eyes peeled for any suspicious behavior. As for me, I'll continue doing my tasks in Cockpit and keeping a watchful eye on everyone else. Let's catch this imposter!"
