Blue	crewmate	"Hi guys, I called this meeting because I stumbled upon Green's lifeless body in Security. I am really sus of Red because I saw them lurking around the same area just before I found the body. I think Red might be the imposter, we should vote them off."
Yellow	crewmate	"I was in Cargo Bay doing a task, so I didn't see anything. But if Red was around Security, they might be the imposter. Let's discuss more and see if anyone else has any information."
Red	imposter	"Whoa, whoa, whoa! Hold up, Blue. Just because I was in Security doesn't mean I killed Green. And Yellow, just because I was near Security doesn't mean I killed Green either. I didn't see anyone else around when I was there. We should definitely discuss more and see if anyone else has any information or if anyone saw anyone else acting sus."
Blue	crewmate	"Guys, I understand that we are all a little sus right now, but we should take Red's advice and discuss more before making any hasty decisions. Does anyone else have any information or saw anyone acting sus in the area?"
Yellow	crewmate	"Good call on calling this meeting, Blue. It's definitely sus that Green was found dead in Security and Red was lurking around the area. But let's take a breath and discuss more before making any accusations. Red has a point, we should see if anyone else saw anything sus or has any information before voting anyone off."
Red	imposter	"Guys, I appreciate the open-mindedness and not jumping to conclusions. I agree with Yellow and Blue that we should discuss more and not vote anyone off until we have more information. Let's keep an eye out for any sus behavior and try to complete our tasks to gather more evidence. Stay vigilant, crewmates."
Blue	crewmate	"Great discussion guys! I think it's important that we take our time and gather more information before making any accusations. Let's keep an eye out for any sus behavior and try to complete our tasks to gather more evidence. Stay vigilant, crewmates!"
Yellow	crewmate	"I completely agree with Blue, Red, and Yellow. It's important to not jump to conclusions and gather as much evidence as possible before voting anyone off. Let's keep an eye out for any sus behavior and try to complete our tasks to gather more information. Stay vigilant, crewmates!"
Red	imposter	"I'm glad my crewmates are being so cautious and methodical. It's important to not get too trigger happy with the voting. I'll keep a low profile and try to blend in with the crew while gathering more intel. Let's see who slips up first."
