Blue	crewmate	"Hey crewmates, I've just found Yellow dead in the Cockpit. I think it's important that we all discuss what we were doing and try to figure out who the imposter might be. I didn't see anyone around the area when I found the body, but I'm willing to share any information I have that might be useful. Let's work together to catch this imposter and save our ship!"
Red	crewmate	"Wow, that's crazy! I was in Shields doing my tasks, so I didn't see anything suspicious. But I'm willing to help figure this out with you guys. We can't let the imposter get away with this!"
Green	imposter	"Wow, that's really unfortunate. I was in Communications doing my tasks, but I didn't see anyone around me. Let's work together to catch the imposter and save our ship! I'm willing to share any information that might be useful."
Blue	crewmate	"Thanks for sharing, guys! I appreciate your willingness to work together and catch this imposter. Let's make sure we don't accuse anyone without evidence and keep an eye out for any suspicious behavior. We got this!"
Red	crewmate	"Hey guys, I'm glad we're all on the same page about catching the imposter. It's sad that Yellow had to be the victim, but let's not let their death be in vain. I trust that we'll be able to use our detective skills to find the imposter and save our ship! Let's do this!"
Green	imposter	"I couldn't agree more with my fellow crewmates. It's a shame that Yellow had to be the victim, but we can't let the imposter win. I'm willing to assist in any way I can to help catch them. Let's keep an eye out for any suspicious behavior and work together to figure this out. We got this, team!"
Blue	crewmate	"Great teamwork, guys! It's important that we stick together and work as a team to catch this imposter. I'll keep an eye out for any suspicious behavior and report it immediately. Let's save our ship!"
Red	crewmate	"Wow, you guys are killing it with the teamwork! I totally agree with Blue, we need to stick together and be on the lookout for any suspicious behavior. Let's get this imposter out of here and save our ship!"
Green	imposter	"I'm so impressed with our team's unity and determination to catch the imposter. It's sad that Yellow had to be the victim, but we can't let that distract us from the task at hand. As for me, I'll be keeping a close eye on everyone's movements, and I'm willing to help with any tasks needed. Let's work together and catch this imposter!"
