Blue	crewmate	"Hey guys, I just found Red's dead body in Weapons. I'm sus of Yellow since they were the only one nearby when the lights were off."
Green	crewmate	"Okay, okay, let's calm down and think logically. Yellow, where were you exactly when the lights went out? And Blue, did you see anyone else in the area other than Yellow?"
Yellow	imposter	"I was in Weapons when the lights went out, but I didn't see anyone else there. I'm not the Imposter, I swear!"
Blue	crewmate	"Guys, I'm telling you, I didn't see anyone else in the area when I found Red's body. Yellow was the only one nearby and now they're acting sus. I think we should vote them off."
Green	crewmate	"Okay, let's not jump to conclusions. Yellow being in the same area as the body doesn't necessarily make them the Imposter. Blue, did you see anyone else in the vicinity? And Yellow, can anyone vouch for your whereabouts before and after the lights went out?"
Yellow	imposter	"I was in Weapons the whole time, so I didn't see anyone else. But I can confidently say that I didn't kill Red. As for my whereabouts before the lights went out, I was in Admin swiping my card. After the lights went out, I went straight to Weapons to finish my tasks. I understand why Blue might be suspicious, but I'm not the Imposter."
Blue	crewmate	"Green makes a good point. Just because Yellow was nearby doesn't mean they're automatically the Imposter. We should gather more information before making a decision. Yellow, can anyone else confirm your alibi for being in Admin before the lights went out?"
Green	crewmate	"Good job, team. We need to be careful not to accuse anyone without proper evidence. Let's keep investigating and see if anyone else saw anything suspicious."
Yellow	imposter	"I totally agree with Green and Blue. Just because I was near the body doesn't make me guilty. I swear I didn't kill Red. Unfortunately, I was alone in Weapons the whole time so no one can confirm my alibi. But I'm willing to help with the investigation to find the real Imposter."
