Blue	crewmate	"Hey crewmates, emergency meeting. I just stumbled upon poor Yellow's lifeless body in O2. We need to find out who the imposter is before they strike again!"
Red	crewmate	"OMG, that's terrible! I was in Security the whole time and didn't see anyone suspicious. Let's work together and figure out who the imposter is before they take down more of us!"
Green	imposter	"Wow, that's really sad to hear. I was in Navigation doing my tasks. I didn't see anyone around there. Let's definitely work together and figure out who the imposter is before they cause more chaos!"
Blue	crewmate	"Guys, this is serious. We need to start sus-ing out who the imposter is before they get to any one of us. I was in O2 doing my tasks, but didn't see anyone around. Let's be careful and keep an eye out for any suspicious activity."
Red	crewmate	"Wow, this is crazy! Poor Yellow. I was in Security the whole time and didn't see anything suspicious. But we need to be careful and start sus-ing out who the imposter is. Let's work together and catch them before they hurt anyone else!"
Green	imposter	"Hey guys, I completely agree. It's really sad to see Yellow go down like that. I was in Navigation, so I didn't see anything suspicious. But we need to be careful and start sus-ing out who the imposter is before they cause any more damage. Let's work together and catch them!"
Blue	crewmate	"Hey team, it's good to see that we are all on the same page. Let's keep our eyes peeled for any suspicious activities and work together to catch the imposter. We got this!"
Red	crewmate	"Wow, it's crazy how quickly things can escalate in Among Us! It's really important that we all work together to catch the imposter before they hurt anyone else. I didn't see anything in Security, but I'm keeping my eyes peeled. Let's do this, team!"
Green	imposter	"Thanks for the update, team. I'll make sure to keep an eye out for any suspicious activities in Navigation. Let's catch that imposter and make sure they don't cause any more trouble!"
