Yellow	crewmate	"Emergency meeting, guys! I got some scorching hot tea to spill! I found Red's lifeless body in Admin. It's time to figure out who the heck is the imposter among us before we all end up like Red."
Green	crewmate	"Dang, that's rough. I was in the Cockpit doing my tasks. Did anyone see anything sus?"
Blue	imposter	"Wow, that's crazy! I was in Upper Engine, nowhere near Admin. I haven't seen anything suspicious, but I'm definitely down to help figure out who the imposter is. It's time to get our detective hats on, crewmates!"
Yellow	crewmate	"Guys, I know it's not me because I was in Admin with Red before he was killed. I didn't see anyone else there though. But we need to figure out who the imposter is before they strike again. Let's work together and find some clues!"
Green	crewmate	"Definitely agree with you, Blue. We need to work together and find some clues. Yellow, did you see anyone suspicious around Admin before you found Red's body?"
Blue	imposter	"Wow, this is getting intense! I definitely didn't see anything suspicious in Upper Engine, but I'm down to help investigate. I think we should keep an eye on Yellow though, since they were the last one with Red before he was killed. Let's work together and find some clues to catch the imposter!"
Yellow	crewmate	"Guys, I understand why you might be suspicious of me, but I swear it's not me! I didn't see anyone else in Admin and I didn't hear anything suspicious. Let's work together and find some clues to catch the imposter. We don't have much time!"
Green	crewmate	"Hey guys, let's not jump to conclusions here. Yellow does have a good point that they were with Red before he was killed. I think it's important for all of us to share any information we have and work together to find the imposter. We can't afford to accuse the wrong person and lose valuable time."
Blue	imposter	"Guys, I couldn't agree more. We need to stick together and find some clues to catch the imposter. I'm willing to help in any way I can. Let's share any information we have and work together to solve this mystery. We can do this!"
