Yellow	crewmate	"Guys, emergency meeting! I found Blue's dead body in Admin and I'm sus of Red. I saw them coming from the direction of the body and they were acting real sus the whole round."
Green	crewmate	"I was in the Cockpit the whole time, so I didn't see anything sus. But I trust Yellow's judgement. Let's vote Red off and see if they were the imposter."
Red	imposter	"Whoa, whoa, whoa! Hold up, Yellow! You can't just accuse me like that. I was just doing my tasks in Admin. And Green, just because you didn't see anything sus, doesn't mean I'm automatically guilty. I think we should take some more time to gather more evidence before making any hasty decisions."
Yellow	crewmate	"Listen up crewmates, let's not make any hasty decisions here. We need more evidence before we can vote someone off. Red, can you tell us more about what tasks you were doing in Admin?"
Green	crewmate	"I agree with Yellow that we need more evidence before voting someone off. Red, can you provide more details about the tasks you were doing in Admin? Let's make sure we have all the facts before making any decisions."
Red	imposter	"Guys, I was just finishing up my wires task in Admin, I swear. And I totally agree with Yellow and Green, we need more evidence before making any decisions. Let's keep investigating and find out who the real imposter is."
Yellow	crewmate	"Good job, crewmates. It's important that we take our time and gather all the facts before accusing someone. Let's keep investigating and find out who the real imposter is. Remember, trust no one!"
Green	crewmate	"Great job, crewmates! I completely agree with Yellow and Red. It's important to gather all the facts before making any decisions. Let's keep investigating and complete our tasks. We can do this, team!"
Red	imposter	"Phew, that was a close one. I thought they were onto me. Good thing I was able to play it cool and agree with everyone. Now, to keep up the facade and maybe even throw some suspicion onto someone else. Time to keep sabotaging and eliminating crewmates until I win this game!"
