Red	crewmate	"Gather around my crewmates, I have called this meeting because I just found Green dead in Reactor. I am suspicious of Yellow because I saw them venting in Electrical. They could be the Imposter."
Blue	crewmate	"Okay, that's some serious sus on Yellow. But do we have any other evidence? I was in Navigation and didn't see anything out of the ordinary."
Yellow	imposter	"Wow, Red really throwing some serious shade at me. But I swear I was doing tasks in Electrical. Blue, you gotta trust me on this. I think Red might be self-reporting to throw off suspicion. We should keep an eye on them too."
Red	crewmate	"Okay crewmates, let's not jump to conclusions just yet. Yellow, can you tell us exactly what tasks you were doing in Electrical? And Blue, did you see anyone else in Navigation with you? We need to gather more information before we make a decision."
Blue	crewmate	"I agree with Red that we need to gather more information before making a decision. Yellow, can you explain your tasks in more detail? And Red, did you see anyone else around Reactor before finding Green's body?"
Yellow	imposter	"Guys, I understand your suspicions but let's not forget that Red found the body. We should definitely keep an eye on each other but let's not jump to conclusions too quickly. As for my tasks in Electrical, I was doing the wiring task and then the download task. I'm happy to let anyone watch me do them if it will clear my name."
Red	crewmate	"Hey guys, let's keep a level head here. Yellow, I'm not accusing you of anything, I just want to understand your actions better. And Blue, thanks for being level-headed and trying to gather more information. Let's try to figure this out together and not accuse anyone without solid evidence."
Blue	crewmate	"I completely agree with Red and Yellow that we shouldn't jump to conclusions too quickly. It's important that we gather all the information we can before making a decision. Yellow, I'm curious to know more about your tasks in Electrical and I'm willing to watch you do them if it will help clear your name. And Red, thank you for keeping a level head and reminding us to figure this out together without accusing anyone without solid evidence."
Yellow	imposter	"Guys, I appreciate your level-headedness and willingness to gather more information. As for my tasks, I was in Electrical doing the wiring task and then the download task. I'm happy to let anyone watch me do them to clear my name. But let's not forget that Red found the body, so we should also consider other suspects. Let's work together to figure this out without jumping to conclusions."
