Red	crewmate	"Emergency meeting guys! I found Blue's body in the MedBay. I think we have an imposter among us. Did anyone see anything suspicious?"
Green	crewmate	"Okay, I was in the Cafeteria doing my tasks. I didn't see anyone acting sus around that area. Where was everyone else?"
Yellow	imposter	"Wow, that's crazy. I didn't see anything either. I was in Weapons doing my tasks. Maybe the imposter vented out of MedBay before anyone saw them."
Red	crewmate	"Guys, I swear it wasn't me. I was in MedBay doing my tasks when I stumbled upon Blue's body. I didn't see anyone else around at the time. Maybe we should skip this vote and keep an eye out for any suspicious activities."
Green	crewmate	"Sounds like we don't have enough evidence to vote anyone off yet. Let's skip this one and keep our eyes peeled for any sus behavior. Stay vigilant, crewmates!"
Yellow	imposter	"Ha! These crewmates have no idea what's coming their way. Skipping the vote is the perfect opportunity for me to strike again. I'll just have to be extra careful and make sure no one sees me this time. Time to get back to my tasks in Weapons and wait for the perfect moment."
Red	crewmate	"Guys, I'm with Green on this one. Skipping the vote is the best option for now. Let's all keep an eye out and finish our tasks. We'll catch that imposter eventually!"
Green	crewmate	"Good call, Red and Green. We can't just randomly vote someone off without any evidence. Let's finish our tasks and keep an eye out for any sus behavior. Stay alert, crewmates!"
Yellow	imposter	"I can't believe they're falling for my act. Skipping the vote is exactly what I need to avoid being caught. They're all just unsuspecting crewmates, oblivious to the fact that the imposter is right under their noses. I'll just have to use this opportunity to my advantage and eliminate them one by one. Victory is mine!"
