Blue	crewmate	"Hey gang, we got a dead body here in Shields and I gotta say, I'm quite sus of Red. I saw them in the area earlier and they were acting pretty sus if you know what I mean."
Yellow	crewmate	"Okay, I'm gonna say that's pretty sus, but do we have any other evidence or suspicions? I don't wanna vote someone off without more info."
Red	imposter	"Whoa, whoa, whoa, hold up there. Why are you pointing the finger at me, Blue? I was just doing my tasks in Shields like a good crewmate. And Yellow, I appreciate your caution, but I swear on my astronaut suit that I didn't do it. Let's get some more information before we start voting people off, okay?"
Blue	crewmate	"Okay, I understand the need for caution, but I really did see Red acting sus in the area earlier. Let's keep an eye on them and see if anyone else has any information."
Yellow	crewmate	"I agree with Yellow that we need more evidence before we start voting people off. Blue's suspicion of Red is pretty sus, but we can't jump to conclusions without more information. Let's keep an eye on Red and see if anyone else has any suspicions or evidence."
Red	imposter	"Hey guys, I understand why you might be suspicious of me based on Blue's claim, but I swear on my crewmate status that I didn't do anything sus in Shields. Let's keep investigating and gather more evidence before jumping to any conclusions. Maybe someone else saw something?"
Blue	crewmate	"Guys, let's not forget that there are still two imposters among us. We need to work together and gather more evidence before we start voting people off. Red, I hear you and I'm willing to give you the benefit of the doubt for now, but we need to keep an eye on everyone and see if anyone else has any useful information."
Yellow	crewmate	"I agree with Blue that we need to be cautious and work together to gather more evidence. It's important not to jump to conclusions and vote someone off without solid evidence. Let's keep investigating and see if anyone else has any information that can help us figure out who the Imposters are."
Red	imposter	"I totally agree with Blue and Yellow. We need to work together to gather more evidence before making any hasty decisions. As for me, I didn't do anything sus in Shields, and I'm willing to help investigate and find the real Imposters. Let's keep a close eye on everyone and see if anyone else has any useful information."
