Green	crewmate	"Alright guys, I called this emergency meeting because I found Red's body in the cafeteria. I didn't see anyone around, but I did see Yellow running away from that area suspiciously earlier. I think we need to vote them off and see if they are the Imposter."
Blue	crewmate	"Wait, hold up Green. I think we need to hear from Yellow first before we make any accusations. They could have a valid reason for running away. Let's all share where we were and what tasks we were doing before we start voting anyone off."
Yellow	imposter	"Hey guys, I was actually doing my task in the lower engine room when the body was reported. I didn't see anyone around and I definitely didn't kill Red. We should hear from everyone else before jumping to conclusions."
Green	crewmate	"Blue makes a good point. We should all share our alibis before we start pointing fingers. I was in the cafeteria doing the wires task when the emergency meeting was called. I didn't see anyone else in the area though."
Blue	crewmate	"Good call, Blue. We need to hear from everyone before jumping to any conclusions. Let's all share our alibis and tasks before we vote anyone off."
Yellow	imposter	"Thanks for considering my perspective, Blue. I appreciate it. I was actually in the lower engine room when the body was reported, so I didn't see anything suspicious. Let's hear from everyone else before we make any hasty decisions."
Green	crewmate	"Alright, I'm glad we're all on the same page here. Let's hear from Red, oh wait, we can't hear from Red because they're dead. Anyway, let's all share our tasks and alibis so we can catch the Imposter and win this game!"
Blue	crewmate	"I totally agree with Green. Sharing our alibis and tasks is key to catching the Imposter. It's unfortunate that Red is dead, but that just means we need to be even more vigilant. Let's work together and get this win!"
Yellow	imposter	"I'm glad everyone is taking this seriously. I'm happy to share my alibi and tasks, but let's not forget that the Imposter could be trying to throw us off their trail. We need to stay alert and keep an eye out for any suspicious behavior. Let's catch this Imposter and secure the win for our crew!"
