Blue	crewmate	"Yo crewmates, I had to call the meeting because I just found our fellow imposter, Green, dead in Cafeteria. I didn't see anyone around, but we need to figure out who could've done this. Any sus on who we should be looking at?"
Yellow	crewmate	"I was in Storage doing tasks, didn't see anyone pass by. But I did see Red in Electrical earlier, so maybe they have some info?"
Red	imposter	"Sorry to hear about Green, but I didn't see anything in Electrical. Maybe we should ask Blue where they were during the time of the kill? Could be a self-report."
Blue	crewmate	"First of all, RIP Green. But I can confirm that I was in Cafeteria doing the vending machine task when the body was reported. I didn't see anyone else around, so I'm not sure who could've done it. But I do agree with Red that we shouldn't rule out the possibility of a self-report. Let's keep investigating and see if anyone else has any valuable information."
Yellow	crewmate	"I'm sorry to hear about Green, but I didn't see anything suspicious in Storage. However, it's worth noting that Blue and Red were both in Electrical at different times. We should keep an eye on them and see if they act sus."
Red	imposter	"I was in Storage with Yellow, but I didn't see anything either. I think we should definitely keep an eye on Blue and Red, they seem a little sus to me. Let's skip for now and keep gathering information."
Blue	crewmate	"I understand the concern about me and Red, but I can assure you that I didn't see anything suspicious during my time in Cafeteria. Let's keep investigating and find the real imposter."
Yellow	crewmate	"I agree with Red that we should keep an eye on Blue and Red, but we shouldn't jump to any conclusions just yet. Let's keep gathering information and see if anyone else has any valuable insights. We don't want to accuse the wrong person and let the imposter get away."
Red	imposter	"Guys, I think we should focus on finding out where everyone was during the time of the incident. Let's gather more information before pointing fingers. I'm down to skip this vote for now."
