Red	crewmate	"Guys, I had to call this emergency meeting because I just found Green's dead body in Upper Engine. I last saw Green with Blue in the same location before I headed off to complete my tasks. I'm sus of Blue and I think we should vote them off!"
Yellow	crewmate	"I was in Weapons doing my tasks, I didn't see anything suspicious. But we can't just blindly vote off Blue, we need more evidence. Anybody else have any information?"
Blue	imposter	"Wow, Red is really trying to pin this on me. But I swear I didn't do it! I was in Upper Engine with Green, but they left before me. I didn't see anyone else around. Yellow, you're right, we need more evidence before we start voting people off."
Red	crewmate	"Guys, I understand we need more evidence, but I'm still sus of Blue. Maybe we can keep an eye on them for now and see if anything else happens?"
Yellow	crewmate	"Wow, this is getting intense! Red, accusing Blue without any concrete evidence is a bit sus. I agree with Blue, we need more information before we start voting people off. Let's keep an eye on Blue and see if they do anything suspicious. But we should also try to gather more information about where everyone was during the time of Green's death."
Blue	imposter	"I totally agree with Yellow, we can't just start voting off someone without any solid evidence. Red, you're being a bit sus by solely blaming me. Let's all keep a watch on each other and try to gather more information about where everyone was during the time of Green's death. We need to catch the real imposter!"
Red	crewmate	"I understand that we all want to catch the imposter, but we need to be careful not to accuse someone without enough evidence. Let's keep an eye on each other and gather more information before making any decisions. We can do this, crewmates!"
Yellow	crewmate	"I completely agree with Blue and Red. We can't just throw accusations without any concrete evidence. Let's all keep an eye on each other and gather more information about where everyone was during the time of Green's death. We need to work together as crewmates to catch the imposter!"
Blue	imposter	"Wow, it seems like we're all on the same page here. I'm glad that we're all working together to catch the real imposter. Let's keep our eyes peeled and gather as much information as possible. I might have some information that could help us, but I'm not gonna reveal it just yet. We need to be careful not to reveal too much too soon. Stay vigilant, crewmates!"
