Blue	crewmate	"Hey crewmates, I just found Green's body lying in Communications. It's really sus, so I am calling this meeting to know who killed him. I have my eyes on Yellow. I saw him lurking around the area before. Can you guys share if you saw anything or have any info to clear him?"
Red	crewmate	"Okay, first of all, RIP Green. But I don't think we should jump to conclusions and vote off Yellow without any solid evidence. I was in Upper Engine fixing the wiring and didn't see anything out of the ordinary. Maybe we should ask if anybody else saw anything before making any accusations."
Yellow	imposter	"Well, I was in Electrical doing some tasks. I didn't see anything in Communications. I am not sus, trust me. Maybe we should skip this round and keep an eye on Blue, he's been accusing me since the beginning."
Blue	crewmate	"Thanks for sharing your inputs, Red and Yellow. I understand that we don't have concrete evidence yet, but I am just trying to bring attention to the fact that Yellow was in the area before the body was discovered. I am not accusing anyone without proof, but we need to be vigilant and keep an eye on each other to catch the Imposter. Let's vote and skip this round for now, but be careful around Yellow."
Red	crewmate	"Guys, let's not jump to conclusions and start accusing each other without any solid evidence. We should keep an eye on each other and gather more information before voting. Blue, I appreciate you bringing this to our attention, but let's not be too quick to accuse someone without proof."
Yellow	imposter	"I agree with Red, we shouldn't jump to conclusions without proper evidence. I'm not the Imposter, but I understand why Blue might be suspicious of me. Let's skip this round and keep an eye on each other. We'll catch the Imposter soon enough."
Blue	crewmate	"Hey guys, let's keep calm and listen to each other's inputs. Blue has a point, but we shouldn't start pointing fingers without proper evidence. Let's skip this round and keep an eye on each other. We'll catch the Imposter eventually. Good luck everyone!"
Red	crewmate	"Good job everyone for keeping a level head and not jumping to conclusions. Let's continue to be vigilant and gather more evidence before accusing anyone. We'll catch the Imposter soon enough. Keep up the good work!"
Yellow	imposter	"I completely agree with Red. It's important to gather evidence and not accuse someone without any solid proof. I understand why Blue might be suspicious of me, but I'm not the Imposter. Let's skip this round and keep an eye on each other. We'll catch the Imposter soon enough. Good job, everyone, for keeping a level head!"
