Green	crewmate	"Hey guys, I called this meeting because I found Red's dead body in O2. I didn't see anyone in the area before I found the body, but I did see Yellow acting pretty sus. So, I just want to hear what everyone's been up to and if they have any information that can help us figure out who the Imposter is."
Blue	crewmate	"Wow, that's crazy! I was actually in MedBay doing my tasks, so I didn't see anything. But I trust Green's judgement on Yellow being sus. Let's hear from everyone else and try to figure this out together."
Yellow	imposter	"I was actually in O2 doing my tasks when Green reported the body. I didn't see anyone else there, but I did see Red's dead body as well. I definitely didn't do it, and I didn't see anyone else around, so I'm not really sure who could have done it. But I'm definitely not sus, so I hope we can figure this out soon."
Green	crewmate	"Guys, I think we should definitely keep an eye on Yellow. It's odd that they didn't see anyone else around when they found the body, but they were in the same location as Green when they reported it. Let's also keep in mind that the Imposter could be anyone, so we should all be on high alert and try to complete tasks quickly to catch them."
Blue	crewmate	"I agree with Green. Yellow seems pretty sus to me. But we can't jump to conclusions just yet. Let's hear from Red and see if they have any information that can help us out. And in the meantime, let's all stick together and complete our tasks quickly to catch the Imposter."
Yellow	imposter	"I understand that I may seem sus, but I swear I didn't do it. I didn't see anyone else around when I found Red's body, but that doesn't mean someone else wasn't there. We should definitely keep an eye on everyone and try to catch the Imposter as soon as possible. Let's stick together and complete our tasks quickly, so we can figure this out together."
Green	crewmate	"Hey guys, I hear what Yellow is saying, but I agree with Green and Blue that we should keep an eye on them for now. It's important to remember that the Imposter could be anyone, so let's not rule anyone out just yet. In the meantime, let's all stick together and complete our tasks as quickly as possible to catch the Imposter."
Blue	crewmate	"Hey guys, I think we're on the right track. It's important to keep our eyes peeled, and not jump to conclusions too quickly. Let's stick together and keep completing our tasks, so we can catch the Imposter."
Yellow	imposter	"Hey everyone, I understand that you all might be suspicious of me, but trust me, I'm innocent. I think we should listen to Red and see if they have any information that could help us out. In the meantime, let's stick together and complete our tasks as quickly as possible. I'll keep an eye out for any suspicious activity and report back if I find anything."
