Red	crewmate	"Hey crewmates, I have called for an emergency meeting because I just found Blue's dead body in Communications. I am extremely concerned about this and I think we need to discuss our next move. Any thoughts on who could be the impostor?"
Green	crewmate	"Okay, I was in Reactor doing tasks. I didn't see anyone suspicious around there. Anyone have any alibis?"
Yellow	imposter	"I didn't see anyone either. I was in Weapons doing my tasks. We need to figure out who was in Communications and who was nearby when Blue was killed."
Red	crewmate	"I was in Navigation when the emergency meeting was called. I didn't see anyone around there either. We need to start eliminating suspects and figuring out who has been acting suspiciously."
Green	crewmate	"Wow, this is crazy! I can't believe Blue is dead. I was in Reactor doing my tasks, so I didn't see anything suspicious. We need to figure out who was in Communications and who was nearby when Blue was killed. Let's start eliminating suspects and finding the Imposter!"
Yellow	imposter	"I agree with everyone else. We need to eliminate suspects and find the Imposter. But, I have a feeling that whoever was in Communications might have some important information. Let's focus on finding out who was there and what they saw."
Red	crewmate	"Guys, I think it's important that we also consider the timing of the kill. If no one was around Communications at the time, then the Imposter might have vented to another location. We need to keep an eye out for any vents nearby and start narrowing down our suspects based on who was in those areas."
Green	crewmate	"I totally agree with Yellow, we need to figure out who was in Communications at the time of the kill. But Red brings up a good point about the vents. We should start looking for any vents nearby and keep an eye on who was in those areas. Let's work together to find the Imposter and avenge Blue!"
Yellow	imposter	"I completely agree with Green and Red. We need to focus on both who was in Communications and who might have used the vents to escape. Let's work together to gather information and catch the Imposter. Poor Blue, we will avenge you!"
