Red	crewmate	"Hey, guys! I'm calling this meeting because I found Green's dead body in Weapons. I was doing my task and stumbled upon it. Did anyone see anything suspicious or have any information to share?"
Yellow	crewmate	"Okay, I was in Electrical doing my tasks, didn't see anyone around. But I can vouch for Blue, I saw them doing the wires task in Electrical as well."
Blue	imposter	"Wow, that's terrible news. I didn't see anything either. But thanks, Yellow, for vouching for me. I was indeed doing the wires task in Electrical. It's really sad to hear that Green is dead. We need to find the imposter as soon as possible."
Red	crewmate	"Thanks for sharing, Yellow. I was in Weapons doing my task and didn't see anyone around either. It's really concerning that the imposter is still among us. Let's be vigilant and keep an eye out for anything suspicious."
Yellow	crewmate	"Wow, this is really intense. It's scary to think that the imposter could be any one of us. Let's stick together and keep an eye out for any suspicious behavior. We need to catch the imposter before they strike again."
Blue	imposter	"Guys, it's really sad to hear that Green is dead, but I have no idea who the imposter could be. I appreciate your trust in me, Yellow, but don't let that cloud your judgment. We need to keep our eyes peeled for any suspicious behavior and try to catch the imposter in the act. Let's work together and get to the bottom of this."
Red	crewmate	"Wow, this is intense. It's really concerning that the imposter is still at large. I agree with all of you, let's stick together and keep an eye out for any suspicious behavior. We need to catch the imposter before they strike again."
Yellow	crewmate	"Absolutely, guys. We need to stay focused and keep our eyes peeled. Let's not jump to any conclusions, but let's also not ignore any suspicious behavior. We can catch this imposter if we work together and stay vigilant."
Blue	imposter	"Wow, this is really getting intense. It's hard to believe that the imposter is still out there. I'm really sorry to hear about Green, but we need to stay focused and not let our emotions cloud our judgment. I'm with you, Yellow, let's stick together and keep an eye out for any suspicious behavior. We can't let the imposter get away with this."
