Yellow	crewmate	"Hey guys, I found Blue's dead body in Cargo Bay and I have a hunch that it was Green who did it. I saw Green coming out of that area just before I found the body. Also, Green was acting kinda sus throughout the game."
Red	crewmate	"Okay, I believe you, Yellow. Let's vote Green out and see if they were really the Imposter."
Green	imposter	"Whoa, whoa, whoa! Hold on a minute there, Yellow. You're accusing me based on a hunch and some sus behavior? That's not enough evidence to vote me out. Besides, I could have just been doing a task in Cargo Bay. Let's not jump to conclusions here."
Yellow	crewmate	"Okay, let's not jump to conclusions. But we do need to vote someone out to make sure we're not all gonna die. So, Green, what were you doing in Cargo Bay?"
Red	crewmate	"Yellow's hunch seems valid to me. Green's behavior has been sus throughout the game and the fact that Yellow saw them in the area before finding the body is too much of a coincidence. I'm voting for Green."
Green	imposter	"Guys, I understand your concerns but I swear I was just doing a task in Cargo Bay. I don't have any hard evidence to prove my innocence but I'm not the Imposter. I'm willing to skip this vote and continue with the game if that's what everyone else wants."
Yellow	crewmate	"Guys, I understand that we don't have concrete evidence, but we need to vote someone out to stay safe. I'm still suspicious of Green, but if anyone has any other leads or information, please speak up now."
Red	crewmate	"Sorry Green, but I'm with Yellow on this one. Your behavior has been sus and I think it's best for the crew to vote you out. Let's stay focused and vote Green."
Green	imposter	"Guys, I understand your concerns but I'm not the Imposter. However, if you all think it's necessary to vote me out, I won't stand in your way. Just remember to keep an eye on Red too, they seem a little too keen on getting me out."
