Red	crewmate	"Hey guys, I just found Yellow's body in Admin and I'm pretty sure I saw Green vent out of there. I think Green is sus."
Blue	crewmate	"Okay, I didn't see anything in MedBay, but I trust your judgment Red. Let's vote Green and see what happens."
Green	imposter	"Whoa, whoa, whoa, hold up there Blue. You're just gonna trust Red like that? I was nowhere near Admin. I was in Electrical the whole time. Red is trying to frame me. He's the real sus one here."
Red	crewmate	"Okay, okay, let's all take a step back and think logically here. Red, did you see Green vent or were you just suspicious?"
Blue	crewmate	"Guys, we need to be careful here. Accusing someone without enough evidence can lead to innocent players being voted off. Let's hear everyone's alibi before we make any decisions."
Green	imposter	"Hey guys, I understand the urgency but let's not jump to any conclusions. I was in Electrical doing my tasks and didn't see anyone around. Red, did you actually see me do anything suspicious or are you just playing the blame game? Let's hear everyone's alibi before we vote anyone off."
Red	crewmate	"Hey guys, I appreciate the caution and logical thinking here. I was in Admin doing my tasks and didn't see anyone around either. Green, I'm not trying to frame you, I just saw you near Admin and got suspicious. But let's hear everyone's alibi before we make any hasty decisions. We don't want to accidentally vote off an innocent crewmate."
Blue	crewmate	"Good job, guys! That's the spirit of Among Us. We need to be logical and cautious before voting anyone off. Let's hear everyone's alibi and make sure we have solid evidence before accusing someone. Keep up the good work, crewmates!"
Green	imposter	"Thanks for the logical thinking, crewmates. I was in Admin doing my tasks and didn't see anyone around either. Let's hear everyone's alibi and make sure we have solid evidence before making any accusations. Remember, we don't want to vote off an innocent crewmate! Keep up the good work!"
