Yellow	crewmate	"Ay yo my fellow crewmates, I'm calling this meeting to report some sus activity. I found Green's dead body in Lower Engine and I saw Red coming from that direction. I'm not saying Red is the Imposter, but I have my suspicions."
Blue	crewmate	"Whoa, Yellow, that's some pretty sus evidence you got there. But we gotta be careful not to jump to conclusions. Do we have any other information or evidence to go off of?"
Red	imposter	"Hey guys, I was actually doing a task in Electrical when the body was discovered. I didn't see anyone around Lower Engine. But I agree with Blue, we shouldn't jump to conclusions based on just one piece of evidence. Maybe we should skip this vote for now and try to gather more information."
Yellow	crewmate	"I understand your caution, but we can't ignore the possibility that Red may be involved. We should keep an eye on them and see if they exhibit any more sus behavior."
Blue	crewmate	"Wow, Yellow found a dead body? That's pretty sus. But Red seems to have a good alibi. I agree with Red and Blue, we shouldn't jump to conclusions just yet. Let's skip this vote and see if we can gather more evidence before making a decision."
Red	imposter	"I totally agree with you guys. It's too early to make any conclusion based on just one piece of evidence. We should gather more information and then decide who to vote off. Let's skip this vote and keep an eye out for any sus behavior."
Yellow	crewmate	"Guys, I think it's smart to be cautious and gather more information. But we also shouldn't ignore any possible sus behavior. Let's keep an eye on everyone and try to gather more evidence before making any decisions."
Blue	crewmate	"Wow, things are getting pretty intense in here! It's good to see that everyone is being cautious and not jumping to conclusions. Let's keep our eyes peeled for any sus behavior and gather more evidence before making any decisions. Good teamwork, everyone!"
Red	imposter	"Wow, my crewmates really know what's up! It's important to gather as much evidence as possible before making any decisions. I'm going to keep an eye on everyone and try to blend in. Let's see if I can pull off this imposter win."
