Blue	crewmate	"Yo, crewmates, I called this emergency meeting to inform y'all that unfortunately, Red has been eliminated. And, okay, okay, okay, hear me out, I saw Green lurking around the Weapons room, looking real sus. So I think we need to discuss this and figure out who's the Imposter among us."
Yellow	crewmate	"Okay, okay, okay, I hear you Blue. That's a serious accusation you got there. But I was in Electrical doing my tasks so I didn't see anything suspicious. Maybe we should hear from Green first before we start voting. Let's not make any hasty decisions, crewmates."
Green	imposter	"Okay, okay, okay, crewmates. I was just in Weapons doing my tasks when I saw Red pass by. I didn't see anyone else in the room at that time. But I'm open to talking this out and figuring out who's the real Imposter. Don't vote me out just yet, guys. Let's work together and find the real culprit."
Blue	crewmate	"Okay, okay, okay, I understand what you guys are saying. But I have to agree with Blue here, Green was acting pretty sus. I didn't see anything myself, but I trust Blue's judgment. Let's hear from everyone else before we start voting, though. We don't want to make any mistakes and accuse the wrong person."
Yellow	crewmate	"Okay, okay, okay, I agree with Yellow. We shouldn't jump to conclusions just yet. Let's hear from everyone and gather more information before we start pointing fingers. The Imposter could be anyone among us, so let's work together and figure this out!"
Green	imposter	"I totally agree with Yellow and Blue. We should hear everyone out before making any rash decisions. But I have to say, I didn't see Red in Weapons when I was doing my tasks. Maybe we should keep an eye on them too."
Blue	crewmate	"I'm glad we're all on the same page here. It's important that we don't accuse anyone without solid evidence. Let's keep an eye on Red and gather more information before we make any decisions."
Yellow	crewmate	"I completely agree with everyone here. It's crucial that we don't make any hasty decisions without proper evidence. Let's keep an eye on Red, but also pay attention to other players' movements and behavior. We need to work together to figure out who the Imposter is."
Green	imposter	"Guys, I appreciate the cautious approach we're taking. But let's not forget that time is running out. As the Imposter, I'm running out of options to kill and sabotage. We need to act fast and find the real culprit before it's too late. I'm willing to keep an eye on Red and gather more information, but let's not waste too much time."
