Green	crewmate	"Yo, what's up guys? I had to call this emergency meeting because I found Red dead in the Cockpit. I didn't see anybody around but I've got my eyes on Yellow. They were acting a bit sus and lingering around the area before I found the body."
Blue	crewmate	"Damn, Red's dead? That's rough. I was in Reactor with Blue, doing my tasks. I didn't see anyone else around. Yellow, why were you hanging around in the Cockpit? You got some explaining to do."
Yellow	imposter	"Whoa, whoa, whoa! Hold up, Blue. I was doing my tasks in the Cockpit. I didn't see anyone around. Green is just trying to pin this on me because they're the Imposter. Don't fall for their lies. We need to skip this vote and keep an eye on Green."
Green	crewmate	"Guys, I understand that this is a tough situation, but we can't just skip this vote. We need to figure out who the Imposter is before they take out another crew member. Yellow, I understand that you were doing your tasks, but can anyone else vouch for your whereabouts? And Blue, I appreciate your alibi, but we need to consider the possibility that the Imposter is venting around the ship. Let's not jump to conclusions, but let's also not let the Imposter get away with this."
Blue	crewmate	"I agree with Green. We can't just skip this vote. We need to gather more information before accusing anyone. Yellow, can you tell us more about your tasks in the Cockpit? And Green, have you seen anyone else around the area before you found Red's body?"
Yellow	imposter	"I understand everyone's concerns, but I can assure you that I was doing my tasks in the Cockpit. I didn't see anyone else around, but I'm willing to answer any questions you have. Green, can you explain what tasks you were doing before finding Red's body? We need to work together and gather more information before we accuse anyone."
Green	crewmate	"Thanks for the update guys. Yellow, I appreciate your willingness to answer questions. Let's hear more about your tasks in the Cockpit. Blue, you bring up a good point about venting. We need to keep that in mind. As for me, I was doing the navigation tasks before finding Red's body. Let's work together and figure this out before it's too late."
Blue	crewmate	"It's great to see everyone working together to figure out who the Imposter is. I agree with Green that we need to be cautious and not skip the vote. Yellow, thanks for being willing to answer questions about your tasks. And Green, your navigation tasks could be helpful in figuring out any suspicious behavior around the area. Let's keep gathering information and work together to catch the Imposter!"
Yellow	imposter	"I appreciate everyone's cooperation in gathering more information. As for my tasks in the Cockpit, I was doing the wiring task. Green, your navigation tasks could definitely help us figure out any suspicious activity. Let's keep working together and catch that sneaky Imposter!"
