Red	crewmate	"Woah guys, hold up! I just found Yellow's dead body in Lower Engine! I'm pretty sus of Blue because I saw them vent in that area earlier. Anyone have any other info to share?"
Green	crewmate	"Okay, okay, let's not jump to conclusions just yet. But I did see Blue acting kinda sus earlier too. I was doing a task in Electrical and I saw Blue running away from there in a hurry. Maybe we should keep an eye on them."
Blue	imposter	"Guys, I was just doing my tasks in Lower Engine when I stumbled upon Yellow's body. I didn't see anyone around at the time. And Green, I was just in Electrical doing my task, I didn't see you there. I think we should consider other suspects before immediately pointing fingers at me."
Red	crewmate	"Okay, so it seems like we have some sus behavior from Blue and Green. But we shouldn't jump to conclusions just yet. We need to hear from Yellow and see if they saw anything before they died. I'm willing to skip this vote and gather more information before we accuse anyone."
Green	crewmate	"Hey guys, I agree with Red. We shouldn't vote anyone off just yet. Let's try to gather more information and see if Yellow had any clues before they died. But, I do think we should keep a closer eye on Blue and Green since their behavior does seem a bit sus."
Blue	imposter	"I understand that Green saw me acting sus earlier, but I was just trying to complete my tasks quickly. And I swear on my Among Us career that I did not kill Yellow. I support Red's idea of gathering more information before we start accusing anyone. Let's be careful not to vote off an innocent crewmate."
Red	crewmate	"I agree with Red and Green, we shouldn't jump to conclusions just yet. It's important to hear from Yellow and gather more information before we start accusing anyone. Let's keep an eye on Blue and Green, but let's not forget that there could be other suspects. We need to work together and use our detective skills to figure out who the real Imposter is."
Green	crewmate	"Hey guys, I completely agree with Red's idea of gathering more information before making any accusations. We should also keep an eye on Blue and Green, but we shouldn't forget that there could be other potential suspects. Let's work together and use our detective skills to figure out who the Imposter is. And Blue, I understand that you were trying to complete your tasks quickly, but we still need to be cautious."
Blue	imposter	"Guys, I completely understand your concerns about me and Green, but I assure you that we are not the Imposter. Let's work together and gather more information before we start accusing anyone. And let's not forget that there could be other suspects. I'm willing to help in any way I can to figure out who the real Imposter is."
