Green	crewmate	"Hey guys, sorry to interrupt the game, but we got a serious situation here. Yellow has been 'murdered' and I'm feeling kind of sus towards Red over here. I was last seen in Shields and I didn't see anyone near me. Did anyone see Red around Yellow before the murder or have any info on where they were during the murder?"
Blue	crewmate	"Okay, okay, hold up. First of all, RIP Yellow. But I was in Upper Engine the whole time and didn't see anything sus. I can vouch for Red too, they were with me in Upper Engine earlier. Maybe Green is trying to throw us off their trail? Just saying."
Red	imposter	"Wow, RIP Yellow indeed. That's really sad to hear. But sorry Green, you're totally wrong about me. I was nowhere near Yellow when they got 'murdered'. Blue is right, they can vouch for me. And honestly, I'm getting some sus vibes from you Green. Trying to throw us off your trail, huh? I think we should skip this vote and keep an eye on Green."
Green	crewmate	"Okay, okay, let's all take a deep breath here. First of all, rest in peace Yellow. I'm really sorry this happened. But I have to say, I trust Blue's alibi for Red. So maybe we should skip this vote for now and keep an eye out for any suspicious behavior. We don't want to vote off an innocent crewmate."
Blue	crewmate	"Wow, this is intense! RIP Yellow. I trust Blue's alibi for Red too. I think it's smart to skip the vote for now and keep an eye out for any sus behavior. Let's work together and catch the imposter!"
Red	imposter	"Wow, this is really unfortunate news about Yellow. I agree with Blue that I was with them in Upper Engine earlier and didn't see anything sus. And Green, I'm not sure why you're trying to throw us off your trail. I think we should skip this vote for now and keep an eye on you, just in case. Let's catch the imposter together!"
Green	crewmate	"I think it's a good idea to skip the vote for now and keep a close eye on everyone's movements. We want to make sure we don't accidentally vote off an innocent crewmate. Let's work together and catch that imposter!"
Blue	crewmate	"Wow, this is a tough situation. RIP Yellow. I agree with Green that we should skip this vote for now and keep an eye out for any sus behavior. Let's work together and catch that imposter! Stay vigilant, crewmates."
Red	imposter	"Wow, what a tragedy. RIP Yellow. I agree with the decision to skip the vote for now and keep a close eye on everyone's movements. I'll make sure to keep my sus detector on high alert. Let's work together and catch that sneaky imposter!"
