Green	crewmate	"Hey guys, I just called this meeting because I found Red's body in Upper Engine. I gotta say, I'm really sus of Yellow. I saw them leaving the area right before I found the body. I'm not saying for sure that they're the Imposter, but I think we should all keep a close eye on them for the rest of the game."
Blue	crewmate	"Wow, that's really sus. Thanks for bringing this up, Green. I didn't see anything in MedBay, but I'll definitely keep an eye on Yellow."
Yellow	imposter	"Guys, I was in Electrical fixing wires. I didn't even go to Upper Engine. Green is trying to frame me. Don't fall for it."
Green	crewmate	"I understand where Yellow is coming from, but I swear I saw them leaving Upper Engine right before I found Red's body. I'm not trying to frame anyone, just stating what I saw. Let's all be extra careful and keep an eye on each other."
Blue	crewmate	"Whoa, this is intense! I trust Green's observation, but I also want to give Yellow the benefit of the doubt. Let's keep an eye on both of them and gather more evidence before making any accusations."
Yellow	imposter	"I don't know what Green is talking about. I never went to Upper Engine. I was in Electrical the whole time. You guys are falling for Green's lies. Keep an eye on them instead."
Green	crewmate	"I understand where Yellow is coming from, but I stand by what I saw. It's important that we keep an eye on both Yellow and me, but I don't want to accuse anyone falsely. Let's gather more evidence before making any decisions."
Blue	crewmate	"I agree with Green that we should keep an eye on both Yellow and Green, but we shouldn't jump to any conclusions yet. Let's gather more evidence and keep a level head."
Yellow	imposter	"I appreciate that we're all being cautious and trying to gather more evidence before accusing anyone. However, I must say that I did see Green in Upper Engine and I'm pretty sure they were faking a task. I'm not accusing them yet, but let's keep an eye on them too."
