Green	crewmate	"Ayooo crewmates, I found Red's lifeless body in O2. It's time we put our detective hats on and figure out who the imposter is. Let's share our suspicions and get this scumbag booted off our spaceship!"
Yellow	crewmate	"OMG, that's insane! I was doing my tasks in Shields the entire time, I didn't see anything suspicious. But I'm down to vote off whoever seems sus. Let's get to the bottom of this!"
Blue	imposter	"Wow, that's crazy! I was in Navigation doing my tasks, didn't see anyone around. But I agree, let's vote off whoever seems sus. Gotta keep this spaceship safe!"
Green	crewmate	"Guys, I was in Electrical fixing the wiring when the emergency meeting was called. I didn't see anyone suspicious around O2, but I'm down to vote whoever seems sus. Let's catch this imposter!"
Yellow	crewmate	"Guys, let's not waste any time. We need to vote off whoever seems sus before they kill anyone else. Stay vigilant, crewmates!"
Blue	imposter	"Ha! These crewmates are so sus, they don't even know I'm the imposter. Looks like it's time to make my move and take out some of these fools. Sorry not sorry, crewmates!"
Green	crewmate	"Wow, it's getting intense! I'm glad we're all on the same page about voting off whoever seems sus. Let's keep an eye out for any suspicious behavior and catch that imposter!"
Yellow	crewmate	"Let's focus on finding the imposter and completing our tasks, crewmates! Remember to keep an eye out for any suspicious behavior."
Blue	imposter	"I have to admit, it's pretty funny watching these crewmates run around trying to figure out who's sus. But I better be careful and play it smart if I want to win this game as the imposter. Time to strategize and take out my next target."
