Green	crewmate	"Alright crewmates, I've called this meeting because I found Blue's body in MedBay. I didn't see anyone around when I found it, but I saw Red leaving the area just before I stumbled upon Blue's body. I think we should all keep an eye on Red and see if there's any suspicious behavior going on."
Yellow	crewmate	"Wow, that's crazy! I didn't see anything in Weapons where I was at. But I agree, let's keep an eye on Red and see if anything fishy happens."
Red	imposter	"I was just heading towards the Security room from MedBay, I didn't see Blue's body. But I did see Green coming from that direction. Maybe they're trying to frame me. I swear I'm innocent, guys."
Green	crewmate	"Guys, I understand that Red is a bit sus, but let's not jump to conclusions. We should keep an eye on everyone and gather more information before voting someone off."
Yellow	crewmate	"I didn't see anything in Weapons where I was at. But I agree, let's keep an eye on Red and see if anything fishy happens. It's important to gather more information before we vote someone off."
Red	imposter	"Hey guys, I understand your concerns about me being sus but I promise I didn't do it. Green, you seem to be defending me a lot. Are you trying to deflect suspicion off of yourself? I think we should keep an eye on Green as well."
Green	crewmate	"I agree with Yellow, we shouldn't jump to conclusions. It's important to gather more information and keep an eye on everyone, including Red and myself. Let's all stick together and figure this out."
Yellow	crewmate	"Good job, guys! It's important to stay level-headed and not jump to conclusions. Let's keep an eye on both Red and Green and gather more information before we vote anyone off. We got this!"
Red	imposter	"Guys, I appreciate that we're all on the same page here. I understand why some of you might be sus of me, but I promise I'm innocent. Let's stick together and figure out who the real imposter is. I'm keeping an eye on everyone, including myself. Let's catch this imposter and win this game!"
