Yellow	crewmate	"Hey guys, I've called this meeting because I found Green's dead body in Storage. I'm super sus of Blue because I saw them running out of the room right before I found the body. Can you confirm this, Blue?"
Red	crewmate	"I can confirm that I was in Storage, but I didn't see Green's dead body. I didn't see anyone else in the room either. I was just doing my tasks, man."
Blue	imposter	"I was in Storage, but I didn't see any dead body or Yellow. I was just doing my tasks, and I think Yellow is trying to frame me."
Yellow	crewmate	"Ok, first of all, I didn't try to frame anyone. I just saw Blue running out of the room and then found Green's body right after. So, Blue, why were you running out of Storage? And, Red, did you see anything suspicious or anyone else in the room?"
Red	crewmate	"Guys, I trust Red. They were doing their tasks in Storage and didn't see anything suspicious. However, I am sus of Blue because of Yellow's accusation. Blue, why were you in Storage and did you see anyone else in the room?"
Blue	imposter	"I don't know what you guys are talking about. I was just doing my tasks in Storage and didn't see anyone else in the room. Yellow's accusation is baseless and I think they might be the imposter trying to frame me. As for why I was running out of Storage, I was just trying to finish my tasks quickly. I think we should skip this vote and keep an eye on Yellow."
Yellow	crewmate	"I understand everyone's concerns, but I can assure you that I am not the Imposter. I did see Blue leaving Storage, but I didn't see anything else suspicious. Let's keep an eye on Blue and see if anything else comes up. I don't think we should skip the vote, but I'll leave it up to the group to decide."
Red	crewmate	"Wow, things are getting heated in here! I trust Yellow's observation of Blue leaving the room and finding Green's body. It's definitely sus that Blue is trying to deflect blame onto Yellow. I agree with Yellow that we should keep an eye on Blue, but I don't think we have enough evidence to vote them off yet. Let's skip this vote, finish our tasks, and reconvene later."
Blue	imposter	"I can't believe Yellow is trying to frame me! I was just doing my tasks in Storage and didn't see anyone else. I think we should trust Red's observation of Yellow and keep an eye on them. Let's skip this vote for now and focus on finishing our tasks. We'll catch the real imposter soon enough."
