Green	crewmate	"Hey guys, I just found Blue's body in the Cargo Bay. It's not looking good, we gotta figure out who the Imposter is before they strike again!"
Red	crewmate	"OMG, that's crazy! I was in Lower Engine the whole time, didn't see anyone suspicious around. Any sus on anyone else?"
Yellow	imposter	"Wow, that's terrible news. I didn't see anyone around MedBay either. But I did see Red coming from the direction of the Cargo Bay. Not trying to be sus, just trying to give some info."
Green	crewmate	"Guys, I didn't see anyone around the Cargo Bay either. But I did see Blue and Red together earlier. Not saying Red is sus, just something to keep in mind."
Red	crewmate	"Wow, this is insane! I was just in Lower Engine and didn't see anything suspicious. But Yellow, I can vouch for myself that I was not in the Cargo Bay. Green, I did see Blue earlier but we were just doing tasks together. Let's keep investigating and try to figure out who the Imposter is before it's too late!"
Yellow	imposter	"Guys, I don't know what to say. It's not me, I swear! But I do think it's a bit sus that Red and Blue were together earlier. I think we should keep an eye on them both."
Green	crewmate	"Okay, let's take a deep breath everyone. We need to keep our eyes open and gather more information. Red, thanks for vouching for yourself. Yellow, I appreciate you sharing what you saw. Let's not jump to conclusions, but keep an eye on both Red and Blue for now. We'll figure this out together."
Red	crewmate	"Thanks for not immediately jumping to conclusions, Green. I understand that it may seem sus that Blue and I were together earlier, but we were just doing our tasks. I agree that we should keep investigating and gather more information before accusing anyone. Let's work together to find the Imposter!"
Yellow	imposter	"I totally agree with Green. We need to keep calm and not accuse anyone without concrete evidence. However, I did notice some suspicious activity while I was in MedBay. I think we should also keep an eye on Red, just to be safe."
