Red	crewmate	"Hey guys, I'm calling this meeting because I just saw that Blue has been murdered in Security. I didn't see anyone around, but we need to figure out who could have done this before they strike again. We cannot afford to skip this one."
Green	crewmate	"OMG, not Blue! This is so sus. I was in O2 doing tasks. Did anyone see anything? We need to vote someone out or we'll lose for sure."
Yellow	imposter	"Wow, that's really unfortunate. I didn't see anything either, but I was in MedBay doing my own tasks. It's definitely crucial that we figure out who did this, or else we'll be in trouble. I'm down to vote whoever seems sus."
Red	crewmate	"Guys, I was in Security with Blue just before he got murdered and I didn't see anyone around. But I did see Green in O2, so maybe they can vouch for each other? Yellow, what tasks did you do in MedBay? We need to start narrowing down our suspects or we're going to lose this game."
Green	crewmate	"OMG, this is so intense! I can't believe Blue is gone. I was in O2 doing tasks, but I didn't see anyone around. Yellow, what tasks did you do in MedBay? We need to figure out who could have done this before they strike again. I'm definitely down to vote whoever seems sus."
Yellow	imposter	"I totally agree with Red. I didn't see anything suspicious in MedBay, but it's definitely possible that Green and Blue were together in O2. As for my tasks in MedBay, I did the Scan and the Sample Collection. I'm down to vote whoever seems sus, let's get to the bottom of this!"
Red	crewmate	"Alright, we have some information to work with here. It's good to know that Yellow did the Scan and Sample Collection tasks in MedBay. As for Green, they claim to have been in O2 doing tasks. It's possible that they were both occupied with tasks and didn't see anything. But we can't rule anyone out just yet. Let's keep discussing and see if we can gather more information. We need to catch the Imposter before they strike again!"
Green	crewmate	"Wow, this is getting intense! It's good to know that Red and Yellow have some info to share. I was in O2 doing tasks and didn't see anything, but maybe Blue and I were just too focused on our tasks to notice anything. I'm definitely down to vote for whoever seems sus. Let's work together and catch that Imposter before they cause any more damage!"
Yellow	imposter	"Wow, this is getting interesting! It's good to see that we are all working together to find the Imposter. As for me, I did do the Scan and Sample Collection tasks in MedBay, but I didn't see anything suspicious. It's definitely possible that the Imposter was with Green and Blue in O2. Let's keep discussing and gathering information. We will catch the Imposter soon!"
