Green	crewmate	"Hey guys, I just found Blue's body in Cafeteria. I was heading to Admin to swipe my card and stumbled upon Blue's lifeless body. I didn't see anyone around, so I have no idea who did it. Do any of you have any information or saw anything suspicious?"
Yellow	crewmate	"Wow, that's crazy! I was in Weapons with Red and didn't see anything suspicious. I think we should skip for now, but keep an eye on Green since they were the one who found the body."
Red	imposter	"Well, that's really unfortunate. It must have been a sneaky kill. I was in Shields fixing some wiring, so I didn't see anything either. But, I agree with Yellow, we should keep an eye on Green. They could be trying to throw us off their trail by reporting the body."
Green	crewmate	"Guys, I understand your suspicion, but I promise I'm not the Imposter. I was just doing my tasks and stumbled upon Blue's body. We can skip for now, but let's keep an eye on each other and try to gather more information in the next round."
Yellow	crewmate	"I agree with Red and Yellow, it's a sneaky kill. Let's skip for now, but keep an eye on each other and complete our tasks. We'll gather more information in the next round."
Red	imposter	"I totally agree with Yellow and I think we should keep an eye on Green. But, I'm willing to skip for now and continue with our tasks. We can gather more information in the next round and hopefully figure out who the Imposter is."
Green	crewmate	"Hey guys, I understand your concern and I'm willing to cooperate with you all. Let's focus on completing our tasks and keeping an eye on each other. We'll find the Imposter soon enough."
Yellow	crewmate	"Wow, it seems like everyone is in agreement that we should skip for now and focus on completing our tasks while keeping an eye on each other. I trust that we'll find the Imposter soon enough. Let's do this, team!"
Red	imposter	"Phew, that was a close one. I thought for sure they were onto me. I'll have to be more careful next time and make sure to cover my tracks. But for now, let's keep up the act and pretend to be innocent. I'll just keep sabotaging and causing chaos until I can eliminate the rest of the crew."
