Yellow	crewmate	"Yo fellow crewmates, I've found Red's dead body in Lower Engine. I didn't see anyone around, but I'm highly suspicious of Green. They were acting pretty sus earlier and I saw them moving in the general direction of Lower Engine."
Blue	crewmate	"Sad to hear about Red, but we can't just jump to conclusions. We need more evidence before we accuse anyone. Where were you, Green?"
Green	imposter	"Ah man, that's a bummer about Red. But I wasn't anywhere near Lower Engine. I was up in Medbay doing a scan, you can ask anyone who was there. Yellow is just trying to throw the blame off of themselves."
Yellow	crewmate	"Hey guys, I understand that we need evidence to accuse someone, but I really did see Green moving towards Lower Engine earlier. I'm not trying to throw any blame, just wanted to point out something that seemed suspicious. And I wasn't even near the body when I found it, I was just passing through."
Blue	crewmate	"Seems like we have a tough situation here. We need to be careful and gather more evidence before jumping to any conclusions. Let's hear from others and see if anyone saw anything or has any other leads. We need to work together as a team and find the imposter among us."
Green	imposter	"Hey guys, I understand the need for evidence and all, but let's not forget that Yellow is the one who found the body. Seems a little sus to me. And as for my whereabouts, I was in Medbay doing a scan like I said earlier. I'm willing to vote for Yellow if that's what it takes to find the imposter among us."
Yellow	crewmate	"Guys, I understand that we're all trying to find the imposter, but we need to stay calm and not accuse each other without evidence. Let's keep investigating and see if anyone else saw anything suspicious. We can't risk voting off an innocent crewmate."
Blue	crewmate	"Wow, this is getting intense. It's important that we don't jump to conclusions and accuse each other without solid evidence. Let's keep investigating and see if we can find any more clues. We can do this together as a team and find the imposter among us. Stay vigilant, crewmates!"
Green	imposter	"Nice one, Blue. But let's not waste any more time. I think we all know who the real imposter is. Sorry, Yellow, but you're outta here!" *casts vote*
