Red	crewmate	"Hey guys, I've called this meeting because I found Yellow's body in the cockpit. I was heading to do my task in navigation when I stumbled upon it. I didn't see anyone in the vicinity, so I'm not sure who did it. Does anyone have any information or see anything suspicious?"
Blue	crewmate	"I didn't see anyone suspicious in Reactor where I was doing my task. But I did see Green running in the opposite direction when I was heading there. Not sure if that means anything."
Green	imposter	"Well, I was actually heading towards Storage from the cockpit when I saw Blue in Reactor. I didn't see anyone else around, so maybe it's Blue who did it."
Red	crewmate	"Okay, let's not jump to conclusions. It could be anyone. We need to gather more information before making any accusations. Does anyone else have any input?"
Blue	crewmate	"Guys, I agree with Red. We don't want to accuse anyone without proper evidence. Let's try to gather more information and complete our tasks. The imposter won't win if we stick together."
Green	imposter	"I totally agree with Blue and Red. We need to be careful and not accuse anyone without proper evidence. Let's continue with our tasks and keep an eye out for any suspicious activity. We can catch the imposter if we work together and stay vigilant."
Red	crewmate	"Great job, guys! I'm proud of our teamwork. Let's continue with our tasks and keep an eye out for any suspicious activity. We got this!"
Blue	crewmate	"Great teamwork, guys! Let's keep completing our tasks and keep an eye out for any suspicious behavior. We can definitely catch that imposter if we work together and stay vigilant."
Green	imposter	"I am glad that my fellow crewmates are on the same page as me. I will continue to act innocent and complete my tasks while secretly sabotaging and eliminating them one by one. They may think they have great teamwork, but they won't see me coming."
