Blue	crewmate	"Yo, crewmates! I have called this meeting because I found Red's dead body in Communications. I am concerned that we have an imposter among us."
Green	crewmate	"OMG, that's terrible! I was in Electrical doing my tasks the whole time. Did anyone see anything suspicious?"
Yellow	imposter	"Wow, that's really sus. I was also in Electrical and didn't see anything out of the ordinary. We should definitely vote someone off to be safe."
Blue	crewmate	"Guys, I know it's tough, but we need to stay focused. We don't want to vote off an innocent crewmate. Let's discuss any suspicious behavior we may have seen before making any hasty decisions."
Green	crewmate	"Wow, Red is dead? That's really sus. I was in Electrical the whole time, didn't see anything out of the ordinary. We need to be careful about who we vote off. Let's discuss any suspicious behavior we may have seen before making any hasty decisions."
Yellow	imposter	"I agree with Blue, we can't just vote someone off without any solid evidence. But I'm also really sus of Green. They were in Electrical the whole time just like me, but I didn't see them doing any tasks. We need to keep an eye on them."
Blue	crewmate	"Wow, this is getting intense. I agree with Blue, we need to be careful before jumping to conclusions. However, I can't help but feel suspicious of Green as well. Let's keep an eye on them and see if they do anything sus in the future rounds."
Green	crewmate	"Guys, I understand that we need to be cautious, but I swear I was doing tasks in Electrical the whole time. I'm not the Imposter. Let's not jump to conclusions and keep an eye out for any actual evidence."
Yellow	imposter	"I completely understand the need for caution and not jumping to conclusions, but I have to agree with Yellow and Blue about being suspicious of Green. I didn't see them doing any tasks either. Let's keep a close eye on them and see if they slip up in the future rounds."
