Green	crewmate	"Hey guys, I just found Yellow's lifeless body in Weapons. I'm hella sus of Blue because I saw him venting near here earlier. Anyone else got any deets on their whereabouts?"
Red	crewmate	"Okay, okay, okay, let's all calm down now. I was in O2 doing my tasks and didn't see anything. But, I trust Green's observation about the venting. So, I'm voting Blue."
Blue	imposter	"Whoa, whoa, whoa, hold up there. I was doing my tasks in Navigation. I have no idea what you guys are talking about. Green, are you sure it was me venting? I think you're just trying to throw me under the bus."
Green	crewmate	"Listen, I know what I saw. Blue was definitely venting near Weapons. I didn't see anyone else around there at the time. I'm voting Blue too."
Red	crewmate	"Okay, okay, okay, let's not jump to conclusions too quickly here. We don't have enough evidence to be certain that Blue is the Imposter. However, I do think we need to keep an eye on him. For now, I'm skipping this vote and continuing to do my tasks. Let's gather more information before we make any hasty decisions."
Blue	imposter	"Guys, I'm telling you, it was not me. I was nowhere near Weapons. Green, are you sure you saw me venting? Maybe it was someone else who looks like me. I think we should skip this vote and gather more information. Don't be too hasty to accuse me."
Green	crewmate	"Okay, okay, okay, let's all calm down here. It's tough to say who the Imposter is at this point. We should keep an eye on Blue, but let's not jump to any conclusions just yet. I'm going to skip this vote and continue doing my tasks. Let's work together and gather more information before we make any accusations."
Red	crewmate	"Hey guys, I agree with Red and Green. We don't have enough evidence to accuse Blue just yet. Let's keep an eye on him and gather more information. For now, I'm going to finish up my tasks in O2. Good luck everyone!"
Blue	imposter	"Guys, I'm telling you, I was doing my tasks in Weapons. I don't know why Green would make up such a thing about me venting. But I agree with Red and Green, let's not jump to conclusions. We should skip this vote and gather more evidence. Good luck everyone!"
