Red	crewmate	"Yo crewmates, I just stumbled upon Blue's dead body in Electrical. I'm pretty sure it was a cold-blooded murder by one of the imposters lurking among us. We need to start investigating who could have done this and I'm all ears for any sus activity that you might have noticed."
Yellow	crewmate	"OMG, that's so sus! I was in Navigation doing my tasks and didn't see anything out of the ordinary. But we should definitely start investigating and find out who did this. I'm voting for skipping the vote this round and gathering more evidence."
Green	imposter	"Wow, sounds like we've got a real sneaky imposter among us. I was in the Cockpit doing my tasks, didn't see anything sus. But I think we should listen to Yellow and skip the vote this round. Let's gather more evidence and catch this imposter."
Red	crewmate	"Guys, I agree with Yellow and Green. Skipping the vote and gathering more evidence is the best option right now. We don't want to risk voting out an innocent crewmate and letting the imposter get away. Let's keep an eye out for any sus activity and report any findings in the next emergency meeting."
Yellow	crewmate	"I'm glad we're all on the same page. Let's stay vigilant and keep an eye out for any suspicious behavior. We'll catch the imposter in no time!"
Green	imposter	"I couldn't agree more with my fellow crewmates. Skipping the vote this round is the smartest move. Let's keep our eyes peeled for any sus activity and gather more evidence before making any hasty decisions. The imposter won't be able to fool us for long!"
Red	crewmate	"I completely agree with Green, Yellow, and myself. Skipping the vote and gathering more evidence is the way to go. Let's stay alert and catch that sneaky imposter. Electrical is one of the most sus places, so be careful out there, crewmates!"
Yellow	crewmate	"I'm glad that we're all on the same page and working together to catch the imposter. Let's keep an eye out for any suspicious activity and report it immediately. We can't let the imposter get away with this!"
Green	imposter	As the imposter, my response would be, "Wow, these crewmates are really onto something, but they have no idea it's me. I'll have to be extra careful and make sure no one catches me in the act. Electrical might be sus, but I'll make sure to cover my tracks."
