Blue	crewmate	"Hey guys, I just found Red dead in the Cafeteria. I think we have an imposter among us. I saw Yellow near the area, so I am really sus of them. Anyone else got any info?"
Green	crewmate	"Okay, I was in the Cockpit doing my tasks, so I didn't see anything. But if Blue saw Yellow near the Cafeteria, then Yellow is definitely sus. Let's vote them out and see if we were right."
Yellow	imposter	"Well, that's really sus of Blue to accuse me just because I was near the Cafeteria. I was actually doing my tasks in the Storage room. But if you guys want to vote me out, go ahead. Just remember that you might be voting out an innocent crewmate."
Blue	crewmate	"Guys, I understand that we are all under pressure, but let's not be hasty with our votes. Yellow's defense seems pretty convincing to me. Maybe we should skip this vote and try to gather more information before accusing anyone else."
Green	crewmate	"Wow, this is getting intense! I trust Blue's observation about seeing Yellow near the Cafeteria, but Yellow's alibi about being in the Storage room also sounds convincing. Maybe we should skip this vote and try to gather more evidence before we vote someone out. Let's be careful and not make any hasty decisions."
Yellow	imposter	"Guys, I understand that tensions are high, but accusing someone without concrete evidence is not fair. I was doing my tasks in the Storage room, and I'm willing to show you if you want to come with me. Let's not vote anyone out until we have more information. We're all in this together, remember?"
Blue	crewmate	"I completely agree with both Blue and Green. We shouldn't be too quick to vote someone out without concrete evidence. Yellow's defense does seem convincing, but we should try to gather more information before making any hasty decisions. Let's work together and find the real Imposter!"
Green	crewmate	"Great points, everyone! I'm glad we're all on the same page. Let's keep an eye out for any suspicious behavior and gather more evidence before we make any decisions. We got this!"
Yellow	imposter	"I totally agree with everyone. We should work together and not jump to conclusions. I'm willing to show you my tasks in the Storage room if you want to come with me. Let's find the real Imposter together!"
