Red	crewmate	"Yo, people! I just found Yellow's dead corpse in the Navigation room. Something sus is definitely going down here. Anyone got any intel on who could be the impostor?"
Green	crewmate	"I was in Security the whole time and didn't see anything sus. But I did see Blue doing a task in Electrical earlier. Maybe that clears them?"
Blue	imposter	"Wow, I can't believe someone would do that! I was in Electrical doing my tasks, but I didn't see anyone around. Maybe we should skip this vote for now and keep an eye on each other."
Red	crewmate	"Yo, thanks for the info Green. I was doing my tasks in Medbay, so I didn't see anything either. But skipping the vote seems like a smart move for now. Let's keep an eye out for any sus behavior."
Green	crewmate	"Hey guys, it's definitely a tough situation. Red, thanks for the heads up. Blue, I believe you. Skipping the vote for now seems like a good move. Let's keep our eyes peeled for anything suspicious."
Blue	imposter	"I totally agree with skipping the vote for now. We don't want to make any hasty decisions and vote off an innocent crewmate. Let's keep up the good work and keep our eyes peeled for any sus behavior."
Red	crewmate	"Yo, good communication team! Skipping the vote for now is the big brain move. Let's keep our eyes peeled for any sus behavior and complete our tasks to catch the Imposter in action."
Green	crewmate	"Great team communication, guys! Skipping the vote and being cautious is the way to go. Let's keep up our tasks and keep an eye out for any sus behavior. We got this!"
Blue	imposter	"I'm glad to see that we're all on the same page here. Skipping the vote is definitely the smart move. Don't worry, I'll keep up the act of being an innocent crewmate while I continue to sabotage and eliminate. Let's see who slips up first."
