Blue	crewmate	"Hey guys, I just found Red's dead body in Admin. I think we need to start discussing who could have done this."
Yellow	crewmate	"OMG, that's terrible! I was just in Reactor doing some tasks, I didn't see anything suspicious. Did anyone see anyone else around that area?"
Green	imposter	"Wow, that's crazy. I was in Electrical fixing some wires when this happened. I didn't see anyone around. But we should definitely discuss and try to figure out who the imposter is."
Blue	crewmate	"Guys, we need to start voting and figure out who the imposter is before they strike again. I didn't see anyone around Admin, but we need to start sharing our alibis and suspicious behavior."
Yellow	crewmate	"I'm with Green on this one. I didn't see anyone around Reactor when I was doing my tasks. We should all share our alibis and try to figure out who the imposter could be before it's too late."
Green	imposter	"I totally agree with Blue. We need to start voting and figure out who the imposter is before they strike again. Even though I was in Electrical fixing some wires, I'm sure we can all work together and figure out who the culprit is. Let's share our alibis and suspicious behavior and get to the bottom of this!"
Blue	crewmate	"Great teamwork guys! Let's all share our alibis and suspicious behavior so we can catch the imposter and win this game!"
Yellow	crewmate	"Agreed! We need to work together and share information to catch the imposter. I didn't see anyone in Reactor when I was doing my tasks, but I'm willing to listen to everyone's alibis and suspicious behavior to help us figure out who the imposter could be."
Green	imposter	"Wow, everyone is being so cooperative and helpful! It's great to see us all working together to catch the imposter. As for my own alibi, I was in Electrical fixing some wires at the time. But I'm eager to hear everyone else's story and see if we can piece together who the imposter is."
