Yellow	crewmate	"Hey guys, I found Green's dead body in Upper Engine and I'm sus of Red. I saw them coming from that direction, so they could have done it and then self-reported."
Blue	crewmate	"Okay, I hear you, Yellow. But I don't think we should be too hasty to vote Red off. We don't have any hard evidence against them yet. Let's keep an eye on them and see if anyone else has any information that could help us figure out who the Imposter really is."
Red	imposter	"Hey guys, I was actually in Med Bay when the body was reported. I didn't see anyone nearby, but I did see Blue running in the opposite direction. Maybe they were trying to avoid being seen near the scene of the crime?"
Yellow	crewmate	"As the one who found the body, I'm pretty sure it's Red. But I understand where Blue's coming from. Let's keep an eye on Red and see if we can gather more evidence before making a decision."
Blue	crewmate	"Hey guys, I think it's important for us to gather more information before making any decisions. Let's keep an eye on Red and see if anyone else has any evidence that could prove their innocence or guilt. Yellow, did you see anyone else in the area besides Red?"
Red	imposter	"Guys, I understand your concerns, but I think we should be cautious. Blue, you make a good point about gathering more information. Let's all keep an eye out and see if anyone else has any evidence before making any hasty decisions. Yellow, were you able to see anyone else in the area besides me?"
Yellow	crewmate	"I agree with Blue. We should gather more evidence before jumping to any conclusions. Red's alibi seems a bit too convenient. Let's keep an eye on them and see if anyone else has any information to share."
Blue	crewmate	"I think it's great that we are all being cautious and gathering more evidence before accusing anyone. Let's keep our eyes peeled and see if anyone else has any information that could help us figure this out."
Red	imposter	"Guys, I understand that we need to be cautious and gather more evidence, but let's not forget that time is running out. We need to make a decision soon if we want to save the ship. I'm willing to share my alibi and answer any questions you have. Let's work together and find the imposter before it's too late."
