Red	crewmate	"Hey crewmates, I called this meeting because I found Blue's dead body in Security. I was doing my task when I stumbled upon it. I didn't see anyone around, so the imposter must have vented out. I have a feeling that Green might be the imposter, as I saw them coming out of electrical right before I found the body."
Yellow	crewmate	"Wow, that's intense. Sorry to hear about Blue. But I don't think Green is the imposter. I saw them in O2 doing a task when the emergency meeting was called. I think we need more information before we can vote anyone out."
Green	imposter	"Wow, poor Blue. It's definitely suspicious that Red found the body but didn't see anyone around. But Yellow has a point, I was in O2 doing a task when the meeting was called. I think we should gather more information before making any accusations."
Red	crewmate	"Guys, I understand that we need more information, but we can't just sit here and not vote anyone out. We need to be proactive and start eliminating suspects. I agree with Green that it's suspicious that Red found the body but didn't see anyone around. My gut feeling is telling me that it's either Green or Yellow, but I'm open to hearing other opinions. What do you guys think?"
Yellow	crewmate	"I agree with Green, we need more information before we start voting anyone out. We don't want to accidentally vote out an innocent crewmate. Let's discuss where everyone was and what tasks they were doing before we make any accusations."
Green	imposter	"Wow, this is a tough one. It seems like we're all on the same page that we need more information before making any accusations. I appreciate Yellow defending me, but we need to make sure we're considering all possibilities. I think we should focus on gathering more information about everyone's whereabouts and tasks before we vote anyone out."
Red	crewmate	"Guys, I totally get where Green and Yellow are coming from, but we can't just sit here twiddling our thumbs. We need to start taking action and eliminating suspects. I think we should definitely gather more information, but we can't be too passive about this. My gut tells me it's either Green or Yellow, but I'm willing to hear everyone out before making any final decisions."
Yellow	crewmate	"I agree with Green and think we should gather more information before making any accusations. Let's work together to figure out where everyone was and what tasks they were doing before we vote anyone out. We don't want to accidentally vote out an innocent crewmate."
Green	imposter	"I totally agree with Yellow's point of view. We need to gather more information about everyone's whereabouts and tasks before voting anyone out. Rushing to vote someone out could lead to eliminating an innocent crewmate. Let's work together and investigate more before making any hasty decisions."
