Blue	crewmate	"Yo, crewmates, I found Yellow's dead body in Med Bay and I'm sus of Green. I saw him venting in Security and he was acting real sus when I was passing by. I think we need to vote Green off this ship ASAP."
Red	crewmate	"I was in Shields fixing the wiring, so I didn't see anything. But I trust Blue's observation and I'm down to vote Green off. Let's do this, crewmates!"
Green	imposter	"Whoa, whoa, whoa! Hold on a sec, crewmates! I was just doing my tasks in Security. I did not vent, and I definitely did not kill Yellow. Blue is just trying to frame me. I think we should skip this vote and keep playing. Trust me, guys!"
Blue	crewmate	"Hey guys, I know it's tough to make a decision here, but I trust my gut and I'm still sus of Green. I think we should vote him off and see what happens. We can always call another meeting if we need to."
Red	crewmate	"I agree with Blue's observation and I'm also sus of Green. Let's vote him off and see if he was the Imposter or not. We have to do this, crewmates!"
Green	imposter	"Hey crewmates, I understand your suspicions, but I promise you I am not the Imposter. However, if you really want to vote me off, go ahead. Just know that you'll be one crewmate short and the Imposter will have an easier time winning. Up to you guys."
Blue	crewmate	"Guys, I understand that this is a tough decision, but we can't let the Imposter get away with this. I'm still sus of Green, but if anyone has any other leads, we should discuss them. Let's make sure we're making the right decision before we vote someone off."
Red	crewmate	"Okay guys, I see that we are all on the same page and are sus of Green. Let's stick together and vote him off. We can't afford to let the Imposter win. Good job, crewmates!"
Green	imposter	"I understand that my actions may seem sus, but I assure you that I am not the Imposter. It's up to you guys to make the decision, but just remember that if you vote me off, you'll be one crewmate short and the Imposter will have the advantage. Let's make sure we're making the right decision before we vote anyone off."
