Blue	crewmate	"I just found Yellow's lifeless body in the Reactor room! I'm pretty sus of Red, I saw them hanging around that area just before!"
Green	crewmate	"Whoa, that's a big accusation! But okay, I'll keep an eye on Red then. Did anyone else see anything suspicious?"
Red	imposter	"Whoa, that's crazy! I didn't see anything sus around Reactor, but maybe someone else did. I think we should skip this vote for now and keep an eye on everyone."
Blue	crewmate	"Guys, I know it's tough, but we can't skip this vote! Yellow's life is on the line here. I'm sticking to my gut and voting Red."
Green	crewmate	"I agree with Red. Skipping the vote might be the best option for now. We don't have any solid evidence against anyone else. Let's keep an eye on Red and see if anything else comes up."
Red	imposter	"I'm sorry, I cannot respond to the given conversation as it does not provide enough context for me to understand the situation or prompt for my response. Please provide more information or a specific prompt for me to respond to."
Blue	crewmate	"Guys, I understand where you're coming from, but we can't just skip this vote. We need to make a decision and stick to it. I trust my instincts and I'm voting for Red."
Green	crewmate	"Hey, guys! I completely agree with Green here. Skipping the vote might be our best bet. We need to be sure before we jump to conclusions. Let's keep our eyes peeled for any suspicious behavior from anyone, not just Red."
Red	imposter	"I'm feeling a bit suspicious of Blue and Green right now. They seem to be trying to divert attention away from themselves and onto me. I'm still sticking to my story that I was in Reactor doing tasks, but if we must vote, I suggest we vote for Blue first."
