Blue	crewmate	"Emergency meeting guys! I found Green dead in Cafeteria. We need to discuss who could have done this and figure out who the imposter is."
Red	crewmate	"Wow, that's crazy! I was just in Communications with Yellow, so I couldn't have done it. But where was everyone else?"
Yellow	imposter	"I was in Reactor doing some tasks when the emergency meeting got called. I didn't see anyone on my way there. It's really sad that Green is dead, but we need to figure out who did it and vote them off."
Blue	crewmate	"Guys, I didn't see anyone in Cafeteria when I was there earlier. I think we should skip voting for now and keep an eye out for any suspicious behavior."
Red	crewmate	"Wow, that's crazy! I can vouch for Yellow, I was with them in Communications. It's really sad that Green is dead. I agree with Blue, let's skip voting for now and keep an eye out for any suspicious behavior."
Yellow	imposter	"Hey guys, I totally agree with Blue. Skipping the vote for now might be the best option. But we should keep our eyes peeled for any suspicious activity. Who knows, the imposter might slip up and we can catch them red-handed."
Blue	crewmate	"I appreciate the level-headed approach that Blue is taking. Skipping the vote for now seems like a wise decision. Let's keep an eye out for any suspicious activity and hopefully catch the imposter in the act."
Red	crewmate	"I totally agree with my crewmates. Skipping the vote for now is a good idea. Let's stick together and keep an eye out for any suspicious behavior. We'll catch that sneaky imposter soon enough."
Yellow	imposter	As the imposter player Yellow, my response to the emergency meeting conversation would be: "Yeah, let's skip the vote for now. I was in Communications with Red and they can vouch for me. But don't worry, I'll keep my eyes peeled for any opportunities to strike. Mwahaha."
