Green	crewmate	"Hey guys, I just called this meeting because I found Blue's dead body in the Reactor. I was with Red in Admin and he looked pretty sus, so I thought we should all discuss and vote on whether or not he could possibly be the Imposter."
Yellow	crewmate	"OMG, this is crazy! I was in Electrical the whole time, so I didn't see anything. But, Red did seem a bit sus earlier when he was running around alone. Let's hear what he has to say for himself."
Red	imposter	"Guys, I was just doing my tasks in Reactor when I found Blue's body. I didn't see anyone around. And Yellow, I don't appreciate you throwing baseless accusations my way. I was just running around trying to complete my tasks like a good crewmate."
Green	crewmate	"Okay, let's not jump to conclusions here. Red's story seems plausible, but we should still keep an eye on him. Yellow, do you have any other information that could help us figure out who the Imposter is?"
Yellow	crewmate	"Guys, I don't have any new information, but I'm inclined to believe Red's story. Green, I agree that we shouldn't jump to conclusions, but we should still keep an eye on everyone, just in case. Let's finish our tasks and keep an eye out for any suspicious behavior."
Red	imposter	"As if! Yellow is clearly trying to throw me under the bus with his sus accusations. I swear on my crewmate status that I didn't do it. But hey, if you insist on keeping an eye on me, go ahead. Just know that you're wasting your time because I'm innocent. In the meantime, I'll be completing my tasks like a boss."
Green	crewmate	"Alright, let's not get too heated here. Red's story seems plausible, but we shouldn't rule out the possibility that someone else could have done it. Let's keep an eye on everyone and see if anyone behaves suspiciously. In the meantime, let's all finish our tasks and keep moving forward, crewmates!"
Yellow	crewmate	"Hey guys, let's all calm down and focus on completing our tasks. The Imposter wants us to turn on each other and lose track of our objectives. We need to keep our eyes peeled for any sus behavior and stick together as a team. Good luck, crewmates!"
Red	imposter	"I can't believe Yellow is trying to throw me under the bus like that. I know I'm innocent, and I'll prove it by finishing my tasks like a boss. Green is right, we shouldn't jump to conclusions, but we should definitely keep an eye on everyone. Let's stick together as a team and catch that Imposter!"
