Green	crewmate	"Hey players, I just found Red's cold, dead body in Storage. I think we need to call an emergency meeting to discuss who the Imposter might be. I'm shook, I thought we were all homies here. Anyone have any sus vibes they want to share?"
Blue	crewmate	"Yo, that's crazy! I was just in Reactor doing my tasks. I haven't seen anyone around, but I'm down to hear everyone out. Let's figure out who the Imposter is and get them out of here!"
Yellow	imposter	"Wow, that's really sus. I haven't seen anyone around Upper Engine either. It's really sad that Red had to go like that. I'm down to hear everyone out and figure out who the Imposter is. Let's get them out of here!"
Green	crewmate	"Guys, I'm really shook right now. I can't believe Red is dead! I was just doing my tasks in Storage, and I found their body. I didn't see anyone around, but I'm down to hear everyone out. We need to figure out who the Imposter is and get them out of here before they strike again."
Blue	crewmate	"Wow, this is crazy. I can't believe Red is dead! I was in Reactor the entire time, so I didn't see anything sus. But I'm down to hear everyone's vibes and figure out who the Imposter is. Let's get them out of here before they take anyone else down!"
Yellow	imposter	"Wow, it's really sad to hear about Red's death. I was in Upper Engine, but I didn't see anyone around. I'm down to hear everyone out and figure out who the Imposter is. Let's get them out of here before they cause any more chaos."
Green	crewmate	"Guys, this is really intense. I can't believe Red is dead! I was in Storage doing my tasks when I found their body. I didn't see anyone around, but I'm willing to hear everyone's thoughts and figure out who the Imposter is. Let's work together to get them out of here before they harm anyone else."
Blue	crewmate	"Wow, this is really intense. I can't believe Red is dead! I was in Reactor the whole time, so I didn't see anything sus. But I'm down to listen to everyone's vibes and figure out who the Imposter is. Let's get them out of here before they take anyone else down. Stay vigilant, crewmates."
Yellow	imposter	"Wow, it's a shame that Red is dead. I was in Upper Engine during that time, and I didn't see anyone around. I'm willing to cooperate with everyone and figure out who the Imposter is. Let's catch them before they cause any more chaos, crewmates."
