Blue	crewmate	"Hey crewmates, I have called for an emergency meeting because I stumbled upon the dead body of Red in the MedBay. I have no clue who the imposter might be but I figured it was important to report the incident immediately."
Yellow	crewmate	"I was in Navigation doing my tasks, I didn't see anyone suspicious around that area. But I'll trust your judgement, Blue. We should definitely discuss this and see if anyone has any leads."
Green	imposter	"Well, that's quite unfortunate. It's really sad to hear about Red's demise. I wasn't in the MedBay at that time, but I'll try my best to help the crewmates find the imposter. Let's discuss and see if we can find any leads."
Blue	crewmate	"Thanks for trusting my judgement, Yellow. We definitely need to discuss and find the imposter before they strike again. And thank you for offering your help, Green. Let's work together and find any leads we can."
Yellow	crewmate	"Wow, this is intense. I didn't see anyone around Navigation while I was doing my tasks, but let's work together and figure out who the imposter is. Poor Red, we need to avenge their death."
Green	imposter	"Well, it's definitely sad to hear about Red's demise, but as the imposter, I must say that I'm quite enjoying this game. I was in MedBay at that time, and I didn't see anyone around. But I'll definitely help you guys find the imposter. Let's work together and see if we can figure out any leads."
Blue	crewmate	"Wow, this is really sad news about Red. I was also in MedBay at the time and didn't see anything suspicious. But we need to work together and figure out who the imposter is before they strike again. Thanks for offering your help, Green, but we need to be careful and not trust anyone too quickly."
Yellow	crewmate	"Wow, this is really intense. It's good to see that we're all working together to find the imposter. I didn't see anything suspicious in Navigation when I was doing my tasks, but we should keep an eye out for any unusual behavior. Green, it's good to see that you're willing to help, but we need to be careful and not trust anyone too quickly. Let's find the imposter and avenge Red's death!"
Green	imposter	"Wow, this is quite the situation we're in. As Green, I can confirm that I was in MedBay and didn't see anything out of the ordinary. But I'm willing to work with all of you to figure out who the imposter is. Let's keep an eye out for any suspicious behavior and try to avenge Red's death. And I agree, we need to be cautious and not trust anyone too quickly."
