Green	crewmate	"Emergency meeting guys! Blue is dead in O2. I was in admin and didn't see anyone suspicious, but we need to figure this out before the Imposter gets away with this."
Red	crewmate	"OMG, that's terrible news! I was in the Cafeteria doing my tasks, so I didn't see anything suspicious either. But we need to figure out who did this before they strike again. Let's discuss and vote wisely, crewmates!"
Yellow	imposter	"I can't believe Blue is dead! I was in Cargo Bay doing my tasks and didn't see anyone around. But I agree with Red, we need to figure out who did this before they strike again. Let's discuss and vote wisely, crewmates! Trust no one!"
Green	crewmate	"Guys, I understand the situation is dire but we need to think logically. Red and Yellow seem to be innocent from their alibis. I didn't see anyone in admin but that doesn't mean the Imposter wasn't there. We need to think about who had the opportunity to go to O2 and do this. Let's discuss and vote wisely, crewmates!"
Red	crewmate	"I agree with Green, we need to think logically and analyze everyone's movements. It's possible that the Imposter used a vent to get to O2 without being seen. Let's discuss and vote wisely, crewmates. Stay alert and keep an eye out for any suspicious behavior."
Yellow	imposter	"Sorry, crewmates. I was in Cargo Bay but I didn't see anyone around. I'm willing to hear everyone's thoughts and ideas. Let's work together to catch the Imposter and avenge Blue's death. Stay sharp and keep an eye out for any suspicious activity."
Green	crewmate	"I agree with Red and Yellow, we need to be vigilant and keep an eye out for any suspicious behavior. Let's work together and figure out who the Imposter is before it's too late. Stay focused, crewmates!"
Red	crewmate	"I couldn't have said it better myself, crewmates. It's important to stay calm and think logically in these situations. Let's work together to find the Imposter and avenge Blue's death. Remember to report any suspicious behavior or movements. Stay alert, crewmates!"
Yellow	imposter	"Hey crewmates, I know I said I was in Cargo Bay, but I actually saw Red venting to O2. I was too scared to say anything earlier, but now I'm positive that Red is the Imposter. Let's vote wisely and get them out of here!"
