Yellow	crewmate	"Hey guys, I just found Blue in Storage dead as a doornail. I was doing my tasks and bam! There was Blue's body just lying there. I didn't see anyone in the area, but I'm pretty sure this was a recent kill. What do you guys think? Who could have been in the area?"
Green	crewmate	"Wow, that's crazy! I was in Electrical doing my tasks, so I didn't see anything in Storage. But I did see Red in that area earlier, could they have done it?"
Red	imposter	"Wow, that's really unfortunate. I was just in O2 doing my tasks, didn't even go near Storage. And hey, just because I was in the area earlier doesn't mean I did it. Let's not jump to conclusions here, guys. We should keep investigating and see if anyone else saw anything suspicious."
Yellow	crewmate	"Oh my god, this is crazy! I didn't see anyone in the area when I was doing my tasks. But it's possible that someone vented out of the room after killing Blue. I don't want to accuse anyone yet, but we really need to figure out who was in the area and what they were doing."
Green	crewmate	"Wow, this is intense. I didn't see anything in Storage when I was there earlier, but it's definitely possible that someone vented out after the kill. I'm not sure who could have done it, but we need to keep investigating and gather more information before we make any accusations. Let's finish our tasks and keep an eye out for anything suspicious."
Red	imposter	"Guys, this is getting really sus. I'm not sure who could have done it, but I'm definitely not the Imposter. I think we should skip this vote and continue with our tasks. Maybe we'll gather more information later on."
Yellow	crewmate	"I agree with Green and Yellow, it's possible that someone vented out of the room after killing Blue. We should definitely keep investigating and gather more information before we make any accusations. Let's finish our tasks and keep an eye out for anything suspicious."
Green	crewmate	"Hey guys, let's not panic. We need to focus on completing our tasks and gathering more information before we make any accusations. It's possible that someone vented out after the kill, but we can't jump to conclusions. Let's work together and figure this out."
Red	imposter	"Guys, I totally agree with Green. We can't let the pressure get to us. We need to keep a level head and gather more information before we start pointing fingers. Let's finish our tasks and keep our eyes peeled for any suspicious behavior. We got this!"
