Blue	crewmate	"Hey guys, I'm calling this meeting because I found Green dead in Navigation. I was doing my tasks there and stumbled upon the body. Did anyone see anything suspicious or have any leads on who could be the impostor?"
Yellow	crewmate	"Wow, that's crazy! I was in Security the whole time, so I didn't see anything. But, we should definitely start discussing our suspicions and alibis to figure out who the Imposter is."
Red	imposter	"So sad to hear that Green is gone, but I have no idea who could have done it. I was in Weapons doing my tasks, and I didn't see anyone passing by. But, I'm willing to help figure out who the Imposter is, and I have my suspicions already."
Blue	crewmate	"Guys, this is really unfortunate. I didn't see anyone suspicious in Navigation, but I did see Red pass by me in Admin. I'm not accusing anyone, but just thought I'd share what I saw to help us figure this out."
Yellow	crewmate	"Wow, this is intense! It's sad to see Green go, but we need to figure out who the Imposter is. I didn't see anything in Security, but I'm definitely willing to listen to everyone's suspicions and alibis. Blue, thanks for sharing what you saw, that could be useful information. Let's work together to catch the Imposter!"
Red	imposter	"Whoa, it's crazy that Green is gone! I was in Weapons doing my tasks the whole time, so I didn't see anything suspicious. But I'm down to discuss suspicions and alibis with you all. Blue, thanks for sharing what you saw, but I was just passing through Admin to get to Weapons, I swear! Let's work together and catch that sneaky Imposter."
Blue	crewmate	"Wow, this is intense! It's sad to see Green go, but we need to work together to catch the Imposter. I didn't see anything suspicious in Navigation, but I believe Red's alibi since I saw him in Admin. Let's keep discussing and figure out who the Imposter is!"
Yellow	crewmate	"Guys, this is a tough situation. It's good that we're all willing to work together to catch the Imposter. I didn't see anything in Security, but I'm willing to listen to everyone's suspicions and alibis. Blue, your information about Red passing through Admin could be important. Red, thanks for sharing your alibi. Let's keep discussing and try to find some more clues!"
Red	imposter	"Wow, it's really sad to see Green go. I can't believe the Imposter got to them. I was in Weapons doing my tasks, but I didn't see anyone else around. I trust Blue's information about me passing through Admin though, that's where I went after Weapons. I'm definitely willing to work together to catch the Imposter, let's keep discussing and try to find some more clues!"
