Blue	crewmate	"Inner sloth! Yellow is dead! I was in Navigation doing some tasks and found their lifeless body lying on the ground. We need to figure out who the imposter is before they strike again. Anybody see anything sus?"
Red	crewmate	"OMG, that's so sus! I was in MedBay the entire time doing my scan. I didn't see anything, but I'm willing to help investigate who the imposter could be. We can't let them get away with this."
Green	imposter	"Wow, that's really sus of Yellow to get killed like that. I was in Electrical doing some wiring when the emergency meeting was called. I didn't see anyone around. We need to start investigating and find out who the imposter is before they strike again."
Blue	crewmate	"Guys, we need to start voting and figure out who the imposter is. We don't have much time left. I don't have any sus on anyone yet, but we need to start discussing and sharing any information we have. Let's do this!"
Red	crewmate	"OMG, Yellow is dead? That's so sus! I was in MedBay the entire time doing my scan, but I'm willing to assist with the investigation. Let's discuss and share any information we have. We can't let the imposter get away with this."
Green	imposter	"Guys, I'm willing to help with the investigation too. But we need to be careful, the imposter could be anyone. Let's keep an eye out for any sus behavior and work together to catch them."
Blue	crewmate	"Okay guys, let's focus and start discussing. We need to find out who the imposter is and vote them off. I'm not sus of anyone yet, but let's keep an eye out for any strange behavior. We got this!"
Red	crewmate	"Okay, let's get to work crewmates! We need to find the imposter before it's too late. Yellow's death is definitely sus, but we can't jump to conclusions just yet. Let's discuss and share any information we have, and keep an eye out for any strange behavior. We can do this!"
Green	imposter	"Wow, Yellow is dead? That's so sad! I hope we can find the imposter soon. I'll try to be extra observant and see if I notice anything sus. Let's work together and catch this imposter!"
