Green	crewmate	"Hey guys, I had to call a meeting because I stumbled upon Red's dead body in Upper Engine. I didn't see anyone else around, but I did notice Blue acting pretty sus earlier. Does anyone have any information or evidence to share?"
Yellow	crewmate	"Okay, I was in Weapons and didn't see anything sus. But if Blue was acting sus, then we should definitely keep an eye on them. Does anyone else have any information that can help us figure out who the Imposter is?"
Blue	imposter	"Wow, Green, that's crazy. I didn't see anything in Upper Engine but I'll keep my eyes peeled. Yellow, I don't know what you're talking about, I wasn't acting sus. But if you guys really think it's me, go ahead and vote me off. Just know that you'll be making a big mistake."
Green	crewmate	"Guys, I know Blue is trying to play it cool, but I really think we should keep an eye on them. Yellow, thanks for backing me up. Let's not jump to any conclusions yet, but I think we should definitely continue to investigate Blue's movements."
Yellow	crewmate	"Okay, so we know Red is dead and Green found the body in Upper Engine. I didn't see anything sus in Weapons, but if Blue was acting sus earlier, then it's definitely worth investigating. Blue, I'm not saying it's you for sure, but we need to look into your movements. Let's all work together to figure this out and not jump to any conclusions too quickly."
Blue	imposter	"I don't know what everyone is talking about, I was just doing my tasks in Upper Engine. But if you guys think I'm sus, then I guess I'll have to defend myself. Yellow, I understand you're trying to help, but I promise you it's not me. Let's work together to figure out who the real Imposter is."
Green	crewmate	"Guys, I agree with Yellow. We shouldn't jump to any conclusions just yet, but Blue's movements are definitely worth investigating. Let's keep an eye on them and work together to figure this out. Remember, we don't want to vote off an innocent crewmate."
Yellow	crewmate	"I agree with Green and myself, we shouldn't jump to any conclusions just yet. But Blue, we need to investigate your movements. Let's work together to figure out who the real Imposter is and not vote off an innocent crewmate."
Blue	imposter	"Okay guys, I understand your concerns but I'm telling you, it's not me. I was just doing my tasks in Upper Engine like I said. But I'm willing to work with you all to figure out who the real Imposter is. Let's not jump to conclusions too quickly and make sure we don't vote off an innocent crewmate. I'm down to help investigate anyone's movements if it means finding the Imposter."
