Green	crewmate	"Emergency meeting, people! I have found Yellow's dead body in Communications! I think we need to talk about who was around that area and what their alibis are. Any sus activity spotted lately?"
Blue	crewmate	"Wow, that's sus. I was in Navigation the whole time, doing my tasks. I didn't see anyone around Communications. Did anyone else see anything?"
Red	imposter	"Wow, that's really unfortunate. I didn't see anything either since I was in the Cafeteria pretending to do my tasks. But I'm willing to help figure out who the impostor is. Any ideas or suspicions so far?"
Green	crewmate	"Alright, thanks for sharing your alibis, guys. I didn't see anyone around Communications either since I was fixing the wiring in Electrical. But we need to figure out who the Imposter is before they strike again. I'm sus of Yellow, who was the last person I saw in that area, but we should also keep an eye on anyone who seems to be avoiding the topic or acting weirdly."
Blue	crewmate	"Wow, this is getting intense! I'm glad I have solid alibis from both Red and myself. Green, your suspicion of Yellow is definitely sus, but we shouldn't jump to conclusions just yet. Let's keep discussing and gathering information until we have a clear idea of who the Imposter is. Stay vigilant, crewmates!"
Red	imposter	"Guys, I think we need to be careful about pointing fingers too quickly. It's easy to get caught up in suspicions and forget about the evidence. Let's focus on gathering more information and looking for any inconsistencies in people's stories. And Red, I appreciate your willingness to help, but I'm keeping an eye on you too."
Green	crewmate	"I agree with Red that we shouldn't jump to conclusions too quickly. We need to gather more information and look for any inconsistencies in people's stories before we accuse anyone. However, I still think we should keep an eye on Yellow since they were the last person I saw in the area. Let's keep discussing and working together to figure this out, crewmates!"
Blue	crewmate	"Wow, this is some intense discussion. I agree with Green and Red that we shouldn't jump to conclusions just yet. We need to gather more information and look for inconsistencies in people's stories before we accuse anyone. Let's work together and keep an eye on each other to catch any suspicious behavior. Good job, crewmates!"
Red	imposter	"Guys, I agree with all of you. We need to be careful not to jump to conclusions too quickly and gather more information. And Blue, I appreciate your support, but I'll be keeping an eye on all of you as well. Let's catch that Imposter together, crewmates!"
