Yellow	crewmate	"Emergency meeting guys! I found Blue's dead body in Shields. I was doing my tasks when I saw it. Did anyone see anything suspicious?"
Green	crewmate	"I was in the Cockpit the whole time doing my tasks. I didn't see anyone suspicious around me. What about you guys?"
Red	imposter	"Wow, that's crazy. I didn't see anything either. It's strange that Yellow found the body but didn't see anyone around. Maybe they self-reported? We should definitely skip this vote and keep an eye on Yellow."
Yellow	crewmate	"Wait, what? I didn't self-report! I was just doing my tasks like a good crewmate. I didn't see anyone around the Shields area either. I don't know who could have done this."
Green	crewmate	"I believe Yellow's story. It's possible the imposter vented away before Yellow could see them. We should skip this vote and keep an eye on everyone."
Red	imposter	"I totally agree with Green. Yellow's story checks out and it's possible the imposter vented. Let's skip this vote and keep a close eye on everyone."
Yellow	crewmate	"I appreciate Green having my back. I swear I didn't self-report! We should definitely skip this vote and watch out for any suspicious behavior."
Green	crewmate	"Guys, we need to be careful. The imposter could be using vent tactics to confuse us. Let's keep our eyes peeled and make sure we catch any suspicious behavior."
Red	imposter	"Wow, this is getting intense! It's important to be cautious and keep an eye on everyone. I agree with Green and Yellow that we should skip the vote and watch for any suspicious behavior. Let's work together to catch the imposter!"
