Blue	crewmate	"Hey guys, I called this meeting because I found Green dead in MedBay. I was just about to complete a scan when I stumbled upon the body. I didn't see anyone else in the room and I have no idea who could have done this. Does anyone have any sus on who the impostor could be?"
Yellow	crewmate	"Omg, not again! Poor Green. I was in O2 with Red doing my tasks. I didn't see anything suspicious there. We need to figure out who it could be. Any sus on anyone, guys?"
Red	imposter	"I can't believe poor Green got taken out like that. I was in MedBay doing some scans earlier, but I didn't see anyone else around. I'm not sure who could have done this, but we need to figure it out fast before the impostor strikes again."
Blue	crewmate	"Guys, this is really sus. I was in MedBay with Green just a few minutes ago and he was fine. I left to do some tasks and when I came back, he was dead. I didn't see anyone else in the room when I left. This is really concerning. We need to start voting and figure out who the Imposter is before it's too late."
Yellow	crewmate	"Wow, this is crazy! Poor Green. I didn't see anything sus in O2 with Red. But if Blue was the last one to see Green, maybe they're the Imposter? We need to vote someone off fast."
Red	imposter	"I'm sorry to hear about poor Green, but I have no idea who could have done this. I was in MedBay earlier, but I didn't see anyone else around. We need to be careful and gather more information before we start voting. Keep your eyes peeled, guys."
Blue	crewmate	"Guys, I understand that we are all upset about Green's death, but we need to think logically here. Just because I was the last one to see Green doesn't mean I'm the Imposter. We need to gather more information before voting. Let's focus on finding evidence and not just throwing accusations around."
Yellow	crewmate	"I agree with Red. We need more information before we start pointing fingers. Let's split up and continue to do our tasks. Keep an eye out for any sus behavior and report any findings to the group. We'll reconvene soon and discuss our findings."
Red	imposter	"I totally agree with Yellow and Red. We need to be cautious and gather more information before we start accusing anyone. Let's all stick to our tasks and keep an eye out for any suspicious behavior. We'll meet up again soon and discuss our findings. Stay alert, guys!"
