Blue	crewmate	"Guys, we gotta talk. Red is dead and I just found their body in Cargo Bay. I don't have any evidence yet but we need to figure out who did this before they strike again. Anyone have any sus on who it could be?"
Yellow	crewmate	"OMG, that's crazy! I was in Storage doing my tasks. I didn't see anyone suspicious around there. But we need to figure this out fast, or we'll all be in trouble."
Green	imposter	"Wow, that's really sus. I was in MedBay doing my tasks, so I didn't see anything. But I'm willing to assist in the investigation. Let's find the imposter and vote them out!"
Blue	crewmate	"Guys, we need to stick together and find the imposter. Red's death was tragic but we can't let their sacrifice go in vain. Let's all share our tasks and alibis and figure out who was in Cargo Bay around the time of the incident. We can do this!"
Yellow	crewmate	"OMG, this is crazy! Poor Red. I was in Storage doing my tasks and didn't see anything, but I'm definitely willing to help with the investigation. Let's find the imposter and avenge Red!"
Green	imposter	"Guys, I think we should keep an eye on Yellow. They seem a bit too eager to help out with the investigation. And Blue, why are you so fixated on Cargo Bay? Are you trying to divert attention from yourself? I'm willing to vote for either of you if that's what it takes to catch the imposter."
Blue	crewmate	"Hey guys, let's not turn on each other just yet. We need to gather more information before accusing anyone. Green, I understand your suspicion, but let's not jump to conclusions about Yellow. And as for me, I was just suggesting we focus on Cargo Bay because that's where Red's body was found. Let's all work together and share our information so we can catch the imposter and avenge Red's death."
Yellow	crewmate	"Wow, things are getting intense in here! I didn't see anything in Storage, but I'm willing to share any information I have to help catch the imposter. We need to work together and not turn on each other. Let's avenge Red's death!"
Green	imposter	"Guys, let's not waste any more time. We need to catch the imposter before they strike again. Blue, I think you're right that we should focus on Cargo Bay since that's where Red's body was found. Yellow, I appreciate your willingness to help, but I agree with Green that we should keep an eye on you. Let's work together and share any information we have to catch the imposter and avenge Red's death."
