Green	crewmate	"Hello, fellow crewmates! I just stumbled upon a very sad sight in Security. Our beloved Yellow has been eliminated! As I was watching the cameras, I saw Blue walking away from the area where Yellow was found. I want to hear from Blue to explain their whereabouts during this dark time."
Red	crewmate	"Guys, I was in O2 the entire time. I didn't even see Yellow. I think Green might be trying to frame me. Keep your eyes on him."
Blue	imposter	"Wow, this is devastating news. I can't believe Yellow is gone! As for my whereabouts, I was actually in Electrical doing some tasks. I didn't see anything suspicious while I was there. I think it's highly suspicious that Green is accusing me without any solid evidence. I think we should keep an eye on them."
Green	crewmate	"First of all, I am devastated that Yellow has been eliminated. It's a sad day for our crew. However, I have to say that I saw Blue walking away from the area where Yellow was found on the cameras. I understand that they claim to have been doing tasks in Electrical, but it's still a bit suspicious. I don't have any evidence that definitively proves their guilt, but it's worth keeping an eye on them. As for Red, I don't have any reason to think they're involved in Yellow's elimination. We should focus on finding out the truth and catching the real imposter."
Red	crewmate	"Guys, I believe Green is trying to deflect suspicion from themselves. They have no solid evidence against Blue, just a hunch. I trust Blue's alibi and think we should focus on finding actual evidence instead of jumping to conclusions. Let's keep an eye on Green and search for clues to catch the real imposter."
Blue	imposter	"Wow, it seems like things are really heating up in this emergency meeting. While it's sad that Yellow is gone, we have to focus on finding the real imposter. I understand Green's suspicions, but I think we need more concrete evidence before accusing anyone. Red makes a good point about not jumping to conclusions. Let's all keep a close eye on each other and work together to catch the imposter."
Green	crewmate	"Hey guys, I understand that emotions are running high right now, but let's try to stay focused on finding the imposter. Blue's alibi seems plausible, but Green's observation is also worth considering. Let's keep an eye on both of them and see if any new evidence comes up. I agree with Red that we shouldn't jump to conclusions, but we also can't just sit around and wait for the imposter to strike again. Let's work together and stay vigilant."
Red	crewmate	"Wow, this is getting intense. I agree with Blue and Red that we need more concrete evidence before accusing anyone. However, I also think Green's observation is worth considering. Let's keep a close eye on both Blue and Green and see if any new evidence comes up. We can't just wait around for the imposter to strike again. Let's work together and stay vigilant."
Blue	imposter	"Wow, this is quite the discussion! I understand everyone's concerns and I agree that we need to find concrete evidence before accusing anyone. Let's keep a close eye on each other and work together to catch the imposter. Good luck, crewmates!"
