Yellow	crewmate	"Hey guys, I just found Blue's dead body in Electrical. I knew something was sus when I saw Red and Green running away from there earlier. Did anyone else see anything?"
Green	crewmate	"Wait, what? I was in Security the whole time. I didn't even go to Electrical. Red, what do you have to say for yourself?"
Red	imposter	"Me? I was just doing my tasks in Cafeteria. I haven't even been to Electrical. Yellow, why are you so quick to accuse me and Green? Seems pretty sus to me."
Yellow	crewmate	"Okay, I know it sounds sus, but I swear I saw Red and Green running away from Electrical earlier. Maybe they vented? I didn't see anyone else in the area. Can anyone else vouch for their whereabouts?"
Green	crewmate	"Guys, I believe Yellow saw what he saw, but I swear I was in Security the whole time. I did see Red in Cafeteria earlier though. Red, where were you before you went to Cafeteria?"
Red	imposter	"Yellow, you are clearly trying to frame me and Green. I was in Cafeteria the whole time, and I didn't see Green in Electrical either. It's clearly a self-report or maybe you're the other Imposter trying to throw us off. I vote for Yellow."
Yellow	crewmate	"Okay, let's take a step back and think about this logically. Yellow may have seen something, but it's possible that they could have mistaken Red and Green for someone else. Is there anyone else who can confirm where they were during the time of the incident in Electrical?"
Green	crewmate	"Hey guys, I understand that Yellow's claim seems suspicious, but I can assure you that I was in Security the whole time. I didn't see Red or Yellow anywhere near Electrical. Let's take a moment to think logically and try to get more information before we start accusing each other. We don't want to vote out an innocent crewmate."
Red	imposter	"I understand where Yellow is coming from, but I have to agree with Green. I was in Cafeteria the whole time, and I didn't see anyone else around. We should gather more information before we make any hasty decisions. Let's skip this vote and keep an eye on each other."
