Blue	crewmate	"Guys, I have called an emergency meeting because I found Yellow dead in Shields! I saw him doing tasks earlier but then I lost track of him. I also didn't see anyone else near Shields when I found his body. We need to figure out who the imposter is before he takes out any more crewmates!"
Red	crewmate	"Wow, that's crazy! I was in Reactor with Green and Red the whole time, so I didn't see anything suspicious. But we need to figure this out fast before the imposter strikes again!"
Green	imposter	"Yellow dead in Shields? That's a shame. But I was nowhere near there, I was in Electrical doing some tasks. I didn't see anyone suspicious around that area either. We need to be careful and keep an eye out for any unusual behavior."
Blue	crewmate	"Guys, this is really sus. If Red was in Reactor the whole time with Green and Red, then that means either one of them could have easily vented to Shields to kill Yellow. We need to keep an eye on both of them and see if they slip up with their alibis."
Red	crewmate	"Guys, I understand why Blue is suspicious, but I promise I didn't vent to Shields or kill Yellow. I was with Green in Reactor doing tasks. We need to keep investigating and find the real imposter before they take out any more of us."
Green	imposter	"Wow, this is getting intense. I can't believe Yellow is dead! As for me, I was in Storage doing some tasks. I didn't see anyone suspicious around that area either. I agree with Blue, we need to keep an eye on Red and Red, they could be the imposters. Let's make sure to stick together and figure this out before it's too late."
Blue	crewmate	"Guys, this is getting really intense. I believe we need to keep a close eye on Red and Green, as they were the only ones in Reactor with Yellow's body nearby in Shields. However, let's not jump to conclusions just yet. We need to gather more evidence before accusing anyone. Let's keep investigating and communicating with each other to figure this out together!"
Red	crewmate	"Thanks for keeping a level head, Blue. I understand why you're suspicious, but I'm telling you guys, I didn't do it. Let's all stay together and figure out who the real imposter is. I'm willing to skip this vote and continue our investigation, but we need to be quick before they strike again."
Green	imposter	"I definitely agree with Blue that we need to keep investigating and gather more evidence before we accuse anyone. But Red and Red, you guys were the only ones in Reactor with Yellow's body nearby, so I'm definitely keeping an eye on you both. As for me, I was in Storage and didn't see anything suspicious. Let's stick together and figure this out before it's too late."
