Green	crewmate	"Hey, fellow crewmates. I'm calling this emergency meeting because I found Blue's dead body while I was doing my tasks in Weapons. I didn't see anyone around, but I do have some suspicions about Yellow. I saw them moving around the area right before I found the body. I think it's worth discussing and figuring out if anyone saw anything else."
Red	crewmate	"Wow, that's intense. Sorry to hear about Blue. I was in Cargo Bay doing my tasks, so I didn't see anything suspicious. But I trust Green's instincts about Yellow. Let's discuss and see if anyone else saw anything."
Yellow	imposter	"Oh no, that's terrible news about Blue. I was in Weapons doing my tasks, but I didn't see anyone around. I'm not the Imposter, but if Green has suspicions about me, we can definitely discuss it. However, I think we should all share our alibis and see if anyone else saw anything suspicious."
Green	crewmate	"Hey guys, it's really unfortunate that we lost Blue, but we need to stay focused and figure out who did this. I understand Yellow's point about sharing alibis, but I still have my suspicions. I saw them moving around Weapons right before I found the body. Let's discuss more and see if anyone else has any information."
Red	crewmate	"Wow, this is a tough situation. I believe Green's suspicions about Yellow, but we need to make sure we have all the information before making any accusations. Let's share our alibis and try to piece together what happened. I'm willing to skip this vote and continue gathering information if we need to."
Yellow	imposter	"I'm sorry to hear about Blue, but I didn't see anything suspicious in Weapons. I'm willing to share my alibi and help gather information to figure out who did this. Let's work together to catch the Imposter!"
Green	crewmate	"Hey guys, I appreciate everyone sharing their alibis and trying to figure out who the Imposter is. I agree with Red that we need to gather more information before making any accusations. Let's continue to discuss and see if anyone else has any insights. We can catch the Imposter if we work together!"
Red	crewmate	"Wow, it's really unfortunate that we lost Blue. I agree with Green and Red that we should gather more information before making any accusations. Yellow, thank you for sharing your alibi. Let's keep discussing and see if anyone else has any insights. We can definitely catch the Imposter if we work together!"
Yellow	imposter	"I'm glad everyone is taking this seriously and working together to catch the Imposter. I'm willing to continue gathering information and sharing my alibi to help us figure out who did this. Let's catch the Imposter!"
