Red	crewmate	"Yo yo yo, I just found Blue's dead body in O2. I was doing my tasks and saw it lying there. I didn't see anyone else in the area, but I've been sus of Green for a hot minute. They were acting pretty weird in Electrical earlier and I think they might be the Imposter. Let's discuss and figure this out fam."
Yellow	crewmate	"Damn, that's crazy. I was in Cockpit doing my tasks and didn't see anyone around me. But I agree, Green has been acting sus lately. Let's hear what they have to say for themselves."
Green	imposter	"Hey guys, that's wild. I didn't see anyone around O2 either. But Red, why are you so quick to suspect me? I was just doing my tasks in Electrical, nothing weird about that. Maybe you're trying to deflect suspicion from yourself, hmm?"
Red	crewmate	"Listen up fam, I understand that accusations are flying around, but let's not forget that I was the one who reported the dead body in the first place. I'm not trying to deflect suspicion, I'm just telling you what I saw. And Green, your behavior in Electrical was definitely sus, don't try to deny it. Let's get to the bottom of this and vote off the Imposter!"
Yellow	crewmate	"Wow, things are getting heated up in here. Red, you have a point, you did report the body. But Green, your defense seems a little weak. I think we should keep an eye on you for now. Let's vote and see what happens."
Green	imposter	"Guys, I think we need to slow down and think this through. Yes, Red reported the body, but that doesn't necessarily mean they're innocent. And just because I was in Electrical doesn't mean I'm automatically the Imposter. We need to gather more information and evidence before making any conclusions. Let's skip this vote and keep an eye on each other during the next round."
Red	crewmate	"Guys, I agree with Green. Let's not jump to conclusions and vote someone off without solid evidence. We should continue to do our tasks and observe each other's behavior. The Imposter will slip up eventually and we'll catch them in the act. Stay vigilant, crewmates!"
Yellow	crewmate	"Wow, things are really heating up in here! I agree with Red that reporting the body does count for something, but I also think Green has a point about not jumping to conclusions. Let's keep an eye on each other and gather more information before making any decisions. Stay frosty, crewmates!"
Green	imposter	"I totally agree with Red and Yellow that we should gather more information and not jump to conclusions. But let's not forget that the Imposter is among us and we need to be cautious. I suggest we split up and continue with our tasks, but keep an eye on each other. And Red, thanks for reporting the body, it's a step in the right direction. Let's catch that Imposter and win this game, crewmates!"
