Blue	crewmate	"Alright guys, we got a bummer here, Green's been ice cold dead in MedBay. I was on my tasks and stumbled upon the body. Did anyone see anything suspicious or have any leads on who the imposter might be?"
Red	crewmate	"Okay, I was in Communications doing my tasks when the emergency meeting was called. I didn't see anyone suspicious around there. But I did see Yellow coming from the direction of MedBay before I got to Communications. So, maybe they know something?"
Yellow	imposter	"Wow, that's really unfortunate for Green. I didn't see anyone around MedBay when I was there, but I did see Red coming from Communications. Maybe they're trying to throw suspicion onto me. I'm willing to listen to any other leads or suspicions anyone might have though."
Blue	crewmate	"Guys, I believe Red's story checks out. I didn't see anyone suspicious in MedBay either. However, I think we should keep an eye on Yellow since they were the last one to see Red before the body was reported. Let's try to complete our tasks and keep an eye out for any suspicious behavior."
Red	crewmate	"I agree with Blue's assessment. We should keep an eye on Yellow and see if they do anything suspicious. But let's not jump to conclusions just yet. We need to gather more information and see if anyone else saw anything relevant."
Yellow	imposter	"I totally understand your concerns, but I assure you that I didn't see anything suspicious in MedBay. I'm willing to cooperate and help in any way I can to catch the real culprit. Let's all keep an eye out for any suspicious behavior and work together to solve this mystery."
Blue	crewmate	"Looks like we've got a tough situation here. It's good that we're all willing to work together to catch the Imposter. Let's keep a close eye on each other and try to complete our tasks efficiently. Stay alert, everyone!"
Red	crewmate	"Great teamwork, guys! Let's keep our eyes peeled for any suspicious activity and work together to catch the Imposter. Remember, completing tasks is important too, so let's not forget about that. Stay vigilant, my fellow crewmates!"
Yellow	imposter	"I appreciate the teamwork and cooperation from everyone. Don't worry, I'll do my best to help catch the Imposter and complete my tasks efficiently. Let's work together to win this game!"
