Yellow	crewmate	"Yo, crewmates! I'm calling a meeting here because I found Blue's lifeless body lying in Shields. I'm pretty sure it's not me, so I'm thinking it's either Green, or someone vented out. What do you guys think?"
Red	crewmate	"I was in O2 the whole time, so it couldn't have been me. I didn't see anyone venting either. But we should definitely vote someone off, or the Imposter will win."
Green	imposter	"Wow, that's really unfortunate. I didn't see anyone else in Shields, but I swear it wasn't me. I think we should be careful and not vote too hastily, but we definitely need to figure out who the Imposter is before they take us all out."
Yellow	crewmate	"I agree with Green. We shouldn't jump to conclusions, but we definitely need to figure out who the Imposter is before it's too late. Does anyone have any suspicions or any tasks they can confirm to clear themselves?"
Red	crewmate	"Yellow, thanks for calling the meeting. I can confirm that I was in O2 the entire time, so I couldn't have been the Imposter. I don't have any strong suspicions yet, but let's keep an eye on Green since they were the last person in Shields. We should definitely be cautious and not vote too quickly, but we need to vote someone off or the Imposter will keep killing us."
Green	imposter	"I understand that we need to vote someone off, but let's not accuse anyone without evidence. I was in Shields, but I didn't see anyone else there. I think we should all focus on completing our tasks and keep an eye out for any suspicious behavior. We don't want to vote off an innocent crewmate and give the Imposter an advantage."
Yellow	crewmate	"I completely agree with Green. We shouldn't accuse anyone without evidence. Let's focus on completing our tasks and keep an eye out for any suspicious behavior. We need to work together to figure out who the Imposter is before it's too late."
Red	crewmate	"Hey guys, I appreciate the caution and not jumping to conclusions, but we can't just sit around and wait for the Imposter to strike again. Let's keep an eye on each other and try to complete our tasks efficiently. I still have no strong suspicions, but I agree that we should be cautious and not vote too quickly. Let's figure this out together and catch the Imposter!"
Green	imposter	"I completely agree with Green and Yellow. We shouldn't accuse anyone without evidence. Let's focus on completing our tasks and keep an eye out for any suspicious behavior. As for me, I'm heading to Electrical to complete my task. See you all later!"
