Green	crewmate	"Hey guys, I called this meeting because I stumbled upon Blue's body in Admin. Judging by the evidence, I'm starting to suspect Yellow. I'm not saying for sure they're the Imposter, but I saw them head into Electrical right before I found the body, so we should keep an eye on them."
Red	crewmate	"Okay, I hear you Green. But we need to be careful not to jump to conclusions too quickly. Yellow could have just been doing their tasks in Electrical. Let's hear what Yellow has to say for themselves before we vote anyone off."
Yellow	imposter	"Hey guys, I can understand why you might be suspicious of me, but I was just doing my tasks in Electrical. I didn't see anyone else around when I was there. I'm willing to answer any questions you have and help figure out who the Imposter really is."
Green	crewmate	"Thanks for being understanding, Yellow. I'm willing to hear you out and ask some questions before coming to any conclusions. Let's work together and figure out who the Imposter really is."
Red	crewmate	"Wow, this is a tough one. It's always hard to know who to trust in Among Us. I think Red is right, we can't jump to conclusions too quickly. Let's hear Yellow out and see if we can gather more information before we vote anyone off. Good luck, everyone!"
Yellow	imposter	"Well guys, I appreciate the benefit of the doubt. I swear I was doing my tasks in Electrical. Let's work together and find the real Imposter. Trust me, it's not me!"
Green	crewmate	"Alright, let's get to the bottom of this. Yellow, I appreciate your honesty and willingness to work with us. Let's ask some questions and see if we can figure out who the real Imposter is. Remember, we need to be careful not to accuse someone without solid evidence."
Red	crewmate	"I agree with Green and Yellow. Accusing someone without evidence is not the way to go. Let's work together and figure out who the real Imposter is. Remember, trust no one!"
Yellow	imposter	"Thanks for having my back guys. I'm telling you, it's not me. Let's work together and catch the real Imposter. Trust me, I'm innocent!"
