Yellow	crewmate	"Hold up, everybody! I just discovered Blue's dead body in Lower Engine. I think it's possible Green could be the Imposter. I saw them acting all sneaky-like earlier, and they were lurking around this area."
Red	crewmate	"Wow, that's crazy. I was in Cargo Bay doing my tasks, so I didn't see anything suspicious. But if Yellow saw Green acting sneaky, then maybe they are the Imposter."
Green	imposter	"Whoa, whoa, whoa! Hold on a second, Yellow. I was just doing my tasks in Lower Engine, and I didn't see Blue's body anywhere. That's really suspicious that you were the one to find it. And Red, you weren't even in the area, so how can you vouch for what Yellow is saying? Seems like you two might be working together to frame me."
Yellow	crewmate	"Whoa, whoa, whoa, let's slow down here. I understand it looks suspicious that I found the body, but I swear I'm not the Imposter. And Green, I'm not trying to frame you, I'm just going off of what I saw. Can anyone else vouch for Green's location during the time of the kill?"
Red	crewmate	"Yellow, I believe you. I don't think you're the Imposter. And Green, I understand where you're coming from, but we have to consider the possibility that you could be the Imposter. Do you have any alibi or anyone who can vouch for you? We need to figure this out before the Imposter strikes again."
Green	imposter	"Whoa, whoa, whoa, let's not jump to conclusions here. I was in Lower Engine doing my tasks, and I didn't see anything suspicious. Yellow's accusation is baseless, and Red, you can't just vouch for someone without any evidence. I think we need to gather more information before accusing anyone."
Yellow	crewmate	"Guys, I understand that we're all on edge, but let's not turn on each other. We need to work together to figure out who the Imposter is. Maybe we should split up and finish our tasks, but keep an eye out for anything suspicious. We can reconvene and share any information we find. Sound good?"
Red	crewmate	"Okay, team. Let's take a deep breath and regroup. Yellow, I appreciate your honesty, and I don't think you're the Imposter. Green, I understand your frustration, but we need to consider all possibilities. Let's split up and finish our tasks, but stay alert for anything suspicious. Remember, we can't afford to make any mistakes. Stay focused, and let's catch the Imposter!"
Green	imposter	"Wow, that was a close one. Luckily, my alibi is solid. I was in Lower Engine doing my tasks, and I didn't see anything out of the ordinary. I agree with Yellow that we need to work together to catch the Imposter. Let's finish our tasks and keep an eye out for anything suspicious. We'll reconvene later and share any information we find. Good luck, team!"
