Blue	crewmate	"Hey guys, I've called this meeting because I found Green's dead body in the Cockpit. I want to know if anyone saw anything suspicious or if they have any information that could help us identify the Imposter."
Red	crewmate	"OMG, that's terrible news! I was in Shields completing my task, but I didn't see anyone passing by. Did anyone see anything suspicious?"
Yellow	imposter	"Wow, that's really unfortunate. I was actually in Shields with Red and didn't see anything either. Maybe the Imposter vented out of the room before we could see anything?"
Blue	crewmate	"Guys, I'm sorry for Green, but I didn't see anyone around when I was in the Cockpit. Maybe we should skip for now and keep a close eye on anyone acting suspiciously."
Red	crewmate	"I'm so sad to hear about Green's death. I was in Shields doing my task, but didn't see anyone passing by. Maybe we can keep an eye on anyone who was last seen around the Cockpit area?"
Yellow	imposter	"Wow, it's really sad to hear about Green's death. I was in Shields with Red, and we didn't see anything suspicious. But I agree with Blue, maybe we should skip for now and keep a close eye on anyone who starts acting weird."
Blue	crewmate	"Wow, this is really sad news. I'm sorry for Green's loss. Based on what everyone's saying, it doesn't seem like we have enough evidence to vote someone off. I agree with Blue and Yellow, let's skip for now and keep a close watch on anyone acting suspiciously. Remember to complete your tasks, crewmates!"
Red	crewmate	"Wow, that was a sad turn of events. I was in Shields doing my task, and didn't see anyone around. Skipping seems like the best option for now. But let's keep an eye on anyone acting weird. Remember to complete your tasks, guys!"
Yellow	imposter	"I'm so sorry to hear about Green's death. It's really sad. I was in Shields with Red and we didn't see anything suspicious. Skipping seems like the right option for now, but let's keep an eye on anyone acting weird. And remember, completing tasks is important too, crewmates!"
