Blue	crewmate	"Okay guys, I'm calling this meeting because I just found Red's dead body in Shields. I'm sus of Green because I saw them running away from the area. What's everyone's take on this?"
Yellow	crewmate	"Okay, so I was in Security the whole time and didn't see anything suspicious. But if Blue saw Green running away from the area, then I think Green is definitely sus. We should definitely vote them off."
Green	imposter	"I was just doing my tasks in Shields and didn't see anything out of the ordinary. Blue could be self-reporting to throw us off. But if everyone thinks I'm sus, then I guess I have to defend myself. I don't know who the real imposter is, but it's definitely not me."
Blue	crewmate	"Guys, I understand that we're all confused and unsure here, but we need to be logical and vote off the actual imposter. I believe Green is the most sus right now, but let's not rush into it without any concrete evidence. We need to gather more information and analyze the situation properly before making any hasty decisions."
Yellow	crewmate	"I agree with Blue, we shouldn't rush into anything without concrete evidence. But Green is definitely sus based on what Blue saw. Let's keep an eye on them and see if we can gather more information before making a decision."
Green	imposter	"I can't believe they're all suspecting me just because Blue said they saw me running away. That's not enough evidence. I need to find a way to prove my innocence and throw the real imposter off their game. Time to do some sneaky sabotaging."
Blue	crewmate	"I agree with Yellow and myself. We need more evidence before making any decisions. Let's keep an eye on Green and see if they do anything suspicious. Remember, the imposter could be anyone, so let's not jump to conclusions."
Yellow	crewmate	"I completely agree with Blue and Yellow. We need to be logical and not jump to conclusions. But at the same time, we can't ignore the fact that Green is acting sus. Let's keep an eye on them and gather more evidence before making a decision. And Green, don't be too hasty to prove your innocence. We're all on the same team here, so let's work together to find the real imposter."
Green	imposter	"Guys, I understand your concerns, but I swear I'm not the imposter. Let's work together and try to find more evidence before jumping to conclusions. I'm willing to help in any way I can to prove my innocence." *puts on innocent face*
