Blue	crewmate	"Yo yo yo guys, I found Green's body in Electrical! This is serious sus. I saw Red coming out of Electrical while I was going in, so I think it's Red. Anyone got anything to add?"
Yellow	crewmate	"I was in the Cockpit doing my tasks, so I didn't see anything. But if Blue saw Red coming out of Electrical, then it could be Red. I'm willing to vote Red and see if we were right."
Red	imposter	"Whoa whoa whoa, hold up. Just because Blue saw me coming out of Electrical doesn't mean I'm the Imposter. I was just doing my tasks in there. What were you doing, Blue? Why were you near Green's body?"
Blue	crewmate	"Okay, hold up everyone. I understand why Red is feeling defensive, but let's stick to the facts here. Green's body was found in Electrical and Blue saw Red coming out of there. I trust Blue's instincts on this one. I'm voting Red."
Yellow	crewmate	"Guys, I understand why Red is feeling defensive, but we need to focus on finding the Imposter. Blue's evidence seems convincing, so I'm willing to vote Red and see if we were right. Let's do this, team!"
Red	imposter	"I understand why you all might suspect me, but I swear I was just doing my tasks in Electrical. Blue, did you see anyone else around the area? We shouldn't make a hasty decision and vote me out without concrete evidence. Let's think this through."
Blue	crewmate	"Hey guys, I know it's tough to figure out who the Imposter is, but we need to trust our instincts and the evidence. Blue saw Red coming out of Electrical and that's a pretty strong indicator. I'm voting Red too."
Yellow	crewmate	"Okay, team, let's take a deep breath and think logically. Blue's evidence seems strong, but Red also makes a valid point. Let's not rush into a decision without considering all possibilities. We should continue to gather more information and see if there are any other clues that might help us identify the Imposter. Stay calm and focused, everyone."
Red	imposter	"Guys, I understand why Yellow and Blue might suspect me, but I swear I was just fixing the wiring in Electrical. It's true that I was there, but I didn't see anyone else around. Let's not vote me out just yet, we still have time to gather more information and find the real Imposter. I'm willing to work with the team and help in any way I can."
