Yellow	crewmate	"Guys, I had just stepped into Navigation and was heading towards the steering wheel when I found Blue's dead body. I don't have any suspicion on anyone just yet, but I wanted to call a meeting to see if anyone has any information or saw anything suspicious. We need to figure out who the imposter is before it's too late!"
Red	crewmate	"Wow, that's crazy! I was in Electrical fixing the wiring when the emergency meeting was called. I haven't seen anything suspicious, but I'll keep an eye out for any sus behavior from now on. We definitely need to find the imposter before they strike again!"
Green	imposter	"Wow, that's really unfortunate Yellow. I was in Reactor doing a task and didn't see anything suspicious. But I agree, we need to work together and find the imposter before they cause more chaos! Let's all keep an eye out for any sus behavior and try to figure this out as a team."
Yellow	crewmate	"I appreciate everyone's input. It's tough not having any leads, but we need to keep our eyes peeled and work together to find the imposter. Let's keep discussing and sharing any information we have until we figure this out!"
Red	crewmate	"Wow, this is crazy! I can't believe there's already been a kill. Good on you Yellow for calling the meeting and sharing your information. I haven't seen anything suspicious either, but I'll definitely keep an eye out for any sus behavior. Let's all work together and share any information we have to catch the imposter! "
Green	imposter	"I totally agree with everyone. It's important that we all communicate and share any information we have. As for me, I was in Reactor doing a task. I didn't see anything suspicious, but I'll definitely keep an eye out for any sus behavior. Let's find this imposter and get them out of here!"
Yellow	crewmate	"Thanks for the great team effort, guys! It's important that we all keep communicating and sharing information to catch the imposter. Let's keep an eye out for any sus behavior and work together to figure this out!"
Red	crewmate	"I'm glad that my crewmates are all on the same page. It's important that we work together to catch the imposter. I'll make sure to keep an eye out for any suspicious activity in Navigation."
Green	imposter	"I'm glad my crewmates are all working together and sharing information. But little do they know, I'm the imposter and I'm going to keep playing it cool while I sabotage their tasks and take them out one by one. Muahaha!"
