Green	crewmate	"Guys, I found Blue's body in Shields. I'm not sure who did it, but I saw Yellow lurking around here earlier and I think they might be the Imposter."
Red	crewmate	"Okay, I was in Electrical doing my tasks, so I didn't see anything suspicious. But if Yellow was lurking around Shields, then they definitely need to explain themselves."
Yellow	imposter	"Whoa, whoa, whoa! Hold up! I was not lurking around Shields. I was in Navigation doing my tasks. And why does Green think I did it just because they saw me around here earlier? That's not solid evidence."
Green	crewmate	"I understand your point, Yellow, but I have a gut feeling that it might be you. However, I don't have any concrete evidence to prove it. Let's skip this vote and keep an eye on Yellow for the next round."
Red	crewmate	"Wow, this is intense! I don't know who to trust, but I agree with Green that we should keep an eye on Yellow next round. Let's focus on completing our tasks and stay alert for any suspicious activity."
Yellow	imposter	"I understand that you guys are suspicious of me, but I swear I was in Navigation the whole time. Let's skip this vote and focus on completing our tasks. I'll make sure to finish mine quickly and prove my innocence."
Green	crewmate	"Wow, this is getting really tricky! I don't want to accuse anyone without concrete evidence, but my gut feeling is telling me that we need to keep a close eye on Yellow. Let's all focus on finishing our tasks and stay alert for any suspicious activity."
Red	crewmate	"I agree with Green that we shouldn't vote without concrete evidence, but we should definitely keep a close eye on Yellow. Let's finish our tasks and be on the lookout for any suspicious behavior."
Yellow	imposter	"I'm glad they didn't vote me off yet. I need to be careful and make sure I don't get caught in the next round. I'll have to be extra sneaky and try to frame someone else for my actions."
