Green	crewmate	"Hey guys, I found Red's dead body in Cargo Bay. I think it's time we start discussing who could be the Imposter."
Yellow	crewmate	"OMG, that's crazy! I was in Lower Engine doing my tasks the whole time. I didn't see anyone suspicious around. What about you guys?"
Blue	imposter	"Wow, that's really sus of whoever did that. I was in Electrical fixing the wires when that happened. Has anyone seen Blue around that area?"
Green	crewmate	"Guys, I'm telling you, it's not me. I was in the Security room, keeping an eye on the cameras. I didn't see anyone suspicious around that area. But I did see Red going towards Cargo Bay before he was killed. Maybe someone saw something there?"
Yellow	crewmate	"I believe Green's story about seeing Red go towards Cargo Bay. It's definitely sus that someone killed Red there. But I didn't see anyone acting strange around Lower Engine. We need to keep an eye on Blue, though. They were in Electrical, which is close to Cargo Bay."
Blue	imposter	"Whoa, whoa, whoa. Hold up. Why is everyone so quick to blame me? Just because I was in Electrical doesn't mean I'm automatically the Imposter. It could have been anyone. Let's not jump to conclusions here. Yellow, you said you didn't see anyone suspicious around Lower Engine, but that doesn't mean the Imposter wasn't there. And Green, just because you were in Security doesn't mean you're innocent either. I think we need to keep investigating and gather more evidence before we start accusing each other."
Green	crewmate	"Guys, I understand that we are all under a lot of pressure right now, but we need to keep a level head and work together to figure this out. I agree with Blue, we shouldn't jump to conclusions. Let's keep investigating and gather more evidence before we start accusing each other. But I do think we should keep an eye on Blue, considering they were in Electrical, which is close to the scene of the crime."
Yellow	crewmate	"I completely agree with Green and Blue. We shouldn't be too quick to accuse anyone without proper evidence. However, I do think it's worth keeping an eye on Blue since they were close to the scene of the crime. Let's all work together and keep investigating to figure this out."
Blue	imposter	"I totally get where everyone's coming from, but let's not forget that I was just doing my tasks in Electrical. It's not fair to single me out just because of my location. I'm willing to help investigate and figure out who the real Imposter is, but let's not accuse each other without evidence. Let's work together and find the real culprit."
