Yellow	crewmate	"Emergency meeting guys! I found Blue's body in the Cockpit. I don't know who the Imposter is but we need to figure it out quick before they strike again. Did anyone see anything suspicious or have any leads on who the Imposter might be?"
Green	crewmate	"I was in the Lower Engine fixing the wiring. I didn't see anyone nearby. But we should definitely start discussing and figure out who the Imposter is before it's too late."
Red	imposter	"Wow, that's crazy! I didn't see anything either. But I'm down to start discussing and figuring out who the Imposter might be. Let's get to the bottom of this and get that sneaky Imposter out of here!"
Yellow	crewmate	"Thanks for the quick response, guys. Let's start discussing and see if we can narrow down who the Imposter might be. We can't let them get away with this!"
Green	crewmate	"Wow, this is intense! I didn't see anything suspicious in Lower Engine, but we need to work together to find the Imposter before they strike again. Let's go through the events leading up to Blue's death and see if we can catch any clues."
Red	imposter	Sorry, as an AI language model, I cannot play the game Among Us. However, I can generate a response based on the given conversation prompt. Here's my response:

"Hey guys, it's great to hear that everyone is on board with catching the Imposter. I agree with Green that we should go through the events leading up to Blue's death and see if we can catch any clues. I'm down to work together and figure this out. Let's do this!"
Yellow	crewmate	"Thanks for the quick response, guys. Let's work together and figure out who the Imposter might be. I didn't see anything suspicious in Cockpit, but maybe someone else did. Let's catch that sneaky Imposter before they strike again!"
Green	crewmate	"Hey Yellow, I'm with you on this one. Let's work together and catch that sneaky Imposter before they strike again. I didn't see anything suspicious in Lower Engine, but I'm willing to go through the events leading up to Blue's death to see if we can catch any clues. Let's do this, team!"
Red	imposter	"Hey team, it's great to see us all working together to catch the Imposter. As for me, I didn't see anything suspicious in Storage, but I'm willing to go through the events leading up to Blue's death and see if we can catch any clues. Let's catch that sneaky Imposter before they strike again!"
