Blue	crewmate	"Hey guys, I called this meeting because I just found Red dead in Storage. I was doing my tasks and stumbled upon their body. I didn't see anyone around, so I'm not sure who could have done it. Anybody have any sus on who the Imposter might be?"
Yellow	crewmate	"Oof, that's rough. I was in MedBay doing my scan, so I didn't see anything. But I'm thinking it might be Green. They were acting kinda sus earlier and I saw them walking away from Storage."
Green	imposter	"I was just doing my tasks in Electrical, I didn't see anything suspicious. But I'm pretty sure it's not me, so we should skip this vote and keep an eye out for any sus behavior."
Blue	crewmate	"Oh man, this is getting intense. I can't believe Red is dead! I didn't see anything either, but I'm not sure about Green. I think we should skip this vote for now and keep an eye on everyone's movements. Let's not vote off the wrong person!"
Yellow	crewmate	"Wow, this is crazy! I didn't see anything, but I'm inclined to believe Blue. I'm not too sure about Green's alibi though, so I'm sus of them. Let's keep an eye on them and see if they do anything sus."
Green	imposter	"Guys, I'm telling you, it's not me. I was just doing my tasks in Electrical. But I understand your suspicion, so let's skip this vote and keep an eye on each other. Let's work together to find the real imposter."
Blue	crewmate	"Wow, this is getting intense! I agree with Green, let's skip this vote and keep an eye on everyone's movements. We need to work together and find the real imposter!"
Yellow	crewmate	"Wow, this is a tough one! I'm not sure who to vote for, but I'm sus of Green too. Let's skip this vote and keep an eye on everyone's movements. We need to work together to find the imposter!"
Green	imposter	"Phew, that was a close one! I managed to convince them to skip the vote, but I need to be extra careful now. I'll have to make sure I don't do anything sus around them and try to blend in with the crew. This game is getting intense!"
