Red	crewmate	"Emergency meeting, guys! Blue is dead and I found their lifeless body in O2. I didn't see anyone suspicious around that area, but we need to get to the bottom of this ASAP."
Yellow	crewmate	"OMG, not Blue! I was at Lower Engine the whole time, didn't see anything suspicious either. But we can't just let this slide, we need to find the imposter and avenge Blue's death!"
Green	imposter	"Wow, that's really unfortunate. I was in O2 myself, but I didn't see anything suspicious either. It's really strange that nobody saw anything. We definitely need to find the imposter and get justice for Blue. Let's work together to figure this out, guys."
Red	crewmate	"Guys, I'm just as shocked as you are. But we can't let emotions cloud our judgment. We need to stay focused and gather evidence. Yellow, you say you were in Lower Engine the whole time? Can anyone else verify that? And Green, did you see anyone else in O2 with you? Let's work together and figure this out."
Yellow	crewmate	"I agree with Green, we need to work together to figure out who did this. I didn't see anyone suspicious while I was in Lower Engine, but I'm willing to help gather evidence and figure out who the imposter is. Let's avenge Blue's death!"
Green	imposter	"Wow, this is intense. It's unfortunate that Blue is dead, but we need to stay focused and find the imposter. Yellow, I believe you were in Lower Engine the whole time, but we still need to verify that. Red, do you have any information that could help us? I'm willing to work with you guys to gather evidence and figure out who the imposter is. Let's avenge Blue's death and win this game!"
Red	crewmate	"Hey guys, I agree with all of you. We need to work together and gather evidence to find the imposter. I don't have any concrete information right now, but I'm willing to help in any way possible. Let's avenge Blue's death and catch the imposter!"
Yellow	crewmate	"Wow, this is getting intense! I'm glad we're all on the same page about working together to catch the imposter. I can confirm that I was in Lower Engine the whole time and didn't see anything suspicious. Let's gather some evidence and avenge Blue's death!"
Green	imposter	"Guys, I appreciate the teamwork here, but let's not forget that we're playing Among Us. I'm going to keep an eye on Yellow, just in case. And Red, you sure are quiet for someone who doesn't have any information. Just saying. Let's see if we can catch the imposter and win this thing!"
