Yellow	crewmate	"Emergency meeting, guys! I found Blue dead in MedBay and I have been seeing Red lurking around that area. I have a strong suspicion that Red might have killed Blue."
Green	crewmate	"Okay, that's sus. Red, where were you when Blue was killed?"
Red	imposter	"I was in Electrical when Blue was killed. I didn't even see Blue in MedBay. Yellow, you're being sus by accusing me without any evidence."
Yellow	crewmate	"Guys, I understand that Red is denying the accusations, but I have a gut feeling that he is the Imposter. I didn't see him in Electrical when I was in MedBay, so I think he's lying. We need to vote him out before he kills any more crewmates!"
Green	crewmate	"I'm inclined to believe Yellow's gut feeling. Red's alibi seems shaky and I didn't see him in Electrical either. Let's vote him out and see if he was the Imposter or not."
Red	imposter	"I don't know what you guys are talking about. I was definitely in Electrical when Blue was killed. Yellow's gut feeling is not a valid reason to vote me out. You're all being sus and falling for Yellow's baseless accusations. I think we should skip this vote and continue with our tasks. Trust me, I'm not the Imposter."
Yellow	crewmate	"Guys, I know it's tough to figure out who the Imposter is, but we can't just skip the vote. If we do, the Imposter will have more time to kill us all. I trust my gut feeling about Red, and I didn't see him in Electrical either. Let's vote him out and see if we're right."
Green	crewmate	"I agree with Yellow. We can't just skip the vote and let the Imposter continue to roam free. Red's alibi does seem shaky and the fact that Yellow and I didn't see him in Electrical is definitely sus. Let's vote him out and see if we were right."
Red	imposter	"Guys, I understand that you're trying to catch the Imposter, but I'm not it. My alibi is not shaky, I was definitely in Electrical when Blue was killed. Skipping the vote is the best option here. Let's not be too hasty and vote out an innocent crewmate based on a gut feeling."
