Red	crewmate	"Hey guys, I called this meeting because I just discovered Yellow's dead body in MedBay. This is sus, and I have strong suspicions that it was Blue who did it. I saw them coming from this direction right before I found the body, and they were acting super sketchy."
Green	crewmate	"Wait, what? Yellow's dead? That's so sus. I was in Weapons the whole time, didn't see anything. But I don't know, Red seems kinda sus to me too. Accusing Blue right off the bat like that? I'm not ready to vote yet."
Blue	imposter	"I was in MedBay doing my tasks, didn't see anyone else there. Red seems pretty sus to me too, accusing me without any solid evidence. I think we should skip for now and keep an eye on Red."
Red	crewmate	"Guys, I know accusing Blue without any evidence seems harsh, but I swear I saw them acting sus. I'm not the Imposter, so I have no reason to lie. Green, I understand your hesitation, but we can't afford to skip this vote. We need to catch the Imposter before they kill any more of us. Please vote with me to eject Blue."
Green	crewmate	"Wow, this is a tough one. Yellow being dead in MedBay is sus, but accusing Blue without solid evidence is also sus. I'm not ready to vote just yet, but we definitely need to keep a closer eye on Red and Blue. Let's skip for now and try to gather some more information."
Blue	imposter	"Hey guys, I understand we're all feeling a little sus right now, but we need to be careful about accusing each other without any solid evidence. I don't think we should be so quick to vote someone off just because they seem sus. Let's take some time to gather more information and keep a closer eye on Red and Green too. I'm down to skip this vote for now."
Red	crewmate	"Hey guys, I understand this is a tough decision, but I want to clarify that I'm not the Imposter. I saw Blue acting sus and I had to speak up. But I agree with Green and Blue that we should gather more information before making any big moves. Let's skip for now and keep a close eye on each other during tasks. Stay alert, crewmates!"
Green	crewmate	"Wow, this is getting intense! I agree with Green and Blue that we should gather more information before making any big moves. Let's keep an eye on Red too since they were the one who accused Blue. Skipping the vote seems like a smart move for now. Stay alert, crewmates!"
Blue	imposter	"Wow, this is a tough one indeed. It's interesting to see how everyone is sus of each other. I understand where Red is coming from, but accusing someone without any concrete evidence is not cool. I'm glad that we're all on the same page about skipping the vote for now and gathering more information. Let's keep an eye on each other and complete our tasks efficiently. Stay alert, crewmates!"
