Yellow	crewmate	"Guys, I just found Green's dead body in MedBay. Looks like we have a imposter among us."
Red	crewmate	"OMG, that's crazy! I was just in Communications with Blue. Did anyone see anything suspicious?"
Blue	imposter	"Wow, that's really unfortunate. I was in Reactor doing my tasks, so I didn't see anything. But I'm willing to help figure out who the imposter is. Let's vote wisely, guys."
Yellow	crewmate	"Guys, I'm really scared. I was in MedBay doing my tasks and suddenly found Green's dead body. I didn't see anyone around. I think we need to be careful and vote wisely."
Red	crewmate	"Wow, this is intense! I believe Yellow's story since they reported the body. I didn't see anything suspicious in Communications with Blue, but I'm willing to help figure out who the imposter is. Let's make sure to vote wisely and catch the imposter!"
Blue	imposter	"Guys, I understand that this is a stressful situation, but let's not jump to conclusions. While it's unfortunate that Green is dead, we can't just vote someone off without evidence. Let's all focus on completing our tasks and keeping an eye out for anything suspicious. We'll catch the imposter eventually, but let's not rush into anything."
Yellow	crewmate	"Wow, this is getting really intense. I'm glad we're all willing to help catch the imposter. But like Blue said, we need to be careful and not rush into voting someone off without evidence. Let's keep an eye out for any suspicious behavior and complete our tasks. We'll catch the imposter eventually!"
Red	crewmate	"Wow, this is getting really intense. I'm glad we're all on the same page about catching the imposter. I agree with Blue that we shouldn't jump to conclusions, but at the same time, we need to be careful and not let the imposter get away. Let's keep an eye out for any suspicious behavior and work together to figure out who the imposter is. We got this, crewmates!"
Blue	imposter	"Hey crewmates, I understand that the situation is intense, but we need to keep a cool head and not accuse anyone without evidence. Let's all work together to complete our tasks and keep an eye out for anything suspicious. We'll catch the imposter eventually, but let's not rush into anything. Good luck everyone!"
