Yellow	crewmate	"Hey guys, emergency meet! I just found Blue's lifeless body while I was doing my tasks in storage. I don't have any evidence, but I think we need to start sussing out who was in that area during the time of the murder."
Green	crewmate	"Okay, I was in Shields doing my tasks. Did anyone see anything suspicious while they were in that area?"
Red	imposter	"'Wow, that's crazy. I was in Admin doing my tasks, so I didn't see anything. But I think we should keep an eye on Green, since they were in Shields. Just saying.'"
Yellow	crewmate	"Guys, let's not jump to conclusions here. Just because Green was in Shields doesn't mean they're automatically the Imposter. We need to gather more information before we start accusing each other. Let's go over our tasks and movements again and try to piece together what happened."
Green	crewmate	"Thanks for not immediately accusing me, Yellow. I agree that we need more information before we start pointing fingers. Let's focus on sharing our movements and tasks so we can figure out who was in that area and potentially saw something."
Red	imposter	"Wow, Yellow, you're right. We shouldn't jump to conclusions. But I do agree with Red that we should keep an eye on Green, just in case. Let's share our movements and tasks so we can figure out what happened in Shields."
Yellow	crewmate	"I'm glad that we're all on the same page here. Let's work together to solve this and not turn on each other."
Green	crewmate	"Thanks for keeping a level head, Yellow. I appreciate your approach to this situation. Let's work together as a team to figure out what happened in Shields and find the Imposter."
Red	imposter	"Guys, I totally agree with Yellow. We need to work together as a team and not accuse anyone without proper evidence. Let's share our tasks and movements to figure out who was in Shields and catch the Imposter."
