Blue	crewmate	"Emergency meeting, people! I found Red's dead body in Upper Engine. I have a strong suspicion that Yellow is the Imposter. They were the last one I saw with Red before they went missing."
Green	crewmate	"Okay, okay, let's not jump into conclusions so quickly. Where were you, Blue, before you found the body? And Yellow, where were you during this time?"
Yellow	imposter	"Wow, Blue! That's quite an accusation. I don't know where you're getting your information from, but I definitely didn't kill Red. I was in Upper Engine, finishing up my tasks. If anyone should be suspicious, it should be you, Blue. You're the one who found the body so quickly."
Blue	crewmate	"Listen, I understand that accusing someone is not easy, but I am pretty sure Yellow is the Imposter. I saw them with Red before they went missing. And as for your question, Green, I was in Electrical doing my tasks before I found the body. I suggest we vote Yellow off and see if they're the Imposter."
Green	crewmate	"Hey guys, let's not be too quick to accuse someone without proper evidence. Blue, just because you saw Yellow with Red doesn't necessarily mean Yellow is the Imposter. And Yellow, just because you were in the same room as Red before they were killed doesn't make you guilty. We should all share our tasks and whereabouts to figure out who's who. Let's skip this vote and keep an eye on each other."
Yellow	imposter	"I totally agree with Green. Accusing someone without proper evidence is not fair. Just because I was in the same room as Red before they were killed doesn't make me guilty. I think we should skip this vote and focus on completing our tasks. Let's keep an eye on each other and share our whereabouts to figure out who's who."
Blue	crewmate	As the player Blue, I would respond, "I understand your points, Green and Yellow, but I still have my suspicions about Yellow. However, I agree that we should keep an eye on each other and share our tasks and whereabouts. Let's try to complete our tasks and reconvene if we notice any suspicious behavior."
Green	crewmate	As the player Green, I would respond, "I think it's important that we don't jump to conclusions without evidence. Let's keep an eye on Yellow, but also be aware that the Imposter could be anyone. Let's focus on completing our tasks and sharing our whereabouts to figure out who we can trust."
Yellow	imposter	As the player Yellow, I would respond, "I appreciate your understanding, guys. Let's all work together to complete our tasks and keep an eye out for any suspicious behavior. I am willing to share my whereabouts and tasks to prove my innocence."
