Yellow	crewmate	"Hey guys, I called this meeting because I just found Green's dead body in O2. I didn't see anyone around, but I did see Red running away from the area. I think it's possible that Red could be the Imposter and killed Green."
Blue	crewmate	"Okay, that's a lot of sus on Red. Did anyone see Red in Electrical with me earlier? We were both doing tasks there."
Red	imposter	"Wow, that's a pretty bold accusation, Yellow. I don't know what you're talking about. I was nowhere near O2. And for the record, I did see Blue in Electrical with me. We both did our tasks and then went our separate ways. So, it's definitely not me."
Yellow	crewmate	"Okay, I understand that Blue and Red were in Electrical together, but I still saw Red running away from O2. It's possible that they split up and Red went to O2 to kill Green. We should keep an eye on Red just in case."
Blue	crewmate	"Yellow, you might be onto something, but we don't have enough evidence to vote Red off just yet. Let's keep an eye on Red and see if anything else suspicious happens. In the meantime, I think we should continue doing our tasks and try to catch the Imposter in the act."
Red	imposter	"I don't know what you guys are talking about. I was in Admin the whole time, doing my tasks. You guys are just trying to frame me. But sure, keep an eye on me. You won't find anything because I'm innocent."
Yellow	crewmate	"Guys, I understand that we don't have concrete evidence against Red, but we shouldn't rule out the possibility that they might be the Imposter. Let's keep an eye on them and see if anything else happens. In the meantime, we should try to complete our tasks and eliminate any other suspects."
Blue	crewmate	"Yellow brings up a good point, but we can't vote off Red without concrete evidence. Let's be vigilant and keep an eye on everyone. Remember to finish your tasks, crewmates!"
Red	imposter	"Guys, I don't appreciate being accused of something I didn't do. I was in Admin the whole time and I have nothing to hide. You can keep an eye on me all you want, but you won't find anything because I'm innocent. Let's focus on completing our tasks and catching the real Imposter."
