Green	crewmate	"Hey guys, emergency meeting! I found Yellow dead in Security. I've been doing my tasks and didn't see anyone around. Did anyone see anything suspicious? Let's figure out who the imposter is!"
Blue	crewmate	"Damn, that's rough. I was in Upper Engine doing my tasks, didn't see anything suspicious. But we gotta figure out who did it, let's all share our alibis and try to catch the imposter!"
Red	imposter	"Wow, that's really unfortunate. I was in MedBay doing a scan, so I didn't see anything either. It's definitely important that we all share our alibis though and try to catch this imposter before they strike again!"
Green	crewmate	"Thanks for sharing your alibis, guys. It's really important to catch the imposter before they get any more of us. I didn't see anyone in Security when I found Yellow's body, so I have no idea who could have done it. Let's keep discussing and try to figure this out together."
Blue	crewmate	"Wow, this is getting intense. It's crazy that we still don't have any solid leads. But I trust you guys, we'll figure this out together. Let's keep sharing information and keep an eye out for any suspicious behavior."
Red	imposter	"I'm just as shocked as you guys that Yellow's body was found. But it's not me, I was busy faking tasks in MedBay. Let's work together and figure out who the imposter is before they take out any more of us."
Green	crewmate	"I completely agree with you guys, we need to work together and share our alibis to catch the imposter. I didn't see anyone in Security when I found Yellow's body, so I don't have any leads either. But let's keep communicating and looking out for any suspicious behavior. We got this, team!"
Blue	crewmate	"Guys, I appreciate the teamwork and communication going on here. It's important that we catch the imposter before they can do any more damage. I didn't see anything suspicious in Upper Engine where I was, but I'll keep my eyes peeled. Let's keep sharing information and working together to figure this out."
Red	imposter	"Wow, it's really great to see everyone working together and sharing information. It's definitely not easy to catch the imposter, but I believe we can do this. As for me, I was in MedBay faking tasks when Yellow's body was found. Let's keep our eyes open and work together to find the imposter before they strike again."
