Yellow	crewmate	"Yellow here, I called this meeting because I found Green's dead body in Cockpit. I'm sus of Red because they were the only one nearby when I discovered the body. Has anyone else seen Red venting or acting sus?"
Blue	crewmate	"Okay, so we know for sure that Green is dead, but I haven't seen Red venting or acting sus. Maybe we should hear what Red has to say first before we start accusing."
Red	imposter	"I was in the cockpit doing my tasks when the body was discovered. I didn't see anyone else in the area, so I can't confirm or deny anything. But I'm happy to hear other people's thoughts and try to figure out who the real impostor is."
Yellow	crewmate	"I understand what Red is saying, but I'm still sus of them. They were the only one nearby and they could've easily vented away. I'm willing to hear what everyone else has to say, but I'm keeping my sus on Red."
Blue	crewmate	"Okay, I hear what Yellow is saying, but we can't jump to conclusions just yet. It's possible that Red is innocent and just happened to be in the wrong place at the wrong time. Let's hear what everyone else has to say before we make any accusations."
Red	imposter	"Hey guys, I understand why Yellow might be sus of me, but I swear on my tasks that I didn't vent or see anything. I'm willing to cooperate and help figure out who the real culprit is. Let's hear what everyone else has to say and try to piece together the clues."
Yellow	crewmate	"I agree with Blue that we shouldn't jump to conclusions just yet. Let's hear what everyone has to say and try to gather more information. However, I'm still keeping my eye on Red as a potential suspect."
Blue	crewmate	"Looks like we have a classic case of sus on our hands. It's important that we hear everyone out and gather as much information as possible before making any accusations. Let's work together as a team and figure out who the real Imposter is. And remember, trust no one!"
Red	imposter	"Wow, this is intense! It's important that we all work together and gather as much information as we can. I'm willing to help out in any way I can to catch the real Imposter. But let's not rush to any conclusions, we need to be thorough in our investigation. And remember, stay sus of everyone!"
