Blue	crewmate	"Emergency meeting, guys! I found Red's dead body in Electrical. It's sus af. We need to figure out who did it."
Yellow	crewmate	"OMG, that's so sus! I was in MedBay doing my scan, so I didn't see anything. But I think we should skip for now and keep an eye on Blue. They could be self-reporting to throw us off."
Green	imposter	"Wow, that's a big sus. I definitely didn't see anything since I was in Communications doing some tasks. But I agree with Yellow, we should skip for now and keep our eyes peeled. Blue could be self-reporting to throw us off the trail."
Blue	crewmate	"I understand where Yellow and Green are coming from, but I swear on my crewmate life that I didn't self-report. I was doing my tasks in Electrical when I stumbled upon Red's dead body. I think we should at least consider the possibility that the imposter is still among us and not skip this emergency meeting."
Yellow	crewmate	"I agree with Yellow and Green, skipping for now is the right move. We should keep an eye on Blue and see if they do anything suspicious."
Green	imposter	"I totally agree with Yellow and think that skipping for now is the smartest move. However, Blue's story seems a little sus to me. We should definitely keep an eye on them and see if they slip up."
Blue	crewmate	"Guys, I swear on my crewmate life that I didn't self-report. I understand we should be cautious, but we can't ignore the possibility that the imposter is still among us. Let's keep an eye on each other and try to complete our tasks to win this game!"
Yellow	crewmate	"I think skipping the vote for now is the right decision. It's better to be safe than sorry. Let's keep an eye on each other and complete our tasks to win this game!"
Green	imposter	"I think we made the right decision by skipping the vote for now. Let's all focus on completing our tasks and keeping a close eye on each other. Blue's story might be a little sus, but we can't jump to conclusions without more evidence. Stay vigilant, crewmates!"
