Green	crewmate	"Hey guys, I'm calling this meeting because I just found Yellow's dead body in Communications. I didn't see anyone in the area, but I did see Red leaving the room right before I found the body. So, I'm pretty sus of Red right now."
Blue	crewmate	"Okay, I trust your instincts, Green. I didn't see anything suspicious while I was in Reactor, so I'm voting for Red."
Red	imposter	"Whoa, whoa, whoa! Hold up there, Green. I was just in Communications fixing the wires, but I didn't see any body there. I definitely did not kill Yellow. Blue, you gotta believe me. I'm not the Imposter!"
Green	crewmate	"Okay, let's not jump to conclusions just yet. Red's story checks out, but we still need to figure out who the Imposter is. Blue, did you see anyone else acting suspiciously?"
Blue	crewmate	"Sorry Red, but I gotta trust Green's instincts here. I didn't see anything suspicious while I was in Reactor, but I'm voting for you. Let's figure out who the Imposter is together."
Red	imposter	"I understand that you guys have suspicions about me, but I swear I didn't do it. I was in Communications fixing the wires like I said. I think we should keep investigating to find out who the real Imposter is. Trust me on this one, guys."
Green	crewmate	"Okay guys, let's focus on finding the Imposter. Red's story seems legit, so let's not jump to conclusions. Blue, did you see anyone else around the Reactor area? We need to gather more information before we vote someone out."
Blue	crewmate	"Hey guys, I didn't see anyone else around Reactor besides Red. But I agree with Green, let's not jump to conclusions just yet. We need to gather more information to make sure we're voting out the right person."
Red	imposter	"Hey guys, I appreciate the trust Green has in me. But I'm innocent, I swear! Blue, thanks for being honest about not seeing anyone else around Reactor. I think we should all keep an eye out for any suspicious activity and gather more evidence before making a decision. Let's catch the real Imposter together!"
