Blue	crewmate	"I've called this meeting because I found Yellow dead in Navigation! This is sus, we need to figure out who did this before they strike again!"
Green	crewmate	"Dang, that's rough. I was in Admin doing my tasks, didn't see anything suspicious. Anyone have any leads or sus behavior they noticed?"
Red	imposter	"Wow, that's really sus. I was in Storage doing my tasks when the emergency meeting was called. I didn't see anyone around, but I think we should investigate Green. They always seem to be playing it cool and it's a bit sus if you ask me."
Blue	crewmate	"I was in Electrical doing my tasks and didn't see anything suspicious either. But I do agree with Green, we need to figure out who could have done this. Red, why are you so quick to throw suspicion on Green? That's pretty sus too."
Green	crewmate	"Thanks for calling the emergency meeting, Blue. Finding Yellow dead in Navigation is really sus. I swear on my Crewmate status, I was doing my tasks in Admin and didn't see anything suspicious. I think we should investigate all our movements and activities before we start accusing each other. Red, I don't see any reason to suspect me, and your quick accusations are sus too. Let's work together to figure out who could have done this."
Red	imposter	"I hear what y'all are saying, but I gotta defend myself too. I was in Storage, minding my own business, when this emergency meeting was called. I didn't see anything sus, but I gotta say, Green's trying a little too hard to convince us they're innocent. I'm not saying they're the Imposter, but it's definitely worth keeping an eye on them."
Blue	crewmate	"Guys, let's not get too hasty with accusations. We need to carefully analyze our movements and tasks before we point fingers. Red, I don't think it's fair to suspect Green just because they are playing it cool. And Green, I understand you want to clear your name, but let's focus on finding any evidence that could help us identify the Imposter. I suggest we all share our tasks and movements so we can narrow down our search. We can do this, team!"
Green	crewmate	"Thanks for calling the meeting, Blue. I agree with you that we need to be careful with accusations. It's important that we all work together and share our tasks and movements so we can identify any suspicious behavior. Red, I don't think it's fair to suspect me just because I'm playing it cool. Let's focus on finding evidence and not jump to conclusions. We can do this, team!"
Red	imposter	"Y'all are making some good points, but I gotta say I'm a little sus of Green. They seem a little too eager to clear their name, and I didn't see them in Admin like they claim. But I'm open to hearing everyone's movements and tasks before we make any accusations. Let's work together to catch this Imposter!"
