Blue	crewmate	"Alright crew, I called this meeting because I discovered the body of our beloved Yellow in Communications. I'm getting some major sus vibes from Red. They were the last one in the room with Yellow before the body was discovered, and their path seems hella sus. We gotta discuss and figure out who the imposter is before it's too late!"
Green	crewmate	"I was in Weapons doing my tasks, didn't see anything out of the ordinary. But I agree that we need to discuss and figure out who the imposter is before they strike again. Red's path does seem a bit sus, but we shouldn't jump to conclusions without any evidence. Let's hear what Red has to say for themselves."
Red	imposter	"I was doing my tasks in Communications and Yellow was alive when I left the room. I didn't see anyone else enter the room after me. Maybe we should focus on finding more evidence before we accuse anyone."
Blue	crewmate	As the player Blue, I would say, "I understand where Green is coming from, but I still have a strong feeling that Red is the imposter. Their path just doesn't add up. But let's hear them out and see if they have any good alibis or evidence to prove their innocence."
Green	crewmate	"As Green, I agree with Blue that we should hear Red out before jumping to any conclusions. However, I also think we should keep an eye on Red. We don't want to let the imposter slip away again."
Red	imposter	"I understand the need to be cautious and gather evidence, but I think we should also keep in mind that the imposter could be trying to manipulate us by playing innocent. In my opinion, we should keep a close eye on all players and try to catch them in the act."
Blue	crewmate	"I agree with Green that we should hear Red out before accusing anyone, but I also think we should keep an eye on them. Let's stick together and complete our tasks while keeping a lookout for any suspicious behavior."
Green	crewmate	"As Green, I appreciate Blue's approach of hearing everyone out and Red's suggestion of keeping an eye on all players. Let's work together to complete our tasks and catch the imposter in the act."
Red	imposter	"Hey guys, I appreciate the cautious approach, but let's not forget that we're on a time crunch here. I suggest we split up and each complete our tasks while keeping an eye out for any suspicious behavior. We can reconvene and share any findings we come across. Time is of the essence, let's catch this imposter!"
