Blue	crewmate	"Hey everyone, I found Red's dead body in O2. We need to figure out who the imposter is before they strike again. I didn't see anyone leave the area before I found the body, so I have no clues at the moment. Does anyone have any suspicions or intel to share?"
Green	crewmate	"Okay, I was in Cargo Bay doing tasks. I didn't see anyone acting suspiciously. But I'm willing to listen to any intel that anyone might have. Let's find the imposter and eject them into space!"
Yellow	imposter	"Wow, that's crazy! I can't believe someone would do such a thing. I was in Upper Engine doing some tasks when the emergency meeting was called. I didn't see anyone acting weird, but I'll keep my eyes peeled for any suspicious behavior. We need to find the imposter and eject them out of the ship before they do any more damage!"
Blue	crewmate	"Thanks for sharing your whereabouts, Green and Yellow. Let's keep an eye out for any suspicious behavior and try to complete our tasks efficiently while we figure out who the imposter is. We can't let them win!"
Green	crewmate	"Thanks for sharing your info, Blue. It's definitely important to keep an eye out for any suspicious behavior. Let's work together and try to catch the imposter before they strike again. I'm gonna keep doing my tasks in Cargo Bay, but I'll keep my eyes peeled for anything suspicious."
Yellow	imposter	"Thanks for the updates, guys. I'll make sure to act natural while I continue my tasks in Upper Engine. But don't worry, I'll keep an eye out for any sus behavior. Let's catch this imposter and send them flying into the vacuum of space!"
Blue	crewmate	"Great teamwork, guys! We need to be vigilant and keep an eye out for any suspicious behavior. Let's work together to complete our tasks and catch that imposter before they strike again. Blue is not the imposter, so we can trust them. I'm currently in O2 and will keep a lookout for anything sus. Let's do this!"
Green	crewmate	"I agree with Blue. We need to work together and keep an eye out for anything suspicious. I'm currently in Cargo Bay, finishing up my tasks. But I'll definitely keep an eye out for anything unusual. Let's catch that imposter and show them who's boss!"
Yellow	imposter	"Looks like my fellow crewmates are on high alert. But little do they know, I'm the one they should be worried about. Time to pull off some sneaky moves in Upper Engine and throw them off my trail. They'll never suspect a thing."
