Red	crewmate	"Alright crewmates, I have called this emergency meeting because I found Green dead in O2. I'm sus of Blue because I saw him vent right before I found the body. Anyone else see him around that area?"
Yellow	crewmate	"Sorry Red, but I was in Communications the entire time. I didn't see Blue vent or anything suspicious. I'm not sus of anyone at the moment."
Blue	imposter	"Oh no, that's terrible! I was in Navigation the entire time, so I didn't see anything in O2. But I can definitely vouch for Yellow, they were with me for a while and didn't do anything suspicious. As for Red's accusation, I have no idea what they're talking about. I definitely didn't vent in O2, that's just crazy talk."
Red	crewmate	"Guys, I know for a fact that Blue vented in O2. I saw it with my own eyes. I'm sticking with my sus on Blue."
Yellow	crewmate	"Wow, things are getting intense! It's tough to know who to trust in this game. I believe Yellow and Blue, but Red's accusation is pretty strong. Let's keep discussing and see if we can figure out who the Imposter is."
Blue	imposter	"I understand Red's point of view, but they're just grasping at straws here. Yellow and I were together for a while, so it's impossible that I could have vented in O2. I think we should skip this vote and keep an eye on Red, they might be the Imposter trying to deflect suspicion onto me."
Red	crewmate	"Guys, I understand that it's tough to know who to trust, but I'm telling the truth. I saw Blue vent in O2. I know it sounds crazy, but just trust me on this one. We can skip the vote for now, but keep an eye on Blue and Yellow. I think one of them might be the Imposter."
Yellow	crewmate	"Wow, this is a tough one. Red's accusation is pretty strong, but Blue and I were together for a while so I know they didn't vent in O2. I agree with Blue that we should skip this vote and keep an eye on Red. They might be trying to throw us off their trail."
Blue	imposter	"I agree with Blue and Yellow, skipping the vote is the smartest move right now. Red's accusation seems a bit too strong and they might be trying to manipulate us. Let's keep an eye on them and gather more evidence before making a decision."
