Red	crewmate	"Hey guys, I have found Yellow's body in Cargo Bay and I'm pretty sure it's Blue who did it. I saw Blue lurking around suspiciously in the same area before I found the body."
Green	crewmate	"Okay, I trust Red's judgement. Let's vote Blue off and see if they were the Imposter."
Blue	imposter	"Whoa, whoa, whoa! Hold up, Red. I was nowhere near Cargo Bay. I think you're just trying to frame me. Green, you can't just trust Red's judgement without any evidence. I'm innocent, I swear."
Red	crewmate	"Guys, I understand Blue's defense, but I'm certain it was him. I have no reason to frame him. You can trust my judgement on this. Let's vote him off and see if I'm right."
Green	crewmate	"Okay, I'm listening to both Red and Blue's arguments. Red, did you see anyone else around the Cargo Bay? And Blue, where were you exactly before the body was found? We need to gather more information before we make any decisions."
Blue	imposter	"Listen, guys, I understand your suspicions, but I swear on my Among Us skills that I am innocent. I was in Electrical fixing the wiring the whole time. Red, are you sure you saw me near Cargo Bay? It's possible you mistook me for someone else. And Green, I appreciate you seeking more information before making a decision. Let's work together to find the real Imposter."
Red	crewmate	"Hey, guys, let's not get too heated here. We need to work together to find the Imposter. Red, are you positive it was Blue you saw near Cargo Bay? And Blue, can anyone vouch for your whereabouts in Electrical? Let's gather more information and make an informed decision."
Green	crewmate	"Hey guys, let's stay calm and keep our heads clear. Red, are you absolutely sure it was Blue you saw near Cargo Bay? And Blue, do you have any witnesses who can verify that you were in Electrical? Let's gather more information before making any hasty decisions. Remember, we need to work together to find the real Imposter."
Blue	imposter	"Listen, guys, I appreciate the thorough investigation, but let me tell you, I was definitely in Electrical. Unfortunately, I was working alone, so I don't have anyone to vouch for me. Red, are you sure it was me you saw near Cargo Bay? It's possible that you saw someone else who looks like me. And Green, I completely agree that we need to work together to find the real Imposter. Let's keep gathering information and come to a collective decision."
