Yellow	crewmate	"Yo crewmates, I called this meeting because I found Green's dead body in Security. That's sus as heck and we need to get to the bottom of this. Did anyone see anything or have any info that could help us out? We gotta figure out who the imposter is before they take us all out one by one."
Red	crewmate	"Yo, that's crazy sus. I was in MedBay doing tasks, didn't see anything. But we definitely need to figure out who the imposter is before they keep taking us out. Has anyone seen Blue around lately? They've been acting pretty sus in the past few rounds."
Blue	imposter	"Wow, that's really unfortunate about Green. I was in Reactor doing my tasks, so I didn't see anything suspicious. As for Blue, I did see them near MedBay earlier, but I don't want to jump to any conclusions. Let's keep investigating and see if we can find any more clues."
Yellow	crewmate	"Guys, I didn't see anyone in Security when I passed through earlier. But I did see Red in MedBay. Blue, why were you near MedBay if you were doing tasks in Reactor? That's sus to me."
Red	crewmate	"Okay, first of all, RIP Green. But I can vouch for Red, I was with them in MedBay doing tasks. As for Blue, it does seem sus that they were near MedBay when they were supposed to be in Reactor. I think we should keep an eye on them for now."
Blue	imposter	"I understand that everyone is on edge after what happened to Green, but let's not jump to conclusions here. Just because I was near MedBay doesn't mean I'm the imposter. Let's keep investigating and gathering more information before we accuse anyone."
Yellow	crewmate	"Guys, I agree with Blue. Let's not jump to any conclusions yet. We should continue to gather information and keep an eye on everyone. It's important that we don't accuse someone who is innocent."
Red	crewmate	"I'm with Yellow on this one. We shouldn't be quick to accuse anyone without concrete evidence. Let's keep doing our tasks and keep an eye out for anything sus."
Blue	imposter	"I totally agree with Yellow and Red. It's important we don't jump to conclusions without concrete evidence. Let's continue to do our tasks and keep an eye out for anything suspicious. We'll catch the imposter eventually!"
