Yellow	crewmate	"Hey y'all, I called this meeting because I just found Red's poor dead body in Admin, and we need to figure out who could've done such a heinous deed. I know we're all a bit suspicious of each other, but we need to work together to catch that sneaky imposter."
Green	crewmate	"OMG, not Red! I was in Shields doing my tasks. Did anyone see anything sus?"
Blue	imposter	"Wow, that's really unfortunate. I was in Cafeteria doing the wires task. I didn't see anyone coming from Admin. Did anyone else see anything?"
Yellow	crewmate	"Guys, I was in Navigation doing my tasks. I didn't see anyone passing through Admin. But we need to act fast and figure out who did this. We can't let the imposter get away with this murder."
Green	crewmate	"Wow, this is crazy! Poor Red. I didn't see anything sus in Shields, but I trust that we can figure this out together. I'm gonna skip my vote for now, but let's keep our eyes peeled and get that imposter!"
Blue	imposter	"Wow, this is really intense! Poor Red. It's really sus that no one saw anyone passing through Admin. I'm gonna skip my vote for now, but I'll definitely be on the lookout for any suspicious activity. We can't let the imposter get away with this murder."
Yellow	crewmate	"I agree with Blue, it's really sus that no one saw anyone passing through Admin. But let's keep our eyes peeled and try to gather more information before we make any accusations. We don't want to vote off an innocent crewmate and let the imposter win."
Green	crewmate	"Wow, that was a close one! I'm glad we're all working together to catch that imposter. Let's keep our eyes and ears open for any sus behavior. We got this, team!"
Blue	imposter	"Man, this is getting intense. I gotta be careful and not give myself away. I'll have to play it cool and hope my fellow crewmates don't catch on to me. But I gotta say, they're doing a great job working together to catch the imposter."
