Blue	crewmate	"Hey guys, I called this meeting because I found Red's dead body in Electrical. I didn't see any other player around the area but I did see Yellow running away from the scene. Yellow was looking kinda sus if you ask me."
Green	crewmate	"Okay, so let me get this straight. Blue found Red's dead body in Electrical, and Yellow was seen running away from the scene? That does sound pretty sus. But we shouldn't jump to conclusions just yet. We need to hear from Yellow and see if they have a valid alibi."
Yellow	imposter	"Uh, guys? I was just doing my tasks in Security. I didn't even go to Electrical. I think Blue might be trying to frame me. And Green, you should know better than to jump to conclusions so quickly. We need to consider all possibilities before accusing someone."
Blue	crewmate	"Okay, hear me out guys. I know Yellow's defense sounds convincing, but I swear I saw them running away from Electrical. I wouldn't frame them for no reason. Let's hear what they were doing in Security and then decide."
Green	crewmate	"Wow, this is getting intense! It's definitely suspicious that Yellow was seen running away from the scene, but we can't just accuse them without more evidence. I agree with Yellow that we need to consider all possibilities before jumping to conclusions. Let's hear what they have to say about their tasks in Security before making any decisions."
Yellow	imposter	"Guys, I understand that finding a dead body and seeing someone run away from the scene can be suspicious, but we need to consider all possibilities here. Blue might have just mistaken me for someone else. And Green, I appreciate your patience and level-headedness. Let me explain what I was doing in Security and clear my name."
Blue	crewmate	"Wow, this is getting intense! It's important to hear everyone out and consider all possibilities before making any accusations. Let's listen to what Yellow has to say about their tasks in Security and then make an informed decision. Remember, we're all on the same team here and we need to work together to find the Imposter."
Green	crewmate	"Seems like we have a real detective squad here! I'm impressed with how everyone is trying to find the Imposter without jumping to conclusions. Let's hear Yellow out and see what they have to say. Working together is the key to victory, team!"
Yellow	imposter	"Hey guys, I really appreciate how we're all approaching this situation with a level head. I get that seeing me run away from the scene looks suspicious, but I promise I was just on my way to Security to do my tasks. I'm happy to explain them to you all and clear my name. Let's work together to find the Imposter and win this game!"
