Blue	crewmate	"I just found Yellow's lifeless body in MedBay! This is sus, guys. I was doing the scan and I saw nothing out of the ordinary, but when I finished up, I found Yellow lying there. I didn't see anyone else around, but I'm hoping someone else saw something fishy happen around here."
Green	crewmate	"Damn, that's hella sus! I was in Weapons doing my tasks, so I ain't got no clue. But I trust Blue, and I think we should all be careful from now on. Let's skip voting for now and keep an eye out for any sus activity."
Red	imposter	"Wow, that's crazy! I had just finished my task in Lower Engine when the emergency meeting was called. I didn't see anyone around, but I'm definitely going to keep my eyes peeled for anyone acting sus. I agree with Green, let's skip voting for now and gather more information."
Blue	crewmate	"Guys, I'm really freaked out about Yellow's death. It's definitely sus that I didn't see anyone around, but hopefully, we can figure out who did this. I agree with Green and Red, let's skip voting for now and keep an eye out for any sus activity. We can't let the Imposter win."
Green	crewmate	"Damn, that's hella sus! I'm glad we're all on the same page. Let's stick together and finish our tasks, but keep an eye out for anyone acting sus. We can't let the Imposter get away with this."
Red	imposter	"Guys, I totally agree with you all. It's really sus that no one saw anything, but we can't give up. Let's keep going with our tasks, but be very careful. I'm going to keep an extra close eye on Green, just in case."
Blue	crewmate	"Wow, this is intense! I'm glad we're all on the same page about skipping voting for now. We can't afford to lose any more crewmates. Let's continue with our tasks and keep an eye out for any suspicious activity. We need to catch the Imposter before it's too late!"
Green	crewmate	"Wow, that was a close one. It's good to see that we're all working together to catch the Imposter. Let's finish our tasks quickly and keep an eye out for any sus activity. We got this, crewmates!"
Red	imposter	"Wow, this is getting real sus. I'm going to play it cool and act like I'm doing my tasks, but really, I'm going to try and sabotage the crewmates without getting caught. They're all so focused on each other, they won't even see it coming."
