Yellow	crewmate	"Yellow here, I found Red's dead body in Security! I think we have an imposter on the loose!"
Blue	crewmate	"OMG, that's crazy! I was in Lower Engine doing my tasks, didn't see anything suspicious. But we gotta find out who did this, we can't let the imposter win!"
Green	imposter	"Wow, that's a real sus situation. I was in Weapons doing my task, didn't see anyone around. We have to vote someone off, we can't let the imposter run free and keep sabotaging our tasks!"
Yellow	crewmate	"Guys, I agree with Green. We can't let the imposter get away with this. But we need to be careful, we don't want to vote off an innocent crewmate. Let's skip for now and keep an eye on each other."
Blue	crewmate	"I completely agree with Yellow and Green. It's definitely a sus situation, but we can't just vote someone off without proper evidence. Let's keep an eye on each other and try to complete our tasks. We'll catch the imposter eventually!"
Green	imposter	"Guys, I think we need to be more proactive in catching the imposter. We can't just wait and hope they slip up. I saw Red acting really sus earlier, so I think we should vote them off and see if we were right."
Yellow	crewmate	"I totally agree with Blue. We can't just go around accusing people without evidence. Let's keep a close eye on each other and finish our tasks. We'll catch the imposter eventually."
Blue	crewmate	"Good discussion, crewmates! It's important to be vigilant and keep an eye on each other, but we don't want to jump to conclusions without evidence. Let's continue with our tasks and keep a lookout for any suspicious behavior. Together, we can catch the imposter!"
Green	imposter	"I'm glad we're all on the same page about being vigilant, but I agree with Blue that we shouldn't vote someone off without proper evidence. Let's keep an eye on each other and work together to complete our tasks. Who knows? The imposter might slip up and reveal themselves."
