Green	crewmate	"Hey guys, emergency meeting! I found Yellow's body in Shields. I didn't see anyone around, so we need to figure out who did this. I didn't see any sus behavior from anyone, so we need to talk it out and figure this out together."
Blue	crewmate	"Aw man, not another body! Okay, let's get our detective hats on and figure this out. I was in Navigation the whole time, didn't see anyone suspicious. Did anyone see anything or anyone around Shields?"
Red	imposter	"Wow, that's terrible news. I didn't see anything either. Maybe we should skip voting this time and keep an eye out for any sus behavior in the next round. What do you guys think?"
Green	crewmate	"I agree with Red. Skipping voting this time might be the best option since we don't have any concrete evidence. But let's keep an eye out for any sus behavior in the next round. Stay vigilant, guys!"
Blue	crewmate	"I agree with Green and Red. Skipping voting this time is the best option as we don't have any concrete evidence. Let's keep an eye out for any sus behavior in the next round. Stay alert, everyone!"
Red	imposter	"Phew, that was a close one. I was getting nervous there for a sec. Skipping the vote sounds like a good plan, but I'll definitely be keeping a close eye on everyone. Gotta make sure no one catches me sus."
Green	crewmate	"Great teamwork, guys! Skipping the vote is definitely the best option when we don't have any concrete evidence. Let's keep our eyes peeled for any sus behavior in the next round. Stay focused and vigilant!"
Blue	crewmate	"Great job, team! Skipping the vote is a smart move when we don't have any hard evidence. Let's keep our eyes open for any suspicious activity in the next round. We got this!"
Red	imposter	"Wow, my teammates are really playing it safe. Skipping the vote was the perfect move to avoid suspicion. I'll have to be extra careful next round and make sure no one catches me in the act. Can't let them see me being sus!"
