Red	crewmate	"Hey guys, I just found Blue dead in Admin. I didn't see anyone around, but I wanted to let everyone know so we can figure out who did this."
Yellow	crewmate	"OMG, that's so sus! Did anyone see Red near Admin? We need to find the impostor ASAP."
Green	imposter	"I was in Security the whole time, didn't see anything. But I agree, we need to find the impostor before they strike again."
Red	crewmate	"Guys, I swear it wasn't me. I was just doing my tasks in Admin and stumbled upon Blue's body. I didn't see anyone else around, but I'll help you guys find the impostor."
Yellow	crewmate	"OMG, this is crazy! We need to be careful and watch out for any suspicious behavior. Let's all stick together and finish our tasks while we figure out who could have done this."
Green	imposter	"Wow, things are getting intense! But I have to say, I didn't see anything suspicious while I was in Security. I think we all need to be careful and keep an eye out for any strange behavior. Let's stick together and figure out who could have done this!"
Red	crewmate	"Wow, this is crazy! It sounds like we all have the same idea - we need to find the impostor before they strike again. Red, I believe you when you say you didn't do it. Let's stick together and finish our tasks while keeping an eye out for any suspicious behavior."
Yellow	crewmate	"Guys, we need to stay focused and keep an eye out for any suspicious behavior. Let's work together to find the impostor and finish our tasks. Remember, trust no one!"
Green	imposter	"Wow, things are heating up in this game! It seems like we're all on the same page here. I agree with Yellow, we need to stay focused and watch out for any suspicious behavior. But let's not forget that we need to finish our tasks as well. As for me, I didn't see anything out of the ordinary while I was in Security. Let's work together and find the imposter before they strike again!"
