Green	crewmate	"Alright guys, I just found Blue dead in Admin and I have a sus feeling about Red. I was doing my tasks and Red was the only one nearby. It's time to put on our detective hats and figure out who the impostor is."
Yellow	crewmate	"I was in Electrical doing my tasks, so I didn't see anything suspicious. But I trust your judgment, Green. Let's vote Red and see if we can catch the Imposter."
Red	imposter	"Whoa, whoa, whoa, hold up! I was in Admin too, but I didn't see anyone else there. Green, you're being real sus right now. Why are you so quick to blame me? I think we should skip this vote and keep an eye on Green instead."
Green	crewmate	"Listen up crewmates, I understand Red's point of view, but I'm not convinced. I know what I saw and I trust my gut. I say we take the risk and vote Red. We can always keep an eye on me too if you want. Let's catch this Imposter!"
Yellow	crewmate	"Wow, things are really heating up in this emergency meeting! I didn't see anything in Electrical, but I trust Green's gut feeling. Let's vote Red and see if we can catch the Imposter. We can always keep an eye on Green too, just to be safe."
Red	imposter	"Guys, I understand everyone's suspicions, but I swear on my crewmate status that I didn't do anything sus. But if you all insist on voting for me, go ahead. Just know that you're making a big mistake."
Green	crewmate	"Wow, what a heated emergency meeting! I agree with Yellow, we should trust Green's instincts and vote for Red. Let's catch that Imposter and keep our ship safe."
Yellow	crewmate	"I totally agree with Green and Yellow. It's better to take the risk and vote for Red to catch the Imposter. We can always keep a watch on Green as well, just to be safe."
Red	imposter	"Guys, I understand your suspicions but you're barking up the wrong tree. I didn't do anything sus, but if you insist on voting for me, go ahead. Just remember, you'll regret it when you realize you made a mistake. Keep an eye on Green too, just saying."
