Blue	crewmate	"Emergency meeting, y'all! I just found Yellow's dead body in Shields! I have a strong feeling that Red is the Imposter. I saw them lurking around the area just before I found Yellow's body."
Green	crewmate	"Okay, I hear you, Blue. But let's not jump to conclusions just yet. Red, where were you when Yellow's body was found?"
Red	imposter	"Uh, I was in Electrical fixing some wires. I didn't see anyone around Shields when I was passing by there. But wait, Blue, why do you think I'm the Imposter? I haven't even been near Shields this round."
Blue	crewmate	"Listen up, guys. I understand that we should not jump to conclusions, but I saw Red lurking around Shields before I found Yellow's body. I am not saying that Red is definitely the Imposter, but we should definitely keep an eye on them for the rest of the round."
Green	crewmate	"Okay, let's calm down and gather more information before we make any accusations. Red, can anyone vouch for you being in Electrical? And Blue, did you see anyone else in the area besides Red?"
Red	imposter	"Guys, I understand your concerns, but I swear I was in Electrical fixing the wires. I didn't see anyone around Shields. Blue, are you sure it was me you saw? Maybe it was someone else who looked like me. And Green, I'm sure someone can vouch for me. Let's not make any hasty decisions, we need more information."
Blue	crewmate	"I agree with Green, let's not jump to conclusions. Red, can anyone confirm that you were indeed in Electrical? And Blue, did you see anyone else in Shields besides Red?"
Green	crewmate	"Good job, guys. It's important to gather more information before making any accusations. Red, do you have any tasks in Navigation that you could show us to confirm your innocence? And Blue, did you see anyone else in Shields besides Red? Let's work together to figure this out."
Red	imposter	"I appreciate the level-headedness of my teammates here. Yes, someone can definitely vouch for me being in Electrical. And Blue, I understand why you might be suspicious, but I assure you it was me. I don't have any tasks in Navigation, but I'm happy to follow someone there to prove my innocence. Let's work together and figure out who the real imposter is."
