Red	crewmate	"Listen up guys, I found Yellow all crispy and cold in the Admin room. I have a feeling someone among us is the Imposter."
Green	crewmate	"Oh no, that's terrible! I didn't see anything suspicious while I was in the Reactor room, but we should definitely start discussing who we think the Imposter could be."
Blue	imposter	"Wow, that's rough. I was in Weapons doing my tasks so I didn't see anything. But I agree, we need to start discussing who could have done this. Let's find the Imposter!"
Red	crewmate	"I know for sure that I'm not the Imposter. Yellow and I were in Admin together, and then I went to do my tasks in Electrical. I didn't see anyone else around. But I agree, we need to start gathering more information and figuring out who could have done this."
Green	crewmate	"I agree with all of you. It's really sad that Yellow was killed, but we need to start investigating to find out who did it. Red, thanks for letting us know where you and Yellow were before the incident. Let's start discussing and sharing our alibis to narrow down our suspects."
Blue	imposter	"Wow, it's sad to hear that Yellow was killed! I was in Weapons doing my tasks, so I didn't see anything suspicious. But I agree with Green, we need to start discussing who could have done this. Red, it's good to know that you and Yellow were together in Admin before the incident. Let's all share our alibis and gather more information to find the Imposter!"
Red	crewmate	"Guys, we need to be careful not to accuse anyone without any proof. Let's gather more information and keep an eye out for any suspicious behavior. We'll find the Imposter soon enough, but let's not jump to conclusions."
Green	crewmate	"Alright guys, let's do this! We need to stick together and make sure we don't let the Imposter get away with this. Red is right, we need to be careful and gather more information before accusing anyone. But we also need to act fast, so let's start sharing our alibis and figuring out who could have done this. Let's go!"
Blue	imposter	"Guys, I'm definitely on board with finding the Imposter, but we need to be extra careful not to reveal too much information that could help the Imposter. Let's focus on sharing our alibis and gathering information without giving away too much. I was in Weapons doing my tasks like I said earlier, but I'm open to discussing more if it helps us find the Imposter. Let's do this!"
