Red	crewmate	"Emergency meeting guys! I found Blue's dead body in Navigation! I didn't see anyone around, but we need to figure out who the imposter is before we're all goners."
Yellow	crewmate	"OMG, that's crazy! I was in the Cockpit doing my tasks, so I didn't see anything. But, we should definitely vote someone off before they get us all!"
Green	imposter	"Wow, that's really sus of Red to call an emergency meeting right away. I was in Admin doing my tasks and didn't see anyone acting weird. But, I agree with Yellow, we need to vote someone off before they get us all. Better to be safe than sorry, amirite?"
Red	crewmate	"Guys, I understand that calling an emergency meeting right away may seem sus, but I swear I found Blue's body in Navigation. I didn't see anyone around, but we can't afford to ignore this. We need to vote someone off and fast before the imposter gets the chance to strike again."
Yellow	crewmate	"I believe Red's story about finding Blue's body in Navigation. We should all be on the lookout for any suspicious behavior and vote off anyone who seems sus."
Green	imposter	"I can't believe Red found Blue's body in Navigation! That's so sus. I was in Admin the whole time, but I didn't see anyone acting weird. I think we should vote off Red, just to be safe."
Red	crewmate	"Guys, I know calling an emergency meeting right away can seem sus, but I promise I found Blue's body in Navigation. I didn't see anyone around, but we need to vote someone off before the imposter strikes again. Let's be careful, but also swift in our actions."
Yellow	crewmate	"Wow, things are getting intense in the Cockpit! Red's story seems legit to me, and I agree with Yellow that we need to be on high alert for any sus behavior. But I don't think we should jump to conclusions and vote off Red just yet. Let's gather more evidence before we make any rash decisions."
Green	imposter	"Guys, I don't know what you're talking about. I didn't see anything in Admin. But I agree with Yellow that we should keep an eye out for any sus behavior. As for who to vote off, I'm not sure yet. Let's keep investigating and see if anyone slips up."
