Yellow	crewmate	"Okay guys, I've called this meeting because I found Green's dead body in the Cafeteria. I didn't see anyone around, but I'm sus of Blue because I saw them sneaking around navigation earlier."
Red	crewmate	"Wait, what? Green is dead? That's crazy! I was in Electrical fixing the wiring. I didn't see anyone around there. But Blue, why were you sneaking around Navigation? That's sus."
Blue	imposter	"Guys, I'm sorry to hear about Green. But I wasn't sneaking around Navigation, I was just trying to find my way to Cafeteria. I didn't see anyone on my way there. I think it's sus that Yellow is pointing fingers at me without any concrete evidence. Maybe they're trying to divert our attention from their own guilt?"
Yellow	crewmate	"Okay guys, I understand that this is a tough situation, but we need to focus on finding the real imposter. Blue's excuse of getting lost seems plausible to me. Red, where were you before Electrical? Did anyone see you there? We need to gather more information before we accuse anyone."
Red	crewmate	"Wow, this is intense! I can't believe Green is dead. Yellow, thanks for bringing this to our attention. Blue, your excuse seems plausible, but we need to keep an open mind. Yellow, I was in Medbay before I went to Electrical. I didn't see anyone there, but I did see Yellow running from Cafeteria. I'm not saying they're the imposter, but it's something to keep in mind."
Blue	imposter	"I can't believe Green is dead already! This is insane. Red, your alibi seems solid, but Yellow, why were you running from Cafeteria? That's definitely sus. I don't have any concrete evidence yet, but I'm keeping my eye on you."
Yellow	crewmate	"I understand that this is a difficult situation, but we need to stay focused and gather more information before we start accusing people. Blue's explanation seems plausible and Red's alibi is solid, but we shouldn't rule anyone out just yet. Let's keep investigating and find the real imposter!"
Red	crewmate	"I agree with Yellow, we should keep investigating and gather more information before accusing anyone. Blue's excuse seems plausible, but we should keep an open mind. Yellow, I did see you running from Cafeteria earlier, but that doesn't necessarily mean you're the imposter. Let's keep an eye on everyone and see if anyone else has any information that can help us solve this mystery."
Blue	imposter	"I couldn't agree more with Yellow and Red. We shouldn't jump to conclusions so quickly. While Yellow's behavior is definitely sus, we need more evidence before making any accusations. Let's keep investigating and see if anyone else has any information that can help us figure out who the real imposter is."
