Blue	crewmate	"Hey crewmates, I've called this meeting because I found Yellow's dead body in the Cafeteria. I was heading to Admin when I stumbled upon it. Unfortunately, I didn't see anyone in the area, but I'm suspicious of Red. I saw them coming out of the storage area when I was heading towards Admin. Red was acting a bit sus in my opinion."
Green	crewmate	"Okay, so first of all, RIP Yellow. But I don't think we should jump to conclusions just yet. Red might have been heading towards Storage for a task or something, right? Let's hear what they have to say before we start accusing anyone."
Red	imposter	"Well, well, well. Looks like we've got a dead body on our hands, huh? RIP Yellow. Blue, I appreciate you calling this meeting, but don't be too quick to accuse me of anything. I was indeed in Storage, but only because I had a task there. I didn't see anyone else around, so I can't confirm or deny what you're saying. Let's hear everyone out before we start pointing fingers, okay?"
Blue	crewmate	"Thanks for hearing me out, crewmates. I understand we shouldn't jump to conclusions, but I just had a gut feeling about Red. Let's all share our tasks and alibis to figure out who the Imposter is. RIP Yellow, we'll avenge your death."
Green	crewmate	"Wow, this is intense. RIP Yellow. I agree with Green, we shouldn't jump to conclusions right away. Red could have been doing a task in Storage. Let's hear everyone's alibis and tasks before we accuse anyone. Blue, thanks for bringing this to our attention. Let's work together to find the Imposter and avenge Yellow's death."
Red	imposter	"Wow, RIP Yellow. This is a tough situation. I understand Blue's gut feeling about me, but let's all take a step back and think objectively. As I stated earlier, I was in Storage doing a task and didn't see anyone around. I'm happy to share my other tasks and alibis to help us figure out who the Imposter is. Let's work together as a team and avenge Yellow's death."
Blue	crewmate	"I agree with Green and Red. We shouldn't jump to conclusions without hearing everyone's alibis and tasks. Let's work together to find the Imposter and avenge Yellow's death. RIP Yellow."
Green	crewmate	"Wow, this is a tough situation. RIP Yellow. I agree with everyone that we shouldn't jump to conclusions. Let's hear everyone's alibis and tasks and work together to find the Imposter. Thanks for bringing this to our attention, Blue. Let's avenge Yellow's death!"
Red	imposter	"Wow, this is so intense. RIP Yellow. I completely agree with everyone here. Let's not accuse anyone just yet and hear everyone's alibis and tasks. As for me, I was doing the wires task in Electrical. I'm willing to share my other tasks and alibis to help us find the Imposter and avenge Yellow's death. Let's work together as a team!"
