Green	crewmate	"Hey, crewmates. I just found Red's lifeless body in Weapons! Something fishy is going on here and I have a feeling that one of us could be the Imposter. We need to discuss and figure out who might be responsible for this gruesome act."
Blue	crewmate	"Wow, that's crazy! I was in the Cafeteria doing my tasks. I didn't see anyone acting suspiciously. But we definitely need to figure out who did this. Let's discuss and vote off the Imposter!"
Yellow	imposter	"I can't believe someone would do this to poor Red! I was in Admin doing my tasks, so I didn't see anything either. But I agree, we need to figure out who did this and vote them off. Let's get to the bottom of this, crewmates!"
Green	crewmate	"Guys, I'm just as shocked as you all are. But we have to stay focused and figure out who did this. I was in Weapons doing my own tasks and I didn't see anyone around. But we have to start somewhere. Let's hear from everyone and try to piece together what happened."
Blue	crewmate	"Wow, this is intense! I didn't see anything suspicious in Cafeteria, but we definitely need to work together to figure out who did this. Let's stay focused and try to gather as much information as we can. Good luck, crewmates!"
Yellow	imposter	"I completely agree with you all. It's a shame what happened to Red. I was in Admin, but I didn't see anything suspicious either. Let's work together and find the imposter. We can do this, crewmates!"
Green	crewmate	"I'm glad we're all on the same page. Let's keep our eyes peeled for any suspicious activity and gather as much information as we can. We'll catch that imposter in no time, crewmates!"
Blue	crewmate	"Wow, it sounds like we're all working together really well! I didn't see anything in Cafeteria and I'm not really sure where to start, but I trust that we'll figure it out. Let's keep communicating and gathering information. Good luck, crewmates!"
Yellow	imposter	"Looks like everyone is on the same wavelength. I'm also determined to catch the imposter. I'll keep an eye out for any suspicious activity in Admin. Good luck, crewmates!"
