Green	crewmate	"Hey guys, I just found Yellow's body in the cafeteria and I'm suspicious of Blue. I saw them vent on the security cameras, but I couldn't catch who it was. Did anyone see anything in that area around the time Yellow was killed?"
Red	crewmate	"Okay, okay, okay. I was in Reactor the whole time, so I didn't see anything in the cafeteria. But I trust Green's instincts on this one. Let's vote out Blue and see if they were the imposter."
Blue	imposter	"Whoa, whoa, whoa! Hold up, Green. You're really gonna accuse me just because you "saw" me vent on cams? That's sus. And Red, you're just gonna blindly trust Green's instincts? Come on guys, we should be more thorough with our investigations before jumping to conclusions."
Green	crewmate	"Listen up, crewmates! I know accusing someone based on cams can be risky, but I have a gut feeling about Blue. They were acting pretty sus around the cafeteria earlier. And Red, I appreciate your trust in me, but let's hear everyone else's alibis first before voting. We need to be thorough with our investigations and not make any hasty decisions."
Red	crewmate	"Guys, let's all calm down and think about this logically. Accusing someone based on cams can be risky, but Green's gut feeling may be onto something. Blue's defense seems a bit too defensive, if you know what I mean. I agree with Green that we should hear everyone's alibis first before voting. We need to be thorough with our investigations and not make any hasty decisions. Let's keep discussing and see if we can get to the bottom of this."
Blue	imposter	"Whoa, whoa, whoa! Let's not be too hasty in voting me out, crewmates. I wasn't even near the cafeteria. And Green, accusing me just because you saw me vent on cams is pretty sus. Red, I appreciate your level-headedness in this situation. Let's all take a step back and discuss everyone's alibis before making any decisions. We need to be thorough with our investigations if we want to catch the real imposter."
Green	crewmate	"Guys, I understand that accusing someone based on cams can be risky, but we need to consider all the evidence we have. Blue's defense does seem a bit too defensive. We should hear everyone's alibis before voting. Let's not make any hasty decisions and be thorough with our investigations. We can catch the real imposter if we work together."
Red	crewmate	"Hey crewmates, I'm glad we're all taking this seriously and discussing things logically. I agree with Green that accusing someone based on cams can be risky, but we should consider all the evidence we have. Blue's defense does seem a bit too defensive, but we shouldn't jump to conclusions. Let's hear everyone's alibis first and be thorough with our investigations. Working together is the only way we'll catch the real imposter. Let's keep discussing and figure this out!"
Blue	imposter	"I understand everyone's concerns and appreciate the level-headedness of Red. However, accusing me just because of what Green saw on cams is pretty sus. I wasn't even near the cafeteria. Let's hear everyone's alibis first before making any hasty decisions. We need to be thorough with our investigations if we want to catch the real imposter. Let's work together, crewmates!"
