Blue	crewmate	"Hey guys, I called this meeting because I found Red's dead body in Shields. I'm sus of Yellow because I saw them leaving the room right before I found the body. Yellow, can you explain where you were and what you were doing?"
Green	crewmate	"Yo, I was in Admin doing my tasks. I didn't even go near Shields. Blue, why are you so quick to blame me? Are you trying to throw us off your trail?"
Yellow	imposter	"I was actually doing my tasks in Electrical, nowhere near Shields. Blue, why are you so quick to blame me? Are you the other Imposter trying to throw us off your trail?"
Blue	crewmate	"Okay, hold up. Let's not start accusing each other right away. Blue, did you see anyone else around Shields besides Yellow? And Green, can anyone vouch for your whereabouts in Admin?"
Green	crewmate	"Guys, let's not jump to conclusions. Blue, did you see anyone else around Shields besides Yellow? And Yellow, can anyone vouch for your whereabouts in Electrical? We need to gather more information before accusing each other."
Yellow	imposter	"Guys, I think we should focus on finding more evidence before we start accusing each other. Let's try to remember if we saw anyone else around Shields or Electrical. Maybe someone else saw something that can help us figure this out."
Blue	crewmate	"Hey guys, let's all take a deep breath and calm down. Accusing each other won't get us anywhere. Let's focus on gathering more information and try to remember if we saw anyone else around Shields or Electrical. We can figure this out together!"
Green	crewmate	"Good job, guys! I agree with Blue. Let's not accuse anyone without solid evidence. Let's all work together and see if anyone else saw something that can help us figure out who the Imposter is. We got this!"
Yellow	imposter	"Wow, my crewmates are really playing it smart! They're not jumping to conclusions and are gathering more information. This is going to be a tough one, but I'll try to play it cool and blend in. Let's see if I can convince them that I'm innocent."
