Red	crewmate	"I'm calling a meeting because I just found Green's body in Upper Engine. I suspect foul play and we need to figure out who the imposter is before they kill any more of us."
Yellow	crewmate	"Whoa, that's crazy! I was in MedBay doing my tasks. I didn't see anyone suspicious around there. Did anyone see Red or Blue around the Upper Engine area?"
Blue	imposter	"Wow, that's really unfortunate. Upper Engine is pretty sus, but I was actually in Communications doing some wiring. I didn't see anyone around that area either, but I'll definitely keep an eye out for any suspicious behavior."
Red	crewmate	"I agree with Yellow, finding Green's body in Upper Engine is crazy. I was actually in Electrical doing my tasks when the emergency meeting was called. I didn't see anyone suspicious around that area, but we need to figure out who the imposter is before they strike again."
Yellow	crewmate	"Wow, this is intense! I didn't see anyone around MedBay, but it's definitely suspicious that Green's body was found in Upper Engine. I don't have any solid suspicions yet, but I'll keep an eye out for any sus behavior."
Blue	imposter	"I'm really sorry to hear about Green's untimely demise. It's definitely important that we figure out who the imposter is before they take out any more of our crewmates. I was in Communications doing some wiring, but I'll definitely be on the lookout for any suspicious behavior around Upper Engine."
Red	crewmate	"Guys, we need to start voting and be quick about it. We can't risk losing another crewmate to the imposter. I don't have any solid evidence, but I'm getting a sus vibe from Blue. Let's vote Blue and see if we can get the imposter out."
Yellow	crewmate	"Guys, I understand the urgency, but we shouldn't be too quick to vote without solid evidence. Let's keep an eye out for any sus behavior and gather more information before deciding who to vote for. We don't want to accidentally vote out an innocent crewmate and make it easier for the imposter to win."
Blue	imposter	"Hey guys, I totally understand the urgency to vote, but let's not accuse anyone without any solid evidence. Let's keep an eye out for any sus behavior and gather more information before voting. Remember, we don't want to accidentally vote out an innocent crewmate and make it easier for the imposter to win."
