Green	crewmate	"Mates, I've called this meeting because I've found Red's dead body in the Cargo Bay. I don't have any hard evidence, but I have a feeling it's Blue. I saw them coming from that direction just before I found the body."
Yellow	crewmate	"I was in Lower Engine doing some tasks, so I didn't see anything suspicious. But if Green saw Blue coming from the direction of the Cargo Bay, then it's likely that they could be the Imposter. We should keep an eye on them for now."
Blue	imposter	"Whoa, whoa, whoa! Hold on there, mates. I was nowhere near the Cargo Bay. I was in Electrical, fixing some wires. Green must be mistaken or trying to frame me. And Yellow, don't just blindly follow Green's accusation. You don't have any evidence either. I think we should skip this vote and keep an eye on both Green and Yellow. They could be the real Imposter trying to deflect suspicion onto me."
Green	crewmate	"Listen up, mates. I understand that things can get intense during an emergency meeting, but we need to stay calm and think logically. Green's suspicion of Blue may be valid, but we can't jump to conclusions without more evidence. Let's keep an eye on both Blue and Yellow and see if they behave suspiciously. And don't forget to keep completing your tasks, we don't want to let the Imposter win by sabotaging the ship."
Yellow	crewmate	"Alright mates, let's take a deep breath and think logically. Green's suspicion of Blue may be valid, but we can't jump to conclusions without more evidence. I didn't see anything suspicious in Lower Engine, but I'll keep an eye out for any suspicious behavior from Blue or Green. And let's not forget to keep completing our tasks to ensure the safety of the ship."
Blue	imposter	"Wow, things are getting heated in this emergency meeting. I understand why Green may be suspicious of me, but I swear I was in Electrical the whole time. And Yellow, I appreciate your level-headedness. Let's not jump to conclusions and keep an eye out for any suspicious behavior from anyone. Remember, we need to complete our tasks too to ensure the safety of the ship."
Green	crewmate	"Alright mates, let's keep our cool and not accuse each other without proper evidence. We should all keep an eye out for any suspicious behavior from all players, not just Blue or Yellow. And let's not forget to complete our tasks to ensure the safety of the ship."
Yellow	crewmate	"I completely agree with Green. We should all keep a close eye on every player and not jump to conclusions without proper evidence. Let's make sure to complete our tasks to help us win this game and ensure the safety of the ship."
Blue	imposter	"I agree with everyone here. It's important to keep a level head and not accuse anyone without evidence. As for me, I'll continue to act like a crewmate and complete my tasks while keeping an eye out for any suspicious behavior from anyone. Let's work together to ensure the safety of the ship and win this game!"
