Yellow	crewmate	"Guys, I have called this meeting because I found Green's body in Reactor. I think it's time we start our detective work and start throwing some sus around."
Red	crewmate	"OMG! That's so sus! Yellow, where were you when you found the body? I was in MedBay doing my tasks, so I couldn't have done it. We should definitely start throwing some sus around and vote off the imposter!"
Blue	imposter	"Well, this is quite the predicament, isn't it? It's always sad to see a fellow crewmate go. But let's not start throwing accusations without proper evidence. Yellow, where were you before you found the body? I was in Electrical, fixing the wiring. I haven't seen anyone around Reactor. We should all take note of each other's whereabouts and try to piece together what happened."
Yellow	crewmate	"Hey guys, I understand that we're all feeling a bit panicked right now, but we should take a moment to breathe and think rationally. Red, I was in Reactor doing my tasks when I found the body. Blue, thanks for suggesting that we take note of everyone's whereabouts. Maybe we can all start sharing our alibis and try to figure out who was in the area at the time of the incident. Let's not jump to conclusions just yet and keep an open mind."
Red	crewmate	"Guys, I totally agree with Yellow. We shouldn't jump to conclusions without solid evidence. It's important that we all share our alibis and figure out who was in the area at the time of the incident. Let's work together and catch the imposter!"
Blue	imposter	"As Blue, I completely agree with Yellow and Red. It's important to take a step back and think logically instead of throwing accusations around. Let's all share our alibis and try to piece together what happened. We can catch the imposter if we work together as a team."
Yellow	crewmate	"Great job, guys! I appreciate everyone's willingness to work together and solve this mystery. Let's all try to be as transparent as possible with our alibis and keep an eye out for any suspicious behavior. We got this, crewmates!"
Red	crewmate	"Hey, I'm really impressed with how we're all communicating and working together. I agree with Yellow, Red, and Blue. It's important that we don't accuse anyone without solid evidence. Let's share our alibis and keep an open mind. We can do this, crewmates!"
Blue	imposter	"I'm glad to see that everyone is on the same page. As Blue, I'm willing to share my alibi and help in any way I can to catch the imposter. Let's keep working together and keep an eye out for any suspicious behavior in Reactor."
