Blue	crewmate	"Guys, emergency meeting! I just found Yellow's dead body in Admin. I was doing my tasks and saw that someone vented right before I found the body. I'm suspicious of Red because they were in the room with me when we found the body and they were acting really suspicious. It's possible they vented and then pretended to do a task. Can anyone else confirm Red's whereabouts during the last few minutes?"
Green	crewmate	"Okay, I was in Lower Engine doing tasks, so I didn't see anything. But it does seem suspicious that Red was in the same room as Blue when they found the body. We should definitely keep an eye on them."
Red	imposter	"Who? Me? I was just doing my tasks in Admin, totally innocent. I didn't see anyone venting or anything. But if you guys are suspicious of me, go ahead and vote me off. I'll just haunt you all as a ghost."
Blue	crewmate	"Guys, let's not be hasty here. We need to gather more evidence before we vote anyone off. Red's defense could be valid, but we should definitely keep an eye on them. Does anyone else have any information or saw anything suspicious?"
Green	crewmate	"I agree with Blue. We don't have enough evidence to vote anyone off just yet. But Red's behavior is definitely a little suspicious. Let's keep an eye on them and see if anything else comes up."
Red	imposter	"Guys, you're right, there's not enough evidence to vote me off. But keep in mind, I'm innocent. I'll keep doing my tasks in Admin and you'll see that I'm not the imposter."
Blue	crewmate	"Seems like we need to keep a close watch on Red while completing our own tasks. Let's not jump to conclusions just yet and gather more evidence. Remember, we need to work together to identify the imposter!"
Green	crewmate	"Totally agree with Blue and myself. We need to be careful and not make any hasty decisions. Let's all focus on completing our tasks and keep an eye out for any suspicious behavior. Working together is the key to identifying the imposter."
Red	imposter	"Hey guys, I completely understand your concerns, but believe me, I'm innocent. I'll continue doing my tasks and prove it to you. Let's work together to catch the real imposter!"
