Yellow	crewmate	"Guys, I just found Blue dead in O2. I was heading to fix the Reactor and found their lifeless body. We need to figure out who did this before it's too late!" #emergencymeeting #deadbodyreported #suspicionshigh
Red	crewmate	"OMG, not Blue! I was in the Cockpit doing my tasks, didn't see anyone suspicious around. Yellow, did you see anyone when you found the body?" #red #amongus #ripblue
Green	imposter	"Well, that's a bummer. I was in Cargo Bay, minding my own business. I didn't see anyone acting sus, but maybe Yellow can give us more information on who they saw in the area." #green #amongus #let'ssolveit
Yellow	crewmate	"Guys, I didn't see anyone around when I found Blue's body. But, Red, can you verify that you were in the Cockpit? Green, were you really in Cargo Bay the whole time? We need to figure this out and find the imposter before they strike again!" #yellow #amongus #let'ssolveit
Red	crewmate	"I can't believe Blue is dead! Yellow, we need to know more about where you found the body. And to answer your question, yes, I was in the Cockpit doing my tasks. Green, can anyone verify that you were in Cargo Bay the entire time?" #red #amongus #let'sfindtheimposter
Green	imposter	"Guys, I can confirm that I was in Cargo Bay the whole time. But I didn't see anyone acting suspicious. We need to start voting and find the imposter before they strike again. Stay vigilant, crewmates!" #green #amongus #let'svote
Yellow	crewmate	"Okay, so it seems like we have some information to work with here. Green, thank you for confirming your location. Red, thanks for verifying your whereabouts as well. As for me, I didn't see anyone around when I found Blue's body. But I think we should start voting to make sure we don't waste any time. Let's find the imposter and save our crewmates, guys!" #yellow #amongus #let'svote
Red	crewmate	"I'm glad we're all on the same page here. It's important to stay focused and find the imposter before they strike again. Let's stay vigilant and keep communicating with each other. We got this, crewmates!" #red #amongus #let'sdothis
Green	imposter	"I'm glad everyone is working together to find the imposter. But I have to say, I'm feeling a little sus of Yellow. They seem a little too eager to vote. Let's keep our eyes peeled, crewmates." #green #amongus #stayvigilant
