Blue	crewmate	"Hey guys, I'm calling this meeting because I found Yellow's dead body in Admin and I'm sus of Green. I was doing my swipe card task and saw Green coming from the direction of where the body was found. It's possible that Green could have vented out of Admin after killing Yellow."
Red	crewmate	"Ok, I hear you Blue. But I can vouch for Green. I saw them in Electrical doing their tasks when I passed by. I don't think it's fair to accuse them without any evidence. We should skip this vote and keep an eye on Green for now."
Green	imposter	"Wow, Blue! That's a bold accusation! I wasn't even in Admin, I was in Electrical doing my tasks. Red is absolutely right, we should skip this vote and keep an eye on the real sus players. Don't be so quick to point fingers, Blue."
Blue	crewmate	"Sorry guys, I might have been mistaken. I didn't see Green's color clearly. Let's skip this vote and keep an eye on everyone. Stay alert!"
Red	crewmate	"Good call, Red. It's important to gather all the facts before throwing around accusations. Let's stick together and keep an eye out for any suspicious behavior. Stay vigilant, crewmates!"
Green	imposter	"Phew, that was a close one! Good job, Red, for having my back. And Blue, no worries, we all make mistakes. Let's keep working on our tasks and keep an eye out for any sus behavior. I'll be sure to keep my imposter skills in check ;)"
Blue	crewmate	"I agree with everyone's sentiments. It's important to gather all the facts before making accusations. Let's stay focused on completing our tasks and keeping an eye out for any suspicious behavior. Good job, team!"
Red	crewmate	"Great job, everyone! We really showed that we are a strong crew and can work together to catch any imposter trying to sabotage our mission. Let's keep up the good work and stay vigilant. Remember, trust no one and always keep your eyes open for any suspicious activity. Good luck, crewmates!"
Green	imposter	"I'm glad everyone is on the same page. This crew is really great at detecting sus behavior. I'll have to be extra careful not to get caught next time. Let's get back to our tasks and catch that imposter!"
