Red	crewmate	"Hey guys, I called this meeting because I found Blue dead in O2. I didn't see anyone around when I found the body, but I'm suspicious of Yellow. They were the last one to leave O2 and I saw them briefly with Blue before the lights went out."
Green	crewmate	"Okay, I'm gonna skip for now since there's not enough evidence to vote someone out yet. But I'll keep an eye on Yellow and see if they do anything sus."
Yellow	imposter	"Guys, I don't know what you're talking about. I was just doing my tasks in O2 and I didn't even see Blue there. I didn't leave the room last either, I was just finishing up my tasks. Don't be so quick to accuse me, Green."
Red	crewmate	"Guys, I understand that it's hard to trust anyone in this game, but I can vouch for Red. I saw them doing tasks in Admin earlier and they didn't seem sus to me. As for Yellow, I'm not sure, but I think we should keep an eye on them like Green said. Let's skip for now and try to gather more evidence."
Green	crewmate	As the player Green, I would say "I agree with Red, let's skip for now and keep an eye on Yellow. We need more evidence before we can vote anyone out."
Yellow	imposter	As the player Yellow, I would say "I understand your suspicions, but I swear I was just doing my tasks in O2. Keep an eye on me if you want, but I'm innocent. Let's focus on finding the real imposters, guys."
Red	crewmate	As the player Red, I would say "I agree with Green and let's skip for now. We can't afford to vote out an innocent crewmate. But let's keep an eye on Yellow and try to gather more evidence."
Green	crewmate	"I agree with Red and Green. Skipping for now is the best option. Let's keep an eye on Yellow and focus on completing tasks to find the imposters."
Yellow	imposter	"I totally understand your concerns, but I swear on my crewmate badge that I'm innocent. Keep an eye on me if you must, but I'm just a simple crewmate doing my tasks in O2. Let's work together to find the real imposters and save our spaceship!"
