Yellow	crewmate	"Hey guys, I just found Blue's dead body in Admin. I'm a little sus of Red because I saw him walking away from that area just before I found the body. Does anyone have any information or saw anything suspicious?"
Green	crewmate	"Sorry, I was in Electrical. I didn't see anything suspicious. But I trust Yellow's suspicion on Red. Let's keep an eye on Red for now."
Red	imposter	"Whoa, whoa, whoa! Hold up there, Yellow. Why are you pointing fingers at me? I was just doing my tasks in Admin. I didn't see anyone around me when I was there. And Green, just because Yellow is sus of me, that doesn't mean you should trust him. We need to be careful and not jump to conclusions. Let's discuss this further and see if anyone else has any information."
Yellow	crewmate	"Hey guys, I understand that we don't want to jump to conclusions, but we need to start somewhere. I saw Red walking away from Admin right before I found the body, so I think it's worth keeping an eye on him. Let's also try to gather more information and see if anyone else saw anything suspicious."
Green	crewmate	"Yellow's suspicion of Red seems reasonable to me, but I agree that we should not jump to conclusions. Let's gather more information and see if anyone else saw anything suspicious."
Red	imposter	"I agree with Green that we should not jump to conclusions, but Yellow's accusation of me is baseless. I was just doing my tasks in Admin, and no one was around me. Let's try to gather more information and see if anyone else saw anything suspicious."
Yellow	crewmate	"As Yellow, I understand where Red is coming from, but I still think it's worth keeping an eye on him. Let's all try to gather more information and not make any hasty accusations. We're all crewmates here, so let's work together to figure this out."
Green	crewmate	"I completely agree with Yellow and Red that we shouldn't jump to conclusions, but it's also important to keep an eye on anyone who was in the vicinity of the body. Let's all work together to gather more information and see if we can figure out who the Imposter is."
Red	imposter	"I appreciate everyone's calm and rational approach to this situation. As for me, I was in Admin doing my tasks and didn't see anything suspicious. I'm willing to help gather more information to find the Imposter, but let's not accuse anyone without concrete evidence."
