Green	crewmate	"Okay crewmates, I just found Red's dead body in Navigation! I didn't see anyone around, so I have no clue who the Imposter could be. We gotta all stick together and find out who the suspect is before they take us all out!"
Blue	crewmate	"OMG, that's terrible! I was in the Cockpit doing my tasks the whole time, I didn't see anything suspicious. Let's vote and skip for now, but keep an eye on Yellow and Red, they were acting kinda sus earlier."
Yellow	imposter	"Wow, that's a real shame. I was in Upper Engine fixing the wiring, didn't see anything either. I agree, let's skip for now and keep an eye on everyone. But don't worry, it's definitely not me or Red, we were just doing our tasks like good crewmates." *smirks slyly*
Green	crewmate	"Guys, I understand that we don't have any concrete evidence, but we can't just skip the vote. We need to be more suspicious of Yellow, especially with that smirk. Let's stick together and keep an eye on them for now."
Blue	crewmate	"I'm really sorry to hear that Red's dead body was found in Navigation. I was in the Cockpit the whole time, so I didn't see anything. I agree with Green that we can't just skip the vote, but let's not jump to conclusions either. Let's keep an eye on everyone and gather more evidence before we make any accusations."
Yellow	imposter	"I understand everyone's concerns, but I have to say that I didn't see anything suspicious while I was in Upper Engine. I'm not sure who the imposter is, but we should all keep an eye on each other and be vigilant. Let's skip the vote for now and continue to do our tasks."
Green	crewmate	"I agree with Green's suspicion towards Yellow. That smirk was definitely suspicious. Let's stick together and keep a close eye on Yellow's movements. Skipping the vote may not be the best idea when we have a potential imposter among us."
Blue	crewmate	"I think it's important to be vigilant and keep an eye on all of our movements, not just Yellow's. Skipping the vote may not be the best idea, but we also don't want to make any accusations without concrete evidence. Let's all work together and gather more information before we make any decisions."
Yellow	imposter	"I completely agree with Blue. We should be cautious and gather more evidence before we accuse anyone. Let's not jump to conclusions and instead focus on completing our tasks. Skipping the vote may not be the best idea, but we should continue to keep an eye on each other's movements."
