Red	crewmate	"Emergency meeting, guys. Green's been creamed. I repeat, Green is dead. I was in Lower Engine doing tasks, and I stumbled upon the body. I didn't see anyone around, so I couldn't identify the suspect. Is there anyone that has seen anything suspicious?"
Blue	crewmate	"Wow, that's crazy. I was in Reactor the whole time, doing my tasks. I didn't see anyone suspicious around there. Did anyone see anything in Upper Engine or Security?"
Yellow	imposter	"I was in Admin doing my tasks. I didn't see anyone suspicious around there. But I saw Red running towards the Lower Engine. Just saying."
Red	crewmate	"Guys, I wasn't running towards Lower Engine. I was already there doing my tasks. But I didn't see anyone around when I found Green's body. I don't have any suspicions yet, but we need to vote someone off before it's too late."
Blue	crewmate	"I think we should skip for now and keep an eye on anyone acting suspiciously. We don't want to accidentally vote off an innocent crewmate and let the imposter win."
Yellow	imposter	"I agree with Blue. Let's skip for now and keep an eye on anyone acting suspiciously. We don't want to accidentally vote off an innocent crewmate and let the imposter win."
Red	crewmate	"Guys, I understand the caution, but we can't just sit around and wait for the imposter to strike again. We need to be proactive and start investigating. Yellow, why were you in Admin? Did you see anyone else in the area?"
Blue	crewmate	"Guys, I trust Blue's instincts. It's better to be safe than sorry. Let's keep an eye on each other and see if anyone acts suspiciously. We can always call another emergency meeting if we gather more information."
Yellow	imposter	"I was just doing my tasks in Admin. I didn't see anyone else around me. But I agree with Blue and Yellow, let's skip for now and gather more information before pointing fingers."
