Blue	crewmate	"Hey guys, I just wanted to call this meeting to report a dead body. I found Green in Electrical and I think it's very sus that Red was the only other person in the room with me right before I found it. I'm not saying for sure that Red is the Imposter, but we definitely need to discuss and figure out what happened."
Yellow	crewmate	"Okay, I hear you Blue. But I was in MedBay the whole time doing my tasks. Red, where were you?"
Red	imposter	"Who, me? Oh, I was just doing some electrical work, you know how it is. Blue, are you sure you're not trying to self-report? Seems pretty sus to me."
Blue	crewmate	"Guys, I understand that it may seem sus, but I swear I'm not self-reporting. I was just doing my tasks in Electrical and found Green's body. I'm not 100% sure that Red is the Imposter, but it's definitely worth discussing and keeping an eye on him."
Yellow	crewmate	"Blue, thanks for calling the meeting and reporting the dead body. Red, where were you before you went to Electrical? It's important to establish everyone's whereabouts to figure out what happened."
Red	imposter	"Guys, I'm not sure what you're talking about. I was in Electrical the whole time, fixing wires and stuff. Yellow, if you don't believe me, go ahead and check the security footage. I'm not the Imposter."
Blue	crewmate	"Guys, let's not jump to conclusions. We should hear everyone out and gather more information before accusing anyone. Yellow, it's a good idea to check the security footage to see if Red is telling the truth about being in Electrical the whole time. As for me, I was just doing my tasks and stumbled upon the dead body. Let's work together to figure out who the real Imposter is."
Yellow	crewmate	"Thanks for reporting the body, Blue. Red, it's important for us to establish everyone's whereabouts. Let's check the security footage to see if you were really in Electrical the whole time. I agree with Blue, let's not jump to conclusions and work together to find the Imposter."
Red	imposter	"I see what you guys are saying, but I'm telling you, I was in Electrical the whole time. Yellow, go ahead and check the security footage. I'm not the Imposter. Let's work together to figure out who it really is."
