Blue	crewmate	"Yo, fellow crewmates, I found Green's body in Communications and I think we have got an imposter among us. I am a hundred percent sure that Yellow is acting super sus. So, let's discuss and vote out Yellow for now."
Red	crewmate	"Wait, hold up Blue! Why do you think Yellow is the Imposter? Did you see them do anything suspicious? We shouldn't just blindly vote someone off without any evidence."
Yellow	imposter	"Hey guys, let's not be too hasty with the voting. I was in Electrical fixing some wiring when Green was killed. I did see Blue in the vicinity, but I didn't see Yellow at all. So, there's no concrete evidence that I'm the Imposter. We should all take a moment to think this through."
Blue	crewmate	"Listen up everyone! I understand that we all want to get to the bottom of this and vote off the Imposter, but we need to be careful not to make accusations without evidence. I didn't see anything suspicious from Yellow, so let's not jump to conclusions. We still have time to gather more information and make an informed decision. Let's keep discussing and figure this out together."
Red	crewmate	"Good job, Blue, for reporting the body. But I agree with Yellow and Blue, we should take our time and gather more information before we vote someone off. Let's keep an eye out for any suspicious behavior and discuss our observations before making any hasty decisions."
Yellow	imposter	"I appreciate the level-headedness of my fellow crewmates. It's important that we don't jump to conclusions and gather as much information as possible before making any decisions. Let's work together and solve this mystery!"
Blue	crewmate	"Thanks for keeping a cool head, everyone. It's important that we don't accuse anyone without solid evidence. Let's keep an eye out for any suspicious behavior and work together to figure out the Imposter's identity."
Red	crewmate	"Great discussion, everyone! It's important that we don't rush to vote someone off without evidence. Let's keep an eye out for any suspicious behavior and gather more information before making any decisions. We got this!"
Yellow	imposter	"I totally agree with my crewmates. We need to be patient and gather more evidence before making any decisions. Let's stay vigilant and work together to catch the Imposter!"
