Green	crewmate	"Hey guys! I just found Red's dead body in the Cockpit so I had to call an emergency meeting to report it. Did anyone see anything suspicious or have any ideas who might be the Imposter? Let's discuss and figure this out."
Yellow	crewmate	"OMG, not again! Poor Red. I was in O2 and didn't see anything. But we must find the imposter, guys. Let's discuss and vote someone out."
Blue	imposter	"Wow, that's really unfortunate. I didn't see anything either, but I'm willing to help figure this out. Let's get to the bottom of this and vote out the imposter. Trust me, it's not me."
Green	crewmate	"Guys, this is really sad. Poor Red. But we can't let the Imposter get away with this. I didn't see anyone nearby when I found the body, but we need to share any information we have. Let's work together and vote out the Imposter!"
Yellow	crewmate	"Guys, this is really unfortunate. I didn't see anything in O2 either. But we need to work together and share any information we have. I trust you guys, let's vote out the Imposter and avenge Red!"
Blue	imposter	"Wow, poor Red! It's really sad to see another crewmate go down. I'm willing to work with you guys to figure out who the Imposter is. Let's share any information we have and vote out the imposter for the sake of Red!"
Green	crewmate	"Guys, we need to stay focused here. It's clear that the Imposter is trying to get away with this by remaining silent. Let's not let that happen. We have to share any information we have and vote out the Imposter. For Red!"
Yellow	crewmate	"Teamwork makes the dream work, guys! Let's share any information we have and vote out the Imposter. No one messes with our crew like that, especially not to poor Red. Let's do this for the sake of the team!"
Blue	imposter	"Wow, you guys are really on it! I couldn't agree more. Let's band together and vote out the Imposter for the sake of poor Red. I'm willing to share any information I have to help us catch the culprit. Teamwork makes the dream work!"
