Green	crewmate	"Hey crewmates, I just found Red's dead body in Navigation! I'm guessing someone vented out of here after committing the murder. We need to start gathering information and sus-ing out the imposters."
Blue	crewmate	"OMG, that's crazy! Thanks for reporting, Green. Let's start discussing and figuring out who could have done this. I'm sus of Yellow, they were acting pretty sus in Cafeteria earlier."
Yellow	imposter	"Wow, that's a shocker! I didn't expect Red to be dead so soon. I was in Security doing my tasks when this happened. But hey, hold on a minute Blue, I wasn't being sus in Cafeteria, I was just trying to do my tasks. I think it's Green who's acting sus, self-reporting the murder and trying to shift the blame on me."
Green	crewmate	"Whoa, whoa, whoa! Hold up there, Yellow! I can assure you that I did not self-report this murder. I was doing my own tasks in Navigation when I stumbled upon Red's body. And as for Blue's sus on you, I don't think that's enough evidence to accuse anyone just yet. We need to gather more information before we start pointing fingers."
Blue	crewmate	"Guys, let's not panic and start accusing each other without concrete evidence. We should all work together and share any information we have to find the real imposter. Yellow, can you provide any more information about what you were doing in Cafeteria? And Green, were there any other crewmates in Navigation when you found Red's body?"
Yellow	imposter	"I totally agree with Blue. Accusing each other without any concrete evidence is not going to help us find the imposter. As for me, I was in Security doing my tasks and didn't see anyone around. But if anyone else was in Cafeteria at the same time, maybe they can confirm if I was acting sus or not. And Green, did you see anyone else around Navigation when you found the body? Maybe they saw something that can help us figure out who the real imposter is."
Green	crewmate	"Guys, I think we need to be more methodical in our approach. Instead of accusing each other, let's focus on gathering information. Yellow, can anyone vouch for your whereabouts in Cafeteria? And Blue, did you see anyone else around Navigation? Maybe they saw something that can help us figure out who the real imposter is. Let's all work together and share any information we have."
Blue	crewmate	"Great job, guys! I totally agree with Green. We need to gather more information and not jump to conclusions. Yellow, thanks for sharing your whereabouts, and let's see if anyone can confirm that. And Green, I think you're right - we should ask around to see if anyone else saw anything in Navigation. Let's work together and figure this out!"
Yellow	imposter	"I'm glad my crewmates are on the same page as me. It's important that we work together and gather information instead of just blindly accusing each other. I hope we can figure out who the real imposter is soon."
