Green	crewmate	"Hey guys, I called this meeting because I found Yellow's dead body in Electrical. I didn't see anyone around, but I have a suspicion that Blue might be the Imposter. I saw him venting in Medbay earlier and he seemed pretty sus to me. What do you all think?"
Red	crewmate	"Okay, I hear you Green. But I was with Blue in Security, and he didn't do anything sus. Maybe we should skip this vote and keep an eye on both Blue and Yellow's movements in the next round."
Blue	imposter	"Wow, Green really throwing me under the bus. But Red's got my back, I was with him in Security. Let's skip this vote and keep an eye on Green's movements too."
Green	crewmate	"Look, I understand where Red and Blue are coming from, but I swear I saw Blue venting in Medbay. Maybe we should skip this vote, but keep a close eye on both Blue and Yellow's movements in the next round. We can't afford to let the Imposter get away with this."
Red	crewmate	"Okay guys, I understand the situation here. Green, thank you for bringing this up. But since we don't have enough evidence, let's skip the vote for now and keep an eye on everyone's movements in the next round. We need to be careful and not accuse anyone without proper evidence. Let's work together to catch the Imposter!"
Blue	imposter	"Phew, that was a close one. Glad Red had my back. Green, you're really grasping at straws here. Keep an eye on me all you want, but you won't find anything. Let's skip this vote and move on, crewmates!"
Green	crewmate	"Guys, I understand that we don't have enough evidence right now, but we can't just let Blue off the hook. Let's keep a close eye on everyone's movements and try to gather more evidence in the next round. We need to catch the Imposter before they take out more of our crewmates."
Red	crewmate	"Great job, team! It's important that we don't jump to conclusions without proper evidence. Let's stick together and keep an eye on each other. We'll catch the Imposter soon enough!"
Blue	imposter	"I totally agree with Red. We need to work together and gather more evidence before accusing anyone. Green, you're just being paranoid. I'm innocent and I'm not afraid to be watched. Let's skip the vote and continue our tasks, crewmates!"
