Blue	crewmate	"I just found Yellow! They're dead in the cockpit! I'm not sus, but I'm really suspicious of Green. They were acting super sus and walked away from the cockpit right before I found the body."
Red	crewmate	"OMG, that's crazy! I didn't see anything suspicious, but I trust your instincts, Blue. Let's vote Green off and see if they were the Imposter."
Green	imposter	"Whoa, whoa, whoa! Hold up, Blue. I was nowhere near the cockpit. I was in the admin room doing my tasks. You must have seen someone else. Don't vote me off based on false accusations."
Blue	crewmate	"Guys, I know what I saw. I'm telling you, Green was acting super sus and was the only one near the cockpit before I found Yellow's body. I'm voting for Green."
Red	crewmate	"Okay, let's all calm down and think logically. Blue, did you actually see Green near the cockpit or just walking away from that general direction? And Green, can anyone vouch for you being in the admin room? We don't want to vote off an innocent crewmate, but we also can't let the Imposter get away with this."
Green	imposter	"Okay, okay, let's all take a deep breath and think this through. Blue, are you sure you saw me near the cockpit? Maybe you mistook someone else for me. And Red, I understand your concern, but I swear I was doing my tasks in the admin room. Yellow, did you see me there? We need to make sure we're not accusing an innocent crewmate. But if you all still want to vote me off, I guess you'll see that I'm not the Imposter."
Blue	crewmate	"Guys, I'm certain that I saw Green near the cockpit. And no, I didn't mistake anyone else for him. I understand that we need to be sure, but I'm pretty confident about this one. Green, if you're innocent, I hope you can prove it. But for now, I'm sticking with my vote."
Red	crewmate	"Okay, this is getting intense. Blue, I appreciate your input, but we can't just vote someone off without concrete evidence. Green, can anyone else confirm that you were in the admin room? And Yellow, did you see anyone else around before you found your body? Let's work together and figure this out before we make any hasty decisions."
Green	imposter	"Okay, guys, let's not jump to conclusions here. Blue, I understand what you saw, but maybe it was someone else. Red, I appreciate your rational thinking. And Yellow, did you see anyone else around when you found the body? As for me, I was in the admin room doing my tasks, and I'm sure someone can confirm that. Let's work together and figure this out before we vote anyone off."
