Yellow	crewmate	"Hey, guys! I just found Blue's body in Weapons. I'm not accusing anyone yet, but I'm sus of Green. I saw them running away from the scene of the crime, and they were acting pretty sus earlier when we were in Admin. I think we should discuss this and figure out who the Imposter is."
Red	crewmate	"Okay, okay, let's not rush into conclusions here. I was in Upper Engine and didn't see anything suspicious. But if Green was acting sus earlier, we should definitely keep an eye on them. Let's discuss and make sure we have all the information before we vote anyone off."
Green	imposter	"Whoa, whoa, whoa! Hold up! I was just doing my tasks in Weapons, and I didn't see anyone else in the room. I'm not the Imposter, and I have nothing to hide. Yellow, you're being pretty sus by accusing me without any evidence. And Red, I appreciate you keeping an open mind. Let's discuss and figure out who the real Imposter is before we start throwing accusations around."
Yellow	crewmate	"Guys, I understand that we shouldn't rush into conclusions, but I did see Green running away from the scene of the crime. I'm not accusing anyone yet, but we should definitely keep an eye on them. Let's discuss and figure out who the Imposter is before it's too late."
Red	crewmate	"Okay, okay, let's all take a deep breath and calm down. Accusing someone without evidence doesn't help anyone. Let's discuss our tasks and alibis first before we start pointing fingers. Remember, we're all crewmates here, and we need to work together to find the Imposter."
Green	imposter	"Guys, I don't appreciate being accused without any solid evidence. I was just doing my tasks in Weapons, and I didn't see anyone else in the room. Yellow, your accusation is pretty sus, and I think we should focus on getting more information and discussing our tasks and alibis before we start voting anyone off. Let's work together to find the real Imposter."
Yellow	crewmate	"Hey guys, let's not get too heated here. We should definitely discuss our tasks and alibis before we start accusing anyone. Let's work together and find the Imposter before they take us all out. Remember, trust nobody, not even your closest friends."
Red	crewmate	"Good job, everyone! This is the right way to play Among Us. Let's keep the discussion going and work together to find the Imposter. Remember, communication is key!"
Green	imposter	"Guys, I agree with Red. We should all take a deep breath and stay calm. Accusing someone without any solid evidence won't help us find the Imposter. I was doing my tasks in Weapons, and I didn't see anyone else in the room. Yellow, your accusation is pretty sus, and we should focus on discussing our tasks and alibis first. Let's work together to find the real Imposter and keep communication going. Trust nobody, not even your closest friends."
