Blue	crewmate	"Yo yo yo, crewmates, I have just stumbled upon a gruesome sight in MedBay. Red has been slain to pieces. We cannot let the culprit get away with this heinous act. I'm calling a meeting to try and figure out who the heck among us did this."
Green	crewmate	"Oh no, not Red! I was in Weapons doing tasks, so unfortunately I didn't see anything suspicious. But we gotta find out who did this and vote them out ASAP!"
Yellow	imposter	"Wow, that's terrible news. I was in Security doing my tasks and didn't see anything suspicious either. I agree, we need to figure out who did this and vote them out before they strike again."
Blue	crewmate	"Guys, I know it's tough losing Red, but we can't let our emotions cloud our judgment. Let's focus on finding the imposter and voting them out. Anyone have any suspicions or clues?"
Green	crewmate	"I'm with you guys. Let's keep our eyes peeled for any suspicious behavior and try to complete our tasks as quickly as possible. We need to catch the imposter before they strike again."
Yellow	imposter	"I totally agree with you guys. It's really sad to lose Red, but we need to stay focused and find the imposter. I don't have any suspicions yet, but I'll definitely keep an eye out for any suspicious behavior. Let's catch this imposter and win this game!"
Blue	crewmate	"Great teamwork, everyone! Let's stick together and keep an eye out for any suspicious activity. We'll catch the imposter in no time and win this game!"
Green	crewmate	"Good job, team! We're on the right track. Let's keep up the good work and find that imposter. I'll make sure to keep an eye out for anything suspicious in Weapons."
Yellow	imposter	"As the imposter, I need to be careful. I'll pretend to be a helpful crewmate and keep an eye out for any opportunities to eliminate my targets. I'll make sure to act like I'm doing my tasks and not draw any suspicion to myself. Let's see how long I can last without getting caught."
