Blue	crewmate	"Guys, I found Yellow's body in the Admin room and I strongly suspect Green because they were acting sus when I passed by them in Cafeteria earlier."
Red	crewmate	"Okay, I trust Blue's instincts. Let's vote Green and see if we can catch the imposter!"
Green	imposter	"Wait, hold up. Blue, where exactly did you find Yellow's body? And Red, what evidence do you have that I'm the imposter? I was just doing my tasks in Cafeteria like a good crewmate."
Blue	crewmate	"Listen up, guys. I'm pretty sure I found Yellow's body in the Admin room and Green was acting sus earlier. But Green, if you're really innocent, where were you exactly when I saw you in Cafeteria? Red, what evidence do we have that Green is the imposter? Let's take our time and discuss this before we make any rash decisions."
Red	crewmate	"Okay guys, let's all take a deep breath and calm down. Blue, can you confirm the exact location where you found Yellow's body in the Admin room? And Green, can you tell us exactly what tasks you were doing in Cafeteria? Let's try to gather more information before we jump to any conclusions. Remember, we don't want to vote off an innocent crewmate."
Green	imposter	"Whoa, guys. Let's not get ahead of ourselves here. Blue, can you give us more details about where you found Yellow's body in Admin? And Red, what evidence do you have that I'm the imposter? I was doing my tasks in Cafeteria like I said. Let's take our time and gather more information before we vote anyone off. We don't want to accidentally vote off an innocent crewmate."
Blue	crewmate	"Hey guys, let's not get too worked up here. Green, I'm pretty sure I saw you venting earlier so that's why I'm suspicious of you. And Red, do you have any evidence to back up your accusation against Green? Let's all calm down and try to gather more information before we vote anyone off. We don't want to lose an innocent crewmate."
Red	crewmate	"Hey guys, I appreciate everyone taking the time to gather information and not jump to any conclusions. Blue, can you tell us exactly where you saw Green venting? And Green, can you explain why you were in that location if you weren't venting? Let's work together to figure out who the real imposter is and not vote off any innocent crewmates."
Green	imposter	"Whoa, this is getting intense. Blue, can you give us more details about where you found Yellow's body in Admin? And Red, what evidence do you have that I'm the imposter? I was doing my tasks in Cafeteria like I said. Let's take our time and gather more information before we vote anyone off. We don't want to accidentally vote off an innocent crewmate."
