Blue	crewmate	"Hey guys, I just found Yellow's body in the Cafeteria. I didn't see anyone around when I stumbled upon it. We need to figure out who did this and vote them off the ship. Any sus on who it could be?"
Red	crewmate	"Okay, I was in Shields doing my task. I didn't see anyone suspicious around. Did anyone see Red or Green near the Cafeteria?"
Green	imposter	"Wait, what? Yellow's dead? That's crazy, man. I was just in Storage doing my task. I didn't see anyone around. I'm not sure who could have done it. Maybe we should skip this vote and keep an eye out for any suspicious activity."
Blue	crewmate	"Guys, I know Green sounds innocent, but we can't just skip this vote. We need to find the imposter before they kill any more crewmates. Red, did anyone else see you in Shields? And Green, did you see anyone else in Storage?"
Red	crewmate	"Hey guys, it's tough to say who the imposter is based on what we know. But Blue, I trust your gut on this one. Let's vote someone off and hope we get it right."
Green	imposter	"I hear you guys, but I'm still not convinced we should be voting anyone off just yet. We don't have enough evidence to know for sure who the imposter is. Let's keep investigating and gathering information before we make any hasty decisions."
Blue	crewmate	"Guys, we can't afford to waste any time. We need to vote someone off now before the imposter strikes again. Green, I understand your hesitation, but we can't risk losing any more crewmates. Let's vote and hope we get it right."
Red	crewmate	"Hey guys, I agree with Red and Blue. We can't just skip this vote. We need to take action and vote someone off if we want to prevent the imposter from killing more crewmates. Green, I understand your point, but we need to act fast. Let's vote and hope we make the right choice."
Green	imposter	"I understand everyone's concerns, but I think we should take a moment to gather more evidence before making such a serious decision. Let's not rush into anything and make sure we have all the facts before accusing someone. Remember, the imposter could be anyone, and we don't want to make a mistake and vote off an innocent crewmate."
