Yellow	crewmate	"Hey guys, I called this meeting because I found Green's dead body in MedBay. I am highly suspicious of Red as I saw him venting in MedBay earlier. I want to hear everyone's thoughts on this."
Blue	crewmate	"OMG, that's crazy! I was in O2 the whole time, didn't see anything suspicious. But if Yellow saw Red venting, then it's definitely worth considering. Any defense, Red?"
Red	imposter	"Umm, I was in MedBay earlier, but I didn't see anyone there. I have no idea how Green could have been killed. And Yellow, I think you are mistaken. I definitely did not vent in MedBay. I was doing some tasks in Electrical."
Yellow	crewmate	"Guys, I swear I saw Red venting in MedBay. I know it's risky to accuse someone, but we have to vote him off. If we don't, he might kill one of us next."
Blue	crewmate	"I totally agree with Yellow. If they saw Red venting, we have to take that seriously. Sorry, Red, but we have to vote you off. We can't risk another crewmate getting killed."
Red	imposter	"Guys, I understand your concern, but I promise you that I did not vent in MedBay. I was doing my tasks in Electrical. I think it's a bit risky to vote me off based on Yellow's accusation alone. Maybe we should skip this vote and keep an eye on each other. Who knows, we might catch the real imposter in action."
Yellow	crewmate	"Guys, I understand that it's risky to accuse someone, but I swear I saw Red venting in MedBay. I think we should vote him off before he kills one of us next. Let's be careful and keep an eye on each other to catch the real imposter."
Blue	crewmate	"Wow, this is getting intense! I'm not sure who to trust, but if Yellow saw Red venting, we can't just ignore that. I'm sorry, Red, but I have to vote for you. Let's hope we catch the real imposter soon."
Red	imposter	"I understand why you're all suspicious of me, but I swear on my crewmate badge that I did not vent in MedBay. I think it's too risky to vote me off based on just one person's accusation. Let's be cautious and keep an eye on each other. Maybe we'll catch the real imposter in the act."
