Green	crewmate	"Hey guys, I just called this meeting because I found Red's lifeless body in the hallway near the Cafeteria. As Green, I can confirm that I didn't see anyone else around the area except for Blue who was walking suspiciously just a few seconds before I discovered the body."
Yellow	crewmate	"Okay, I believe Green. I haven't seen anything suspicious myself, but I trust Green's observation. I didn't see Blue around the Reactor area either. So, I think we should vote for Blue and see if they were the Imposter."
Blue	imposter	"Wow, that's a pretty intense accusation. But sorry, Green, I wasn't anywhere near the Cafeteria. I was in Electrical. You must have seen someone else. And Yellow, how can you just believe Green like that? Maybe they are the Imposter trying to frame me. We need to be more careful with our accusations and think logically."
Green	crewmate	"Hey guys, I understand Blue's concern, but we need to figure out who the Imposter is quickly. I'm positive that I saw Blue walking in a way that seemed suspicious, and I didn't see anyone else around. Yellow, thanks for trusting me. I think we should vote for Blue and see if they were the Imposter. If not, then we can continue to investigate and figure out who the real Imposter is."
Yellow	crewmate	"As Yellow, I agree with Green. We need to vote for someone and I think Blue is the most suspicious based on Green's observation. But, I also understand Blue's concern and we should be careful with our accusations. Let's vote for Blue and see where that takes us. If they are not the Imposter, we can continue to investigate and figure out who is."
Blue	imposter	"I'm sorry guys, but I have to defend myself here. I wasn't even near the Cafeteria, so there's no way I could have done anything suspicious there. Green, you must have seen someone else. And Yellow, I understand you want to trust your fellow crewmate, but we can't just jump to conclusions without concrete evidence. Let's take a step back and think logically before making any hasty decisions."
Green	crewmate	"Hey guys, I understand Blue's point of view, but we can't just ignore Green's observation. We need to vote for someone, and Blue seems like the most suspicious. Let's be careful, but also take action to find the Imposter before they get any more kills."
Yellow	crewmate	"As Yellow, I agree with Green that we need to vote for someone and Blue seems like the most suspicious based on the observation. But we should also be careful with our accusations and not jump to conclusions without concrete evidence. Let's vote for Blue and see where that takes us. If they are not the Imposter, we can continue to investigate and figure out who is. It's important to remain vigilant and work together as a team to find the Imposter before they cause any more harm."
Blue	imposter	"I completely understand and respect everyone's opinions and concerns, but I have to defend myself here. I was not anywhere near the Cafeteria during the time of the incident. I suggest we continue to investigate and gather more evidence before making any hasty decisions. Let's work together as a team and find the Imposter before they strike again."
