Yellow	crewmate	"Hey guys, I have an emergency meeting! I found Blue's dead body in Weapons! I didn't see anyone around so I have no idea who could have done it. Does anyone have any information to share?"
Green	crewmate	"OMG, that's terrible! I was in the Cockpit doing my tasks, so I didn't see anything. But we should definitely work together and try to figure out who did this. Does anyone have any suspicions or information that could help us solve this?"
Red	imposter	"Wow, that's crazy! I was in Reactor doing my tasks, so I didn't see anything either. It's definitely suspicious that Yellow found the body, but I don't have any suspicions yet. Let's work together and try to figure out who could have done this."
Yellow	crewmate	"Guys, I swear I didn't do it! I was just doing my tasks in Weapons when I stumbled upon Blue's lifeless body. I have no idea who could have done this. But I agree with Green and Red, we need to work together to figure this out. We can't let the Imposter get away with this!"
Green	crewmate	"Wow, this is intense! It's definitely suspicious that Yellow found the body, but I don't want to accuse anyone without more information. Let's all be vigilant and keep an eye out for any suspicious behavior. We'll figure this out together and make sure the Imposter doesn't win!"
Red	imposter	"I'm just as shocked as you guys are! It's crazy that someone would do this. I don't have any suspicions yet, but I agree with Green and Yellow that we need to work together to figure this out. Let's keep an eye out for any suspicious behavior and try to catch the Imposter in the act."
Yellow	crewmate	"Guys, we need to be careful not to accuse anyone without evidence. Let's keep doing our tasks and try to gather more information. We can catch the Imposter if we work together and stay alert."
Green	crewmate	"What a crazy turn of events! It's definitely suspicious that Yellow found the body, but I agree with everyone that we shouldn't accuse anyone without more evidence. Let's keep doing our tasks and keep an eye out for any suspicious behavior. We can catch the Imposter if we work together and stay focused!"
Red	imposter	"Wow, this is getting intense! I can't believe someone would do this. I completely agree with Green, Yellow and myself that we shouldn't accuse anyone without more information. Let's all try to stay vigilant and keep an eye out for any suspicious behavior. But hey, we're all in this together and we can definitely catch the Imposter if we work as a team. Good luck, guys!"
