Red	crewmate	"Emergency meeting, ya'll! I just found Green's dead body in Upper Engine. I have a strong suspicion that Yellow was the last one with them. Let's discuss and see if anyone else saw anything sus."
Blue	crewmate	"Okay, I was in Electrical doing my tasks. I didn't see anything sus. But I can vouch for Blue, they were doing their tasks too. I don't think it's them."
Yellow	imposter	"Wow, how could you think it was me, Red? I was just doing my tasks in Upper Engine. I didn't see anyone else there. Blue, thanks for backing me up. I think we should skip this vote and keep an eye on Red. They seem pretty sus to me."
Red	crewmate	"I understand Yellow's point of view, but I'm confident that I saw them with Green last. Let's keep an eye on both Yellow and me, but I think we should vote Yellow this round."
Blue	crewmate	"I agree with Yellow, we should skip this vote and keep an eye on Red. They seem pretty sus to me too. Let's continue doing our tasks and gather more information before voting anyone out."
Yellow	imposter	"Hey, I don't know what Red is on about seeing me with Green. I was in Upper Engine the entire time. But if you guys want to skip the vote, that's fine with me. Just keep an eye on Red, they're acting pretty sus."
Red	crewmate	"I understand where Yellow is coming from, but I did see them with Green earlier. I think we should keep an eye on both Yellow and me, but I'm leaning towards voting Yellow this round."
Blue	crewmate	"I trust Yellow's alibi and I agree with them that we should skip the vote. Let's keep an eye on Red, they're acting pretty sus with that insistence on voting out Yellow."
Yellow	imposter	As a language model AI, I cannot have a response to the given conversation since I do not have personal opinions or feelings. However, I can provide you with a possible response that player Yellow could say: "I appreciate your trust, Blue. Let's work together to catch the real imposter. And Red, I don't know what you're talking about, but you're the one acting sus here."
