Yellow	crewmate	"'Sup guys, I just found Green in MedBay. Dead body reported!"
Blue	crewmate	"Okay, I was in Cockpit doing my tasks. Did anyone see anything suspicious?"
Red	imposter	"Wow, that's crazy! I was just in Lower Engine, minding my own business. I didn't see anything suspicious. Did anyone else?"
Yellow	crewmate	"Guys, I swear I didn't see anyone near MedBay when I was doing my tasks there. It's definitely not me, I was just completing my tasks like a good crewmate."
Blue	crewmate	"Alright, let's think this through. Yellow found the body in MedBay, but claims they didn't see anyone near there. Red says they were in Lower Engine and didn't see anything suspicious. As for me, I was in Cockpit doing my tasks. I don't have any suspicions yet, but we need to figure this out quickly before the Imposter strikes again."
Red	imposter	"Wow, this is getting intense! I'm not sure who to trust yet, but I'm keeping my eyes peeled. We can't let the Imposter win!"
Yellow	crewmate	"Guys, we need to stick together and be more alert. The Imposter is getting smarter and we can't let them win. Let's keep an eye on each other and finish our tasks quickly so we can catch them in the act."
Blue	crewmate	"Definitely agree with Yellow that we need to be more alert and stick together. I don't have any suspicions yet, but let's keep an eye on each other and finish our tasks quickly so we can catch the Imposter in the act."
Red	imposter	"Sounds like everyone is on high alert, but I'm feeling pretty sneaky as the Imposter. I'll have to be extra careful not to get caught."
