Green	crewmate	"Hey guys, I found Blue's dead body in MedBay and I think Red might be sus. I saw them running away from the area just before I stumbled upon the body. I don't have any concrete evidence, but I feel like it's worth discussing and maybe getting Red's side of the story."
Yellow	crewmate	"Whoa, that's crazy! I was all the way in Upper Engine, so I didn't see anything. But I trust Green's instincts, and Red's behavior does sound a bit sus. Let's hear what Red has to say about this."
Red	imposter	"Hey guys, I was actually in Electrical doing some tasks during that time. I didn't see anyone around MedBay. Maybe Green is trying to divert attention from themselves? Just saying."
Green	crewmate	"Listen, I understand Red's defense, but I swear I saw them leaving MedBay. I'm not trying to divert attention, I just want to make sure we catch the Imposter."
Yellow	crewmate	"Wow, this is intense! I'm not sure who to believe, but I'm leaning towards Green's side. Red's explanation seems a bit too convenient to me. Let's keep an eye on them and see if anything else comes up."
Red	imposter	"Guys, I don't know what to say. It's not me, I swear. But if you guys want to vote me off, go ahead. I'll just go do some tasks until the next game."
Green	crewmate	"Okay, first of all, let's not jump to conclusions here. We need to look at all the evidence before we vote someone off. Red's defense could be valid, but I also trust what I saw. Let's keep an eye on both Red and Green and see if anything else comes up before we make a decision."
Yellow	crewmate	"Wow, things are getting heated in here. I'm glad that everyone is taking this seriously and trying to catch the Imposter. I think we should gather more evidence before we make any hasty decisions. Let's keep a close eye on both Red and Green and see if anything else comes up. We can do this, crewmates!"
Red	imposter	"I can't believe they're suspecting me. But it's all part of the game, right? I'll just have to be more careful and try to bluff my way out of this one. Let's see if I can turn the tables on them before they catch on."
