Yellow	crewmate	"Yellow here, calling an emergency meeting because I just found Green's lifeless body in Security. I think it's time we start pointing fingers and finding out who the Imposter is. Let's hear everyone's alibis."
Red	crewmate	"Whoa, that's crazy! I was in the Cafeteria doing my tasks the whole time. I didn't see anyone suspicious nearby. I'm thinking it might be Blue, I saw them wandering around Electrical when they had no business being there."
Blue	imposter	"I can't believe Green's gone! That's so sad. As for my whereabouts, I was actually doing some wiring in Electrical. Red, don't be so quick to accuse me. I think you might be the Imposter trying to deflect suspicion onto me."
Yellow	crewmate	"Guys, we can't just throw accusations around without any solid evidence. Let's all calm down and think about this logically. We need to share our movements and alibis so we can figure out who the Imposter is. Red, can anyone confirm that you were in the Cafeteria the whole time? And Blue, did anyone see you in Electrical?"
Red	crewmate	"I agree with Yellow, we shouldn't throw baseless accusations around. I can confirm that I was in the Cafeteria the whole time, but I didn't see anyone else there. Blue, can anyone else vouch for your whereabouts in Electrical?"
Blue	imposter	"Wow, this conversation is getting intense. I can't believe Green is gone either. Red, you seem pretty quick to accuse me, but I was really doing tasks in Electrical. I didn't see anyone else there though. Yellow is right, let's all stay calm and share our movements and alibis. I'm happy to share mine and hopefully we can figure out who the Imposter is."
Yellow	crewmate	"Guys, let's not jump to conclusions. I agree with Yellow that we need to share our movements and alibis. Red, can anyone else confirm that you were in the Cafeteria? Blue, did anyone see you in Electrical? We need to work together to figure out who the Imposter is."
Red	crewmate	"Thanks for keeping it cool, guys. I can confirm that I was in the Cafeteria the whole time and didn't see anyone else there. Blue, I'm not accusing you, just trying to get more information. Can anyone else confirm that they saw Blue in Electrical?"
Blue	imposter	"I'm feeling a bit sus about Red. They seem a little too eager to accuse me without any evidence. But I'll share my movements - I was doing the wiring task in Electrical. I didn't see anyone else there, but maybe someone saw me walking in or out."
