Red	crewmate	"Hey guys, just calling this meeting because I stumbled upon Yellow's cold, dead body in Lower Engine. I don't have any concrete suspicion yet, but I do think it's important that we discuss this and figure out who could have done this heinous act. Let's get to the bottom of this!"
Green	crewmate	"OMG, not Yellow! I was in Shields fixing up some wiring, so I didn't see anything. But we gotta find who did this and make sure they pay for what they did."
Blue	imposter	"I can't believe someone would do this to poor Yellow! I was in Reactor and didn't see anything suspicious. But we need to start pointing fingers and figure out who did this. Red, did you see anyone nearby when you found the body?"
Red	crewmate	"I didn't see anyone around when I found Yellow's body. I was in the middle of a task in Lower Engine when I stumbled upon the gruesome discovery. I agree with Green and Blue, we need to start investigating and pointing fingers to find out who is responsible for this atrocious crime. Let's work together and get to the bottom of this."
Green	crewmate	"I can't believe someone would do this to Yellow! I didn't see anything suspicious while I was in Shields, but we need to figure out who did this and make sure they pay for it. Red, did you notice anyone acting strange before you found the body in Lower Engine?"
Blue	imposter	"Wow, this is a tough one. It seems like we don't have any concrete evidence yet, but we need to start piecing things together. I agree with Red, let's work together and start investigating. Maybe someone saw something they didn't realize was important at the time. We can't let Yellow's death go unpunished. Let's do this, team!"
Red	crewmate	"Guys, I think we should start by checking if anyone has any alibis. Maybe someone saw something but didn't realize it was important. Let's focus on gathering as much information as possible and work together to catch the imposter. We can do this!"
Green	crewmate	"Wow, this is intense! I agree, we need to work together and gather as much information as possible. Red, did you see anyone else in Lower Engine or nearby? Maybe they saw something that can help us figure out who did this. Let's not give up until we find the imposter!"
Blue	imposter	"Hey guys, I'm really sorry for Yellow's death, but I gotta say, I'm impressed by the teamwork and determination we're showing right now. I definitely agree with Red and Green's suggestions to gather as much information as possible and check everyone's alibis. I didn't see anything suspicious myself, but I'm willing to work with the team and figure this out. Let's catch this imposter and avenge Yellow!"
