Yellow	crewmate	"Pals, I've called this meeting because I found Red's lifeless body in the Cockpit room. I'm suspecting Blue because I saw him venting near the area. Anyone has any better intel?"
Green	crewmate	"Okay, first of all, I was in Storage the whole time, so it couldn't have been me. Secondly, I trust Yellow's intel, so I'm willing to vote for Blue. Let's get that imposter out of here!"
Blue	imposter	"Guys, I was doing my tasks in the Electrical room during that time. I haven't seen anything suspicious. And I'm not the imposter. I think we should investigate more before jumping to conclusions and voting me off."
Yellow	crewmate	"Listen up, guys. I know what I saw. Blue was definitely venting near the Cockpit area. And Green, I can vouch for your innocence since I saw you doing tasks earlier. I'm ready to vote for Blue. Let's not waste any more time and vote him off."
Green	crewmate	"Yellow's intel seems reliable and I haven't seen anything suspicious either. I trust Yellow and I'm willing to vote for Blue. Let's get that imposter out of here!"
Blue	imposter	"Whoa, whoa, whoa! Hold up, guys. Let's not be too hasty here. Yellow, are you sure you saw me venting? I don't remember doing that. And Green, just because you were in Storage doesn't mean you couldn't have done it. Let's all take a deep breath and think this through before we start voting people off."
Yellow	crewmate	"I understand Blue's point of view, but I'm certain that I saw him venting. I don't want to accuse anyone wrongly, but I'm willing to take the risk and vote for Blue. If we're wrong, we can always call another emergency meeting and discuss further."
Green	crewmate	"Yellow seems to have a good handle on the situation and I trust their judgment. I'm ready to vote for Blue based on their intel. Let's hope we're making the right decision."
Blue	imposter	"Guys, I understand why Yellow may seem reliable, but I swear I didn't vent. I think we should take a closer look at Green's activities too. I'm not saying they're the Imposter, but we can't just jump to conclusions without proper investigation. Let's be smart about this and not make any hasty decisions."
