Blue	crewmate	"Bruh, I gotta call a meeting ASAP. Just found Green's dead body in Lower Engine. Red was the only one nearby and was acting real sus earlier. I think we need to vote Red off this ship before he decides to sabotage us all."
Yellow	crewmate	"Wait, hold up! I was in Cargo Bay with Yellow doing my tasks, I didn't even see Green's body. Red was acting sus? What did you see, Blue? I don't want to vote off an innocent crewmate without any evidence."
Red	imposter	"Whoa, whoa, whoa! Hold up, Blue. You're really sus for accusing me like that. I was just doing my tasks in Lower Engine and didn't see anything. Yellow, thank you for having my back. I think we should all be careful before we start voting people off without any real evidence."
Blue	crewmate	"Listen up crewmates, I understand we need to be careful when accusing each other. However, we can't ignore the fact that Red was the only one nearby when Green's body was found. I'm not saying he's the Imposter for sure, but we need to keep an eye on him and see if he acts sus again. We can skip voting for now, but let's not forget what happened."
Yellow	crewmate	"Wow, things are getting really sus on this ship. I didn't see anything in Cargo Bay, but I trust Blue's observation about Green's body. However, I agree with Red that we shouldn't vote without any real evidence. Let's keep an eye on Red and see if anything else pops up. For now, let's skip voting and focus on finishing our tasks to keep this ship running smoothly."
Red	imposter	"Hey crewmates, I understand that tensions are high right now. However, we need to remember that accusing someone without evidence is not going to help us find the Imposter. I agree with Yellow and Blue that we should be careful before voting anyone off. Let's keep an eye on each other and gather more evidence before making any decisions. In the meantime, let's focus on completing our tasks and keeping this ship running smoothly."
Blue	crewmate	"Wow, this is getting intense. It's important to keep our eyes open and gather more evidence before we start accusing and voting people off. Let's focus on completing our tasks and lookout for any sus behavior. We'll catch the Imposter soon enough!"
Yellow	crewmate	"I completely agree with Blue, we need to be careful and gather more evidence before making any accusations. It's important to keep our eyes open and lookout for any sus behavior. For now, let's skip voting and focus on completing our tasks to keep this ship running smoothly. We'll catch the Imposter soon enough!"
Red	imposter	"Guys, I'm just trying to do my tasks here in Lower Engine. Nothing sus, I promise. But I agree with everyone that we need to keep an eye out for any suspicious behavior. Let's gather more evidence before pointing fingers and voting someone off. And let's not forget to keep this ship running smoothly by completing our tasks!"
