Red	crewmate	"Okay guys, I just found Yellow's dead body in Admin and I am sus of Blue. I saw them coming from the direction of the body and they were acting pretty sus earlier. Anyone else see anything?"
Green	crewmate	"I was in Shields doing my tasks, didn't see anything. But if Red is sus of Blue, I'm willing to skip and keep an eye on them next round."
Blue	imposter	"Guys, I was in Electrical doing my tasks. I didn't even go to Admin. Red is just trying to throw the sus on me. Don't fall for it."
Red	crewmate	"Listen, I understand Blue's defense, but I'm not trying to throw sus on anyone. I just saw them near the body and got suspicious. If anyone else has any information, please share it. We need to catch the Imposter before they strike again."
Green	crewmate	"Okay guys, I trust Red's instincts about Blue, but we don't have enough evidence yet. Let's skip and keep an eye on both of them for the next round. Stay vigilant, crewmates!"
Blue	imposter	"I have to say, Red's playing a good game, trying to get me out. But I promise you guys, I was nowhere near the body. I'm willing to skip this round, but just know that I'll be keeping my eye on Red."
Red	crewmate	"Thanks for sharing your thoughts, crewmates. I understand we don't have enough evidence yet, but we can't let the Imposter get away with their crime. Let's stay alert and keep an eye on each other. Good luck, everyone!"
Green	crewmate	"I agree with Red that we need to be vigilant and catch the Imposter as soon as possible. But we also need to be careful not to accuse someone without enough evidence. Let's skip this round and keep an eye on both Blue and Red. We can discuss this again in the next emergency meeting."
Blue	imposter	"I can't believe they're already onto me. But I'll just have to be more careful and try to shift the blame onto someone else. I'll keep an eye on Red too and make sure they don't catch me."
