Blue	crewmate	"Yo, crewmates, I found Yellow dead in the Cargo Bay and I have reason to believe that Green is sus. I saw them vent in Electrical and they were acting real sketch in the cafeteria. We gotta vote them off."
Red	crewmate	"Okay, okay, let's not get too hasty here. Blue, you're making some pretty big accusations without any hard evidence. Green, what do you have to say for yourself? Where were you when Yellow was killed?"
Green	imposter	"Hey, I was in Medbay doing my tasks when Yellow was killed. I have no idea what Blue is talking about, I never vented in Electrical or acted sketchy in the cafeteria. Sounds like Blue is the real sus one here."
Blue	crewmate	"Listen up, crewmates. I know it sounds like I'm making big accusations, but I saw Green vent with my own two eyes. And their behavior in the cafeteria was definitely sus. As for me, I was in the Cargo Bay doing my tasks when I found Yellow's body. I'm telling you, we gotta vote Green off if we want to win this game."
Red	crewmate	"Okay, okay, let's take a step back and analyze the situation. Blue, you say you saw Green vent, but can anyone else confirm this? And Green, do you have anyone who can vouch for your whereabouts during the time of Yellow's death? Let's not jump to conclusions without solid evidence. We don't want to vote off an innocent crewmate."
Green	imposter	"Well, well, well, seems like Blue is trying to throw me under the bus here. I was doing my tasks in Medbay, and I have no idea what they're talking about. As for Blue's accusations, I'm sorry to say this, but they're lying. I never vented and I was not acting sus in the cafeteria. I don't have anyone who can vouch for me, but I swear on my life that I am innocent. Red is right, we should analyze the situation and not jump to conclusions. Let's not make a mistake and vote off an innocent crewmate."
Blue	crewmate	"Guys, I understand that this is a tough situation, but we need to be careful with our accusations. We don't want to vote off an innocent crewmate and risk losing the game. I think we should gather more information and see if anyone else saw anything suspicious. Let's work together and find the real imposter."
Red	crewmate	"Wow, this is a tough one. I appreciate Red's level-headedness in analyzing the situation. It's important that we don't jump to conclusions without solid evidence. Green's defense seems plausible, but we can't ignore Blue's accusation either. We should definitely gather more information and work together to find the real imposter. Let's be careful and not vote off an innocent crewmate."
Green	imposter	"Oh, this is a tough spot to be in. Blue is really trying to pin this on me, but I swear I didn't vent or act sus. I appreciate Red's level-headedness in analyzing the situation, and I agree with everyone that we need more information before we make any rash decisions. Let's work together and find the real imposter, and not risk voting off an innocent crewmate. We got this, guys!"
