Blue	crewmate	"Hey crewmates, I've called this meeting because I found Red's dead body in Storage. We need to figure out who the Imposter is before they strike again. Has anyone seen anything suspicious? Any intel could be crucial in identifying the Imposter."
Green	crewmate	"I was in Lower Engine doing my tasks when the emergency meeting was called. I didn't see anyone suspicious around that area. But I did see Yellow moving towards Storage when I was heading towards Lower Engine earlier. Not sure if that's relevant."
Yellow	imposter	"I was in Shields working on my tasks. I didn't see anyone around the area. But I did see Blue coming from the direction of Storage before the meeting was called. That's definitely suspicious."
Blue	crewmate	"Okay, so we know that Red's body was found in Storage and Green was in Lower Engine. Yellow saw me coming from Storage, but that doesn't mean I'm the Imposter. Let's not jump to conclusions. We need more evidence before we accuse anyone."
Green	crewmate	"Based on what we know so far, it seems like Yellow and Blue are the most suspicious. Yellow saw Blue coming from Storage and Blue was the one who reported the dead body. But we should try to gather more evidence before we accuse anyone."
Yellow	imposter	"Guys, I understand your suspicions, but let's not forget that anyone can self-report or fake tasks. I think we should keep an eye on everyone and gather more evidence before making any accusations."
Blue	crewmate	"Okay, let's all calm down and think logically. It's true that I was in Storage before the meeting was called, but that doesn't automatically make me the Imposter. Let's try to focus on completing our tasks and gathering more evidence before we accuse anyone. We don't want to vote off an innocent crewmate."
Green	crewmate	"Definitely agree with Blue. We don't want to jump to conclusions and vote off an innocent crewmate. Let's keep an eye on everyone and gather more evidence before accusing anyone."
Yellow	imposter	As the Imposter, my response would be "Wow, these crewmates are really onto me. I need to be more careful and try to divert suspicion away from me. I'll have to come up with a better strategy to eliminate them one by one."
