Yellow	crewmate	"Hey crewmates, I just found Green's lifeless body in Cargo Bay. Looks like we have a serious case of murder on our hands. Any idea who the imposter might be?"
Red	crewmate	"OMG, not Green! I was in Navigation the whole time, didn't see anything suspicious. Did anyone see anyone else in the vicinity?"
Blue	imposter	"Wow, that's terrible news about Green. I was in Electrical fixing some wiring, didn't see anyone around. But it's definitely not me, I was nowhere near Cargo Bay." *tries to act innocent*
Yellow	crewmate	"Guys, I don't have any leads but we need to vote someone off. We can't let the imposter get away with this."
Red	crewmate	"OMG, this is crazy! Poor Green. I believe Yellow when they say they found the body. But I have no idea who the imposter could be. I'm gonna skip this vote for now and keep an eye out for any suspicious behavior. Stay alert, crewmates!"
Blue	imposter	"Wow, this is intense! Poor Green. I didn't see anyone around the Cargo Bay area either, but I trust Yellow's judgement. We need to vote someone off, or the imposter will win. I'm suspicious of Red, they seem to be deflecting blame. Let's keep an eye on them."
Yellow	crewmate	"Guys, we need to be careful. The imposter could be lying low and letting us vote each other off. We need to stick together and keep an eye out for any suspicious behavior. Let's not jump to conclusions, but also not let the imposter get away with this."
Red	crewmate	"Wow, this is getting intense! I agree with Yellow, we need to be careful and not jump to conclusions. Let's stick together and keep an eye out for any suspicious behavior. I trust Yellow's judgement on this one, but I don't want to vote someone off without concrete evidence. Let's keep investigating and see if we can find any clues."
Blue	imposter	"I can't believe how intense this game is getting! Poor Green. It's important that we stick together and keep an eye out for any suspicious behavior. I agree with Yellow, we shouldn't jump to conclusions, but we also can't let the imposter get away with this. I'm suspicious of Red, they seem to be deflecting blame. Let's keep an eye on them and vote someone off before it's too late."
