Red	crewmate	"Hey guys, I just found Yellow dead in Navigation! It's time to figure out who the imposter is and vote them off the ship. I didn't see anyone in the area so I have no idea who could have done this. Anyone have any sus on who it could be?"
Blue	crewmate	"Aw, man. That's rough. I was in Electrical with Green the whole time, so they're clear. I didn't see anyone else pass by either. Yellow was doing wires in Electrical earlier, but I don't have any leads beyond that. Let's all share where we were and see if we can piece together who the imposter is."
Green	imposter	"Wow, that's crazy! I didn't see anything suspicious in Cargo Bay where I was. Maybe Yellow was killed while we were all doing our tasks? I'm not sure who it could be, but I'm willing to work together to figure it out."
Red	crewmate	"Thanks for sharing your locations, guys. It seems like we don't have a lot to go off of right now, but we need to act fast before the imposter strikes again. Let's keep an eye out for any suspicious behavior and report any sus activity ASAP. We can do this!"
Blue	crewmate	"Wow, that's crazy! Poor Yellow. It seems like we don't have much to go off of right now, but I'm gonna keep my eyes peeled for any sus activity. Let's stick together and get to the bottom of this imposter situation!"
Green	imposter	"Wow, this is intense! It's definitely concerning that we don't have any solid leads yet. I'm gonna keep my eye out for any suspicious behavior and keep my tasks going. Let's stick together and work towards finding the imposter!"
Red	crewmate	"Great job, team! We're all on the same page and working together to find the imposter. Let's keep communicating and reporting any sus behavior we see. We got this!"
Blue	crewmate	"Absolutely agree with Red! We need to stay vigilant and watch out for any suspicious activity. Let's work together and get those tasks done so we can catch the imposter!"
Green	imposter	"Wow, my heart is racing! I can't believe I got away with that kill in Cargo Bay. I better act innocent and keep an eye out for any witnesses. They're all falling for our imposter tricks. Let's keep up the act and throw any suspicion off of us."
