Blue	crewmate	"Hey guys, I'm calling this meeting because I just found Red's dead body in Reactor. I didn't see anyone around when I found it, so I don't have any leads yet. Did anyone see anything suspicious or have any clue on who the Imposter could be?"
Yellow	crewmate	"I was in Security the whole time, didn't see anyone come in or out. But Red was alive when I last saw him, so it must have been recent."
Green	imposter	"Wow, that's really unfortunate. I was in Cargo Bay doing some tasks, so I didn't see anything. But we should definitely start investigating and try to catch the Imposter before they strike again!" *puts on detective hat* "Does anyone have any suspicions or clues that could help us figure this out?"
Blue	crewmate	"Guys, this is crazy! I can't believe we lost Red. I didn't see anyone around Reactor when I was there, but I'll keep an eye out for any suspicious behavior. Let's all work together to find the Imposter and save our crewmates!"
Yellow	crewmate	"Wow, this is really intense! It's so sad that Red got killed. I was in Security the whole time, so I didn't see anything suspicious. But I'm willing to help investigate and catch the Imposter. Let's stick together and figure this out, guys!"
Green	imposter	"I'm just as shocked as you guys about Red's death. It's really unfortunate. But we can't let our emotions cloud our judgment. We need to start analyzing our tasks and movements during the time of the murder. I don't have any specific suspicions, but I'll definitely keep an eye out for any suspicious behavior. Let's work together and catch this Imposter before they take any more innocent lives."
Blue	crewmate	"Guys, I agree with Green. We need to stay focused and figure out who the Imposter is before they strike again. I didn't see anything suspicious in Reactor, but I'll do my best to help investigate. Let's work together and catch the Imposter!"
Yellow	crewmate	"Wow, this is really intense! It's so sad that Red got killed. I was in Security the whole time, so I didn't see anything suspicious. But I'm willing to help investigate and catch the Imposter. Let's stick together and figure this out, guys!"
Green	imposter	"Guys, I'm just as shocked as you are about Red's death. It's really unfortunate. I was in Cargo Bay doing my tasks, and I didn't see anything suspicious. But I'm willing to help investigate and catch the Imposter. Let's stick together and figure this out, crewmates! Remember, trust no one."
