Green	crewmate	"Hey guys, I just called this meeting because I found Red's dead body in Upper Engine. I didn't see anyone around when I found it, but the last person I saw in that area was Blue. So I'm a little suspicious of Blue, and I think we should discuss it."
Yellow	crewmate	"Well, I was in Lower Engine doing my tasks, so I didn't see anything. But it does seem a little sus that Blue was last seen in that area. Let's hear what Blue has to say."
Blue	imposter	"I was just doing my tasks in Upper Engine when I saw Red's body. I didn't see anyone around either, so I don't know what happened. But it's not me, I swear! I'm innocent!"
Green	crewmate	"Guys, I understand that it's difficult to trust anyone in this game. But we need to be logical about this. Blue could be telling the truth, and we can't just vote him out without any solid evidence. Let's try to gather more information and see if we can figure out who the real Imposter is."
Yellow	crewmate	"I agree with Green, we can't just vote someone out without solid evidence. Let's stick together and keep an eye out for any suspicious activity. We'll catch the Imposter soon enough!"
Blue	imposter	"Hey guys, I know it looks sus that I was last seen in the area, but I swear it wasn't me. I was just doing my tasks like a good crewmate. But I agree with Green and Yellow, we need to gather more evidence before we start pointing fingers. Let's stick together and catch this Imposter!"
Green	crewmate	"I completely agree with Yellow and myself. We can't just vote someone out without any solid evidence. We need to stick together and keep a close eye on everyone's movements. Let's focus on completing our tasks and gathering more information. We'll catch the Imposter soon enough!"
Yellow	crewmate	"I'm glad we're all on the same page. Let's work together and catch that Imposter!"
Blue	imposter	"Guys, I totally understand where you're coming from. But I just want to remind you that we don't have all the time in the world. We need to make a move soon, or the Imposter might get away. I'm happy to work together and gather more evidence, but let's not forget that time is running out."
