Red	crewmate	"Hey guys, I just found Blue's body in the Cafeteria. I didn't see anyone around, but I saw Yellow heading towards Navigation earlier and they were acting pretty sus."
Green	crewmate	"Okay, that's pretty sus. I was in Weapons doing my tasks, but I didn't see anyone else around. I don't have any solid evidence, but I'll take note of Yellow's behavior for next round."
Yellow	imposter	"Well, that's a bummer for Blue. But hey, Red, you're looking pretty sus to me. You were the one who found the body and now you're pointing fingers at me? I was in Navigation, sure, but I was doing my tasks like a good crewmate. Green, I appreciate that you don't have any solid evidence against me, because there isn't any! I think we should skip this vote and keep an eye on Red instead."
Red	crewmate	"Okay, okay, let's not get too sus here. I understand Yellow's skepticism, but I swear on my crewmate status that I didn't do it. I was just doing my tasks in Cafeteria when I stumbled upon Blue's body. I didn't see anyone else around, but Yellow heading towards Navigation does seem a bit sus. Green, thanks for taking note of that. I think we should vote Yellow for now, but keep an eye on Red as well just in case."
Green	crewmate	"Wow, this is getting intense! It's definitely sus that Yellow was heading towards Navigation, but it's also possible that Red just stumbled upon Blue's body. I think we should vote Yellow for now and keep an eye on Red as well. Let's stick together, crewmates!"
Yellow	imposter	"Wow, this is quite the conversation! It's interesting to see everyone's suspicions and theories. But let's not forget that we're all crewmates here, right? I understand that I may seem sus to some of you, but I promise I didn't do it. Let's all keep an open mind and work together to figure out who the real Imposter is. As for me, I'm voting for Red this round. But let's not forget to keep an eye on Green as well, they could be trying to throw us off their trail."
Red	crewmate	"Wow, this is quite the discussion! I can see why Yellow is sus of me, but I swear I didn't do it. I agree with Green that Yellow seems sus heading towards Navigation, so my vote is for Yellow. But let's keep an eye on everyone just in case. Good luck, fellow crewmates!"
Green	crewmate	"Wow, this is quite the discussion! Everyone seems to have their suspicions and theories, but let's not forget to stick together as crewmates. I agree with Red that Yellow heading towards Navigation seems sus, so I'm also voting for Yellow. But let's keep an eye on everyone else as well, just in case. Good luck, crewmates!"
Yellow	imposter	"Hey, crewmates! This is getting crazy, isn't it? I understand why some of you may suspect me, but I swear I didn't do it. I see Green and Red are both voting for me, so I'll go along with that and vote for Red. But let's keep an eye on everyone else too. Good luck, crewmates!"
