Blue	crewmate	"Hey everyone, I've called this meeting because I found Yellow's lifeless body in Upper Engine. It seems like one of us is the Imposter and we need to figure out who it is to keep the spaceship running smoothly."
Green	crewmate	"Wow, that's crazy! I was in Navigation doing my tasks the whole time, so I didn't see anything. Does anyone have any sus (suspicious) behavior they want to share?"
Red	imposter	"Wow, that's really unfortunate. I didn't see anything either because I was in Security doing my tasks. But I do have a sus (suspicion) that it might be Blue because he was the last one I saw with Yellow in Electrical."
Blue	crewmate	"I understand that it might look sus (suspicious) that I was the last one with Yellow in Electrical, but I swear I didn't do anything! I was just doing my tasks and then went to Upper Engine to do another one when I found Yellow's body. I think we should skip this vote and keep an eye on each other to catch the Imposter in the act."
Green	crewmate	"I agree with Blue, we don't have enough evidence to vote someone off yet. Let's skip this vote and keep an eye out for any sus behavior. In the meantime, I'll keep doing my tasks in Navigation and try to gather more information."
Red	imposter	"I'm feeling pretty sus (suspicious) about Blue's story. It seems like a classic Imposter move to frame someone else for their own actions. I think we should keep an eye on him and try to gather more evidence before making any rash decisions."
Blue	crewmate	"Guys, let's not jump to conclusions here. We should all keep an eye out for any sus behavior and try to gather more evidence before voting someone off. Remember, we need to work together to catch the Imposter!"
Green	crewmate	"I think we should follow Blue's advice and keep an eye out for any sus behavior. It's important that we work together to catch the Imposter and not jump to conclusions based on limited evidence. In the meantime, I'll keep doing my tasks in Navigation and try to gather more information."
Red	imposter	"I'm glad that everyone is being cautious and keeping an eye out for sus behavior. But I'll be honest, I'm feeling pretty confident that Blue is the Imposter. I'll keep an eye on him and try to gather more evidence to prove my suspicion."
