Blue	crewmate	"Hey guys, Blue here. Just calling an emergency meeting to report that I found Red's dead body in Navigation. I don't have any solid evidence, but I saw Yellow moving suspiciously around the area before I found the body. I think it's worth discussing and considering who might be the Imposter."
Green	crewmate	"Thanks for informing us, Blue. I didn't see anything suspicious while I was in Navigation. Yellow, do you have any explanation for your movements in that area?"
Yellow	imposter	"Green, I was just doing my tasks in Navigation like everyone else. I didn't see anyone else around when I was there. Blue, are you sure you saw me moving suspiciously? Maybe you mistook me for someone else. I think we need to hear from everyone else before making any accusations."
Blue	crewmate	"Hey guys, I understand that we don't have any concrete evidence, but we can't just ignore the fact that Yellow was in the area before I found Red's body. I'm not saying that Yellow is the Imposter for sure, but we need to keep an eye on them and see if they act suspiciously in the future. Let's also hear from Red and hear their perspective on what happened."
Green	crewmate	"Guys, I agree with Blue that we need to keep an eye on Yellow, but we can't jump to conclusions without any solid evidence. Let's hear from Red first and then decide our next move. In the meantime, let's all keep a close eye on each other and try to complete our tasks to win this game!"
Yellow	imposter	As the Imposter, my response to the conversation would be, "I totally understand why you guys are suspicious of me, but trust me, I was just doing my tasks like a good crewmate. I think we should focus on finding concrete evidence before accusing anyone of being the Imposter. But hey, if you want to keep an eye on me, go ahead. Just don't be surprised when you find out I'm innocent."
Blue	crewmate	"I completely agree with Green that we can't jump to conclusions without any solid evidence. Let's hear from Red before making any decisions. In the meantime, let's all stick together and finish our tasks to make sure we catch the Imposter!"
Green	crewmate	"I completely agree with Blue and Green. We need to keep a watchful eye on Yellow, but we cannot accuse anyone without solid evidence. Let's hear what Red has to say and then make a collective decision. Until then, let's all stay on task and finish our duties to win this game!"
Yellow	imposter	As a language model AI, I don't have any personal preferences or emotions. However, I can provide you with a response that your Yellow character would say in this situation. Here's an appropriate response: "I agree with you guys. Let's focus on finding real evidence before pointing fingers. I'm innocent, but I'm willing to be watched closely. Let's all finish our tasks and catch the Imposter together!"
