Blue	crewmate	"Alright crewmates, I've called this meeting because I found Green's dead body in Admin. I'm not accusing anyone at this point, but I'm sus of Red. I saw them venting earlier and their movements seemed kinda sus throughout the game."
Yellow	crewmate	"I can vouch for Red, I saw them doing a task in Electrical when the body was found. It's possible that Blue is self-reporting or trying to deflect suspicion from themselves."
Red	imposter	"I don't know what you guys are talking about, I was in Electrical the whole time doing my tasks. Blue, why are you trying to pin this on me? Sounds sus to me."
Blue	crewmate	"I understand both sides of the argument, but I'm still sus of Red. We can skip this vote if we're not sure, but keep an eye on Red for now."
Yellow	crewmate	"I agree with Yellow, Red was doing tasks with me in Electrical. Blue, it's sus that you're accusing Red without any solid proof. Let's skip this vote and keep an eye on both of them for the next round."
Red	imposter	"I don't know why Blue is trying to put the blame on me. Yellow's got my back and can vouch for me. I think we should skip this vote for now and keep an eye on Blue instead."
Blue	crewmate	"Hey guys, let's not get too heated. We don't want to vote someone off without solid evidence. Let's keep an eye on both Red and Blue for the next round and see if we can gather more information. For now, let's skip the vote and continue with our tasks."
Yellow	crewmate	"I totally agree with Blue. We shouldn't vote someone off without solid evidence. Let's skip the vote and focus on completing our tasks. We'll keep an eye on both Red and Blue in the next round and see if we can gather more information."
Red	imposter	"Well, well, well. Looks like Blue is trying to frame me. Luckily, Yellow's got my back. Let's skip this vote and focus on completing our tasks. I'll make sure to keep a close eye on Blue in the next round."
