Red	crewmate	"Red here, calling an emergency meeting because I found Blue's body in O2. I didn't see anyone around when I found it, but I have a feeling that Yellow is the one behind this. Yellow was acting a bit suspicious and was seen wandering around in the same area. Let's band together and vote Yellow off this ship!"
Green	crewmate	"Whoa, whoa, whoa! Slow down, Red. I was in the Lower Engine the whole time, I didn't see anything. I don't think we should vote without any solid evidence. Let's skip for now and keep an eye on Yellow."
Yellow	imposter	"I was in O2 doing my task, but I didn't see Blue's body or anyone else around. I agree with Green, we shouldn't vote without any evidence. Let's skip for now and keep an eye on everyone."
Red	crewmate	"Guys, I understand that we need evidence, but the clock is ticking and we can't afford to lose another crewmate. I'm sticking with my gut feeling that Yellow is the Imposter. But, if you all want to skip, let's do it and keep our eyes peeled."
Green	crewmate	"Hey guys, let's not jump to conclusions here. We don't have any concrete evidence against Yellow. It's better to be safe than sorry. Let's skip for now and keep a closer eye on everyone. We'll catch the Imposter soon enough!"
Yellow	imposter	"I totally agree with Green and myself. We shouldn't vote without any evidence. Let's skip for now and keep an eye on everyone. I'm innocent, by the way."
Red	crewmate	"Hey guys, I understand that we need to be cautious, but I think we should keep an extra eye on Yellow. I'm not saying we should vote them off, but let's be careful around them. Just a hunch."
Green	crewmate	"I completely agree with Green and Yellow. It's not fair to vote off someone without any evidence. Let's skip for now and keep a watchful eye on everyone. We'll figure out who the Imposter is soon enough."
Yellow	imposter	"Wow, I'm glad my fellow crewmates are being cautious and fair. I agree with Green and myself that we shouldn't vote without evidence. I'm innocent, so let's keep an eye on everyone else and catch that Imposter!"
