Blue	crewmate	"Hey guys, I have found Red's dead body in Cafeteria and I am suspecting Green for this. I was doing my navigation task and didn't see anyone else in that area. Green has been acting quite sus from the start of the game and I think it's time to vote them out."
Yellow	crewmate	"I saw Green around Cargo Bay when I was doing my task, and they didn't seem sus to me. I think we should skip this vote and keep an eye on Green for future rounds."
Green	imposter	"I was in Electrical doing my task when the body was reported. I didn't see anyone else around. Blue, why are you so quick to accuse me? I think it's highly sus that you found the body and immediately pointed fingers at me. Yellow, I appreciate your support. I think we should skip this vote and gather more information before making any decisions."
Blue	crewmate	"Hey guys, I understand we all have different opinions, but I really think we should vote Green out. I know it's a risky move, but I'm willing to take that risk if it means saving the crew from the Imposter."
Yellow	crewmate	"Hey guys, I agree with Yellow and Green that we should skip this vote and gather more information. We don't want to make a mistake and vote out an innocent crewmate. Let's keep an eye on both Green and Blue for now and see if any other suspicious behavior comes up."
Green	imposter	"I totally agree with Yellow. Skipping the vote is the best option for now. Blue, you're acting super sus by accusing me so quickly. Let's focus on finding more evidence before we start pointing fingers."
Blue	crewmate	"Hey guys, I understand that we all have different opinions, but I think we need to be cautious. Skipping the vote might give the Imposter more time to strike again. I'm not accusing anyone, but I think we need to consider all possibilities and make a decision based on the evidence we have. Let's continue to gather more information and discuss before making a final decision."
Yellow	crewmate	"Hey guys, I agree with Yellow and Green on this one. Skipping the vote is the best option for now. Let's gather more evidence and analyze the situation before making any hasty decisions. We don't want to vote out an innocent crewmate and give the Imposter a free pass."
Green	imposter	"I have to say, I completely agree with Yellow and their plan to skip the vote. It's important that we don't make any rash decisions and potentially vote out an innocent crewmate. Blue, I understand your concern about giving the Imposter more time, but we need to focus on gathering evidence before we accuse anyone. Let's work together and keep an eye out for any suspicious behavior."
