Yellow	crewmate	"Guys, I found Blue's dead body in Lower Engine. I think we should discuss who was in the area and who could be the possible imposter. I have a feeling it might be Green."
Red	crewmate	"Okay, I was in Navigation doing my tasks. I didn't see anyone in Lower Engine. Green, where were you?"
Green	imposter	"Lower Engine, yes. But I didn't see anyone else in that area. I was doing my tasks there. Maybe we should skip this round and keep an eye on everyone else."
Yellow	crewmate	"Guys, I understand that it's difficult to figure out who the imposter is, but we can't just skip this round. We need to vote someone off and keep the game going. Green, you were the only one in Lower Engine with Blue. I think we should vote for Green."
Red	crewmate	"Okay, let's take a step back and think about this. Just because Green was in the same area as Blue doesn't necessarily mean they're the imposter. We should gather more information before making a decision. Yellow, did you see anyone else in the area when you found Blue's body? And Green, what tasks specifically were you doing in Lower Engine?"
Green	imposter	"Listen, I understand that we need to vote someone off, but I promise you it's not me. Yellow, I didn't see anyone else in Lower Engine because I was too busy doing my tasks. And to answer your question, I was doing the fueling task. Red is right, we should gather more information before making any hasty decisions. Let's skip this round and keep an eye out for any suspicious behavior."
Yellow	crewmate	"Guys, I understand that we need to be cautious, but we can't just keep skipping rounds. We need to vote someone off eventually. I agree that we need more information, but we can't let the imposter continue to run free. Let's keep an eye out for any suspicious behavior and make a decision next round."
Red	crewmate	"Yellow, I understand your concern, but we can't just vote someone off without concrete evidence. Skipping a round is better than making a hasty decision and potentially voting off an innocent crewmate. Let's keep an eye out for any suspicious behavior and gather more information before making a decision."
Green	imposter	"Guys, I agree with Green and Red. We can't just vote someone off without concrete evidence. Skipping a round is the right thing to do for now. Let's keep an eye out for any suspicious behavior and gather more information before making any decisions."
