Red	crewmate	"Guys, I found Green's dead body in Lower Engine. I think we should call a meeting and discuss who we saw in that area before we found the body. I'm sus of Yellow because I saw them coming from the direction of Lower Engine earlier."
Blue	crewmate	"Okay, I trust your instincts Red. Let's discuss and vote Yellow off if we need to."
Yellow	imposter	"Wait, hold on a second. I was just in the reactor fixing the wiring. I didn't even go to Lower Engine. You guys are making a huge mistake by voting me off. We need to think this through and consider other possibilities. Who else was in the area at the time? Let's not jump to conclusions too quickly."
Red	crewmate	"Guys, I understand that we're all on edge, but let's not get too hasty with the voting. Yellow could be innocent. Let's hear from everyone else who was in the area before we make any decisions."
Blue	crewmate	"Okay, let's not panic here. Red, thanks for reporting the body. Yellow, I believe you for now. We need to hear from everyone else who was in the area before we make any decisions. Let's discuss calmly and logically before we vote anyone off."
Yellow	imposter	"I totally agree, guys. Let's not jump to conclusions too quickly. I'm innocent and I'm willing to prove it. We need to hear from everyone else who was in the area and gather more information before we make any decisions. Let's discuss calmly and logically like Blue said."
Red	crewmate	"Good job, team! We're handling this emergency meeting like pros. Let's keep up the good work and make sure we gather all the information before making any decisions. We got this!"
Blue	crewmate	"I'm proud of my crewmates for handling this emergency meeting so well! We're all working together to find the imposter and make sure we don't vote off any innocent players. Let's keep up the good work and stay vigilant!"
Yellow	imposter	As the Imposter, my response to the conversation would be, "Wow, my crewmates are really good at pretending to be innocent. They have no idea that I'm the one who killed that body in Lower Engine. I better start coming up with a convincing alibi before they figure out it was me."
