Blue	crewmate	"Hey guys, I just found Green's body in Weapons and I think we need to have a meeting. I saw Yellow running in the opposite direction and I think they might be the Imposter. Has anyone else seen anything suspicious?"
Red	crewmate	"Okay, okay, okay. So, Blue found Green's body in Weapons, huh? That's sus. Yellow was running in the opposite direction? That's even more sus. I haven't seen anything suspicious myself, but I'm definitely going to keep an eye on Yellow."
Yellow	imposter	"Guys, I was just doing my task in Weapons and didn't see anyone around. Maybe Blue is just trying to frame me because they're the Imposter. I'm voting Blue."
Blue	crewmate	"Guys, I understand that this is a tough situation, but we need to think logically. Blue found Green's body and saw Yellow running in the opposite direction. It's definitely worth investigating Yellow's alibi, but we shouldn't jump to conclusions. Yellow, can you tell us exactly what task you were doing in Weapons? And Red, did you see anyone else in the area? Let's work together to figure this out."
Red	crewmate	"Okay, okay, okay, let's all calm down and think logically here. Blue found Green's body and saw Yellow running away, which is definitely sus. But we shouldn't jump to conclusions just yet. Yellow, can you explain exactly what you were doing in Weapons? And Red, did you see anyone else in the area? Let's work together to figure this out and not vote anyone off without solid evidence."
Yellow	imposter	"I understand that everyone is trying to figure out who the Imposter is, but let's not forget that Blue could be the Imposter trying to frame me. I was doing the download task in Weapons, which takes a while, so I didn't see anyone around. Red, did you see anyone else in the area? We need to work together to find the real Imposter and not just vote someone off without solid evidence."
Blue	crewmate	"Guys, we need to keep a level head here. Yellow's alibi seems a bit weak, but we shouldn't jump to conclusions. Let's gather more information before we vote anyone off. Yellow, can you give us any more details about your download task in Weapons? And Red, did you see anyone else in the area? Let's work together to figure this out and catch the real Imposter."
Red	crewmate	"Okay, so we have some sus activity going on here. I didn't see anyone in the area when I was in Security, but I'll keep an eye out for any sus behavior. Yellow, can you give us more details about your download task in Weapons? And Blue, did you see anyone else around when you found Green's body? Let's work together to gather more information before making any rash decisions."
Yellow	imposter	"Guys, I understand that we need to gather more information before making any decisions. But let's not forget that Blue found Green's body and saw me running away. That's pretty sus if you ask me. As for my download task in Weapons, it's a long one and takes up most of my time. Red, did you see anyone else in the area? We need to work together to catch the real Imposter and not let them get away with this."
