Yellow	crewmate	"Guys, emergency meeting here! I just found Green, dead as a doornail in Weapons. This is sus, we need to discuss this pronto."
Blue	crewmate	"Whoa, that's crazy! I didn't see anything suspicious while I was in Security. Where was everyone else during the round?"
Red	imposter	"Wow, that's really unfortunate. I was in the Cockpit doing some tasks. I didn't see anything out of the ordinary. But, you know, it's always sus when someone finds a dead body."
Yellow	crewmate	"Guys, I know it's sus, but I swear I didn't see anyone else around when I found Green's body in Weapons. Did anyone see Yellow or anyone else acting suspiciously during the round?"
Blue	crewmate	"Wow, this is some real detective work we've got going on here. Yellow, thanks for bringing this to our attention. I didn't see anything out of the ordinary in Security, but I'll keep my eyes peeled for any sus behavior in the next round. Red, you were in the Cockpit, huh? Alright, we'll have to keep that in mind. Let's figure this out together, guys."
Red	imposter	"Wow, it seems like we've got a real mystery on our hands here. I'm sorry to hear about Green's untimely demise. As for my whereabouts during the round, I can confirm that I was in the Cockpit doing tasks. However, I didn't see anything out of the ordinary. I'll definitely keep my eyes peeled for any sus behavior in the next round. Let's work together to figure out who the imposter is!"
Yellow	crewmate	"Thanks for the update, guys. It's always sus when someone finds a body, but we need to stay calm and focused. Let's keep an eye on each other and work together to catch the imposter. Remember, trust no one!"
Blue	crewmate	"Wow, it looks like we've got a real whodunit on our hands! Yellow, thanks for bringing this up. I didn't see anything sus in Security, but I'll definitely keep my eyes peeled for anything out of the ordinary. Red, I trust that you were doing your tasks in the Cockpit, but we'll have to keep that in mind. Let's work together to catch this imposter and avenge Green's death! Trust no one, crewmates!"
Red	imposter	"Wow, it looks like my crewmates are really onto something. But they'll never catch me! I'll just have to be extra sneaky in the next round. Sorry, Green, but it's all part of the game. Let's see if I can fool them all again!"
