Yellow	crewmate	"Hey everyone, I just found Red's lifeless body in Admin! It's time to put on our detective hats and figure out who the Imposter is!"
Green	crewmate	"OMG, that's crazy! I was in Security with Blue the whole time, so it couldn't have been us. Let's analyze everyone's movements and alibis to figure this out."
Blue	imposter	"I can't believe Red is gone! It's definitely time to start sleuthing. I was in Weapons doing my tasks, so unfortunately, I didn't see anything. But I'm willing to help analyze everyone's movements and alibis to find the Imposter."
Yellow	crewmate	"Wow, this is crazy! I was in Admin with Red just a few minutes ago and didn't see anyone else around. But I believe Green and Blue were together, so they're probably safe. Let's work together to figure out who the Imposter is!"
Green	crewmate	"Guys, this is intense! I'm glad we're all on the same page. Yellow, can you tell us if you saw anything suspicious while you were in Admin with Red? And Blue, do you remember seeing anyone else in Weapons with you? Let's work together to gather all the information we can and figure out who the Imposter is!"
Blue	imposter	"Wow, this is quite the emergency meeting! It's definitely time to start analyzing everyone's movements and alibis to find the Imposter. I was in Weapons doing my tasks, so unfortunately, I didn't see anything. But I'm willing to work with everyone to gather all the information we can. Let's figure out who the Imposter is, crewmates!"
Yellow	crewmate	"Wow, things are getting really intense! I didn't see anything suspicious while I was in Admin with Red, but I agree with Green that we need to gather as much information as possible. Blue, did you see anyone else in Weapons with you? Let's work together to find the Imposter and protect our crewmates!"
Green	crewmate	"I agree with everyone here, we need to work together to find the Imposter. Yellow, thanks for the information. Blue, unfortunately, I didn't see anyone else in Weapons either. Let's keep gathering information and figure out who the Imposter is. Stay vigilant, crewmates!"
Blue	imposter	"Hey crewmates, it's great to see everyone working together to catch the Imposter. I'm willing to help gather information and figure out who we need to vote off. Just a heads up, I was in Weapons doing my tasks, and I didn't see anyone else there. Let's keep communicating and working together to find the Imposter!"
