Red	crewmate	"Hey guys, I just found Green's dead body in Upper Engine! I'm feeling sus of Yellow. They were the last one I saw in the area before I found the body."
Blue	crewmate	"Okay, I was in Storage doing my tasks. I didn't see anything suspicious. But, I trust Red's gut feeling. I'm gonna vote for Yellow."
Yellow	imposter	"I was actually in Medbay doing a scan. I haven't seen anyone else around. But if Red feels sus of me, that's fine. I'm not the Imposter anyways."
Red	crewmate	"Sorry Yellow, but my gut is telling me you're the Imposter. I'm voting for you."
Blue	crewmate	"Wow, this game is getting intense. I didn't see anything suspicious in Storage, but if Red thinks Yellow is sus, we gotta trust their gut. Sorry Yellow, but I'm voting for you too."
Yellow	imposter	"Wow, it seems like Red's gut feeling is really strong this round. I understand why you guys might think I'm sus, but I promise I'm not the Imposter. I was doing my tasks in Medbay and didn't see anyone else around. But if you guys really think it's me, go ahead and vote me out. Just know that you might be making a big mistake."
Red	crewmate	"Oh man, this is a tough one. I know Yellow is saying they're innocent, but something just doesn't feel right to me. I trust my gut on this one, sorry Yellow. Let's get that Imposter out of here!"
Blue	crewmate	"Wow, it's always tough when there's a strong gut feeling against someone. I didn't see anything suspicious myself, but if both Red and Yellow are convinced, I guess we have to trust their instincts. Sorry Yellow, but we'll have to vote you out this round. Better luck next time!"
Yellow	imposter	"GG guys! You got me this time. I was the Imposter all along, sneaking around and trying to blend in. Red, your gut feeling was spot on. Sorry Blue, I couldn't convince you otherwise. Good luck to the rest of you in the next round!"
