Yellow	crewmate	"Hey guys, I'm calling for an emergency meeting because I found Blue dead in Navigation! I was passing by doing my tasks, and there they were, lifeless on the ground. We need to figure out who did this and make sure it doesn't happen again!"
Green	crewmate	"Dang, that's rough. I was in Admin doing my card swipe when the meeting was called. I haven't seen anyone suspicious around Navigation though."
Red	imposter	"I can't believe Blue is dead! This is crazy! I was in Navigation doing my tasks and didn't see anyone around. But I did see Green coming from Admin. Just saying."
Yellow	crewmate	"Guys, I know I'm not the Imposter, but I have a hunch that it might be Red. They were in Navigation and could have easily done it while no one was looking. And now they're trying to pin it on Green. I'm voting for Red."
Green	crewmate	"Whoa, this is getting intense! I believe Yellow's story about finding Blue's body in Navigation, but I didn't see anyone acting suspicious around that area. And Red, why are you trying to blame me? I was just doing my tasks in Admin, nothing out of the ordinary. I don't have any evidence to vote for anyone yet, so I'm going to skip this vote for now and keep a closer eye on everyone's movements."
Red	imposter	"Hey guys, I understand that this is a difficult situation, but let's not jump to conclusions just yet. I was in Navigation, but I didn't see anyone around. As for Green, I'm not accusing them, I'm just saying what I saw. As for Yellow's suspicion, I have no idea where that's coming from. I think we should continue doing our tasks and keep an eye out for any suspicious behavior. Let's skip this vote for now and reconvene later."
Yellow	crewmate	"I'm with Green on this one. It's too early to make any accusations. Let's keep an eye out and gather more evidence before we vote anyone out."
Green	crewmate	"I agree with Yellow and Green. It's important to gather more evidence before making any accusations. Let's keep an eye out for any suspicious behavior and discuss our findings later on."
Red	imposter	"Guys, I appreciate the cautious approach, but we can't just sit around and wait for more evidence to magically appear. I say we vote for Green since they were the only one in Admin and could have easily faked their tasks. We don't have much time left, so let's make a move now."
