Red	crewmate	"Hey guys, I just called this emergency meeting because I found Blue's dead body in Electrical. I was just doing my tasks when I stumbled upon it. Did anyone see anything suspicious around the area?"
Green	crewmate	"I was in Security the whole time and didn't see anything suspicious. I did see Yellow pass by me though, but I don't think they were near Electrical."
Yellow	imposter	"Wow, that's really sus of you, Green. How could you see me pass by but not see anyone near Electrical? I think you're the one who did it."
Red	crewmate	"Okay, hold up Yellow. Don't accuse Green just yet. We need to hear from everyone first. Green, did you see anyone else on the Security cameras?"
Green	crewmate	"Guys, I swear I didn't see anything on the cameras. I was just keeping an eye out for any suspicious movements. But I do have a feeling that Yellow is being a bit too defensive. We should keep an eye on them too."
Yellow	imposter	"I was just doing my tasks in Upper Engine, didn't see anyone around. But Green's story doesn't add up. I think they're trying to throw suspicion on me. Keep an eye on them, guys."
Red	crewmate	"Okay, guys, let's not jump to conclusions just yet. We need to gather more information before accusing anyone. Let's hear from everyone else before we make any decisions. We don't want to vote off an innocent crewmate."
Green	crewmate	"Hey guys, let's not get too heated here. We need to work together to figure out who the Imposter is. Let's keep an eye on Yellow and anyone else who seems suspicious, but let's also keep an open mind and gather more information before we accuse anyone."
Yellow	imposter	"Hey guys, I understand we all want to find the Imposter, but let's not accuse anyone without solid evidence. I was in Upper Engine and didn't see anyone around either. Maybe we should focus on completing tasks and keep an eye out for any suspicious behavior. We can discuss further if we find any concrete evidence. Let's work together, crewmates!"
