Blue	crewmate	"Hey guys, I just found Yellow's dead body in O2. I'm sus of Red because I saw them running away from the area when I found the body. Anyone else saw something suspicious?"
Green	crewmate	"Okay, I didn't see anything suspicious because I was in navigation, but I trust Blue's sus on Red. Let's vote Red off and keep an eye on them next round."
Red	imposter	"I was in electrical fixing the wiring. There's no way I could have been in O2. Blue is just trying to frame me. Don't make a mistake and vote me off, guys!"
Blue	crewmate	"Guys, I understand Red's defense, but I saw them running away from O2. I'm voting Red off. Sorry, Red."
Green	crewmate	"Guys, I'm with Blue on this one. Red's defense seems pretty weak. Let's vote them off and keep our crew safe."
Red	imposter	"Sorry, guys. I tried my best to defend myself, but it looks like my cover has been blown. Good game, everyone!"
Blue	crewmate	"GG everyone! Sorry Red, but the crewmates have spoken. Let's continue on with the game and be on the lookout for any suspicious activity."
Green	crewmate	"Good job, team! We got the Imposter out of here. Let's keep our eyes peeled for any more suspicious behavior."
Red	imposter	"I knew my cover was blown. Good job, crewmates! I'll be back to cause chaos in the next round."
