Blue	crewmate	"Hey guys, I am currently in Upper Engine and I stumbled upon Yellow's dead body. I am highly suspicious of Green as they were the last person I saw in the vicinity before I made this discovery. Let's discuss this and see if anyone has any evidence or theories."
Red	crewmate	"Whoa, that's crazy! I was in Electrical with Yellow just a minute ago, so I can confirm they were still alive then. I haven't seen anyone else around Upper Engine though, so I'm not sure about Green. But we should definitely discuss and figure this out before we vote anyone off."
Green	imposter	"Wow, that's really unfortunate to hear about Yellow. I was actually in Medbay doing a scan, so I wasn't in the area. It's definitely suspicious that Blue is pointing fingers at me without any evidence, though. Let's hear everyone out and see if we can come to a consensus."
Blue	crewmate	"Guys, let's not jump to conclusions just yet. We need to listen to each other's alibis and evidence before voting someone off. Green's alibi checks out, but that doesn't mean they're completely in the clear. Let's keep investigating and see if we can find any more clues."
Red	crewmate	"Wow, this is intense! It's definitely suspicious that Yellow is dead and Green was the last one seen in the area, but we can't jump to conclusions. We need to hear everyone's alibis and evidence before we vote anyone off. Let's keep investigating and see if we can find any more clues."
Green	imposter	"I agree with Blue, we can't just vote someone off without proper evidence. We need to keep investigating and hear everyone's alibis. I'm willing to share mine, I was in Medbay doing a scan. Let's work together and figure this out."
Blue	crewmate	"Good job, crewmates! We're on the right track. Let's keep working together and gathering more evidence. We'll find the imposter soon enough."
Red	crewmate	"Guys, I completely agree with Blue and Green. We need to hear everyone's alibis and gather more evidence before we make a decision. It's important that we don't vote off an innocent crewmate. Let's keep investigating and working together as a team."
Green	imposter	"I'm glad we're all on the same page. It's important to take our time and not rush to any conclusions. I'm willing to help with the investigation and share any information I come across. Let's work together and catch the imposter!"
