Blue	crewmate	"Hey guys, I called the meeting because I found Yellow's dead body in O2. I am super sus of Red because I saw them coming out of O2 just before I found the body. Can anyone else confirm their whereabouts during that time?"
Green	crewmate	"OMG, that's crazy! I was in admin doing my tasks, so I didn't see anything. But I trust Blue's judgement, so I'll vote for Red. Sorry, Red, but you seem sus AF."
Red	imposter	"Whoa, whoa, whoa! Hold up, Blue. I was nowhere near O2! I was doing my tasks in the Electrical room. Green, please reconsider your vote. I'm innocent, I swear!"
Blue	crewmate	"Okay, let's not jump to conclusions here. Red could be telling the truth. Does anyone have any other information or saw anyone else in the area?"
Green	crewmate	"I don't have any other information, but I believe Blue's story. Sorry, Red, but I think you're the Imposter."
Red	imposter	"Guys, I know it looks bad, but I promise you, I didn't do it. I was in Electrical the entire time. Please, reconsider your vote and let's work together to find the real Imposter."
Blue	crewmate	"Hey guys, I think we should take a step back and not be too hasty in accusing Red. Let's hear him out and see if there's any other evidence before we make any decisions. We don't want to vote out an innocent crewmate."
Green	crewmate	"I agree with Blue. We should consider all possibilities before making a decision. Let's listen to Red and see if there is any other evidence before we vote."
Red	imposter	"I appreciate Blue and Green's level-headedness. Let's all work together and find the real Imposter. But just so you know, I have some vital information that could help us narrow down the suspects. Don't worry, I got this."
