Green	crewmate	"Emergency meeting, guys! I found Yellow's lifeless body in the Cockpit. I have a gut feeling that there's an Imposter among us who is behind this heinous act."
Red	crewmate	"Whoa, that's crazy! I was in MedBay the whole time, so I didn't see anything suspicious. But I trust your gut, Green. Let's figure out who did this and vote them off the ship!"
Blue	imposter	"Wow, that's terrible. I can't believe someone would do that. I was in Security doing some tasks, so I didn't see anything either. But we definitely need to find the Imposter and get them out of here before they strike again."
Green	crewmate	"Thanks for backing me up, guys. I didn't see anyone suspicious around the Cockpit either, but we need to vote someone off and fast before the Imposter strikes again. Any suspicions on who it could be?"
Red	crewmate	"Wow, that's crazy! I had nothing to do with Yellow's murder. I was just doing some tasks in MedBay. I agree with Green, we need to vote someone off before the Imposter strikes again. I don't have any suspicions yet, but I'm definitely keeping my eyes peeled."
Blue	imposter	"Wow, this is intense. It's crazy to think that one of us could be the Imposter. I was in Security the whole time, so I didn't see anything suspicious either. I don't have any suspicions yet, but I'm definitely keeping an eye out for any suspicious behavior. Let's work together and figure out who the Imposter is before they strike again."
Green	crewmate	"Wow, this is getting intense. It's tough to figure out who the Imposter could be. I didn't see anyone acting suspiciously around the Cockpit either. But we need to vote someone off before it's too late. Let's keep our eyes peeled and work together to figure this out."
Red	crewmate	"Wow, this game is getting intense! I had nothing to do with Yellow's murder, I was just doing my tasks in MedBay. But we need to vote someone off before the Imposter strikes again. Let's work together and keep an eye out for any suspicious behavior. We can do this, team!"
Blue	imposter	"Wow, this game is really heating up! It's crazy to think that one of us is the Imposter. As for me, I was in Security the whole time, so I didn't see anything suspicious. But I agree with everyone else that we need to vote someone off before the Imposter strikes again. Let's work together and keep an eye out for any suspicious behavior. We got this, team!"
