Blue	crewmate	"Hey crewmates, I'm calling this meeting because I found Red's dead body in Reactor. I didn't see anyone around, but I wanted to report this and see if anyone had any information about what happened."
Yellow	crewmate	"Oh my god, that's insane! I was in Upper Engine doing my tasks, so I didn't see anything. Did anyone see anyone else around Reactor?"
Green	imposter	"Wow, that's a bummer! I was in Communications trying to fix some wires. I didn't see anyone around either. But let's get to the bottom of this, guys. Who do we suspect?"
Blue	crewmate	"Guys, I swear I didn't see anyone around Reactor when I found Red's dead body. I was just doing my own tasks. But we need to figure out who could have done this. Does anyone have any suspicions or any information that might help us?"
Yellow	crewmate	"Wow, this is crazy! I had no clue that Red was dead. But I can vouch for Green because I saw them in Communications when I was doing my tasks in Upper Engine. I don't have any suspicions yet, but we should definitely keep an eye on anyone acting suspicious."
Green	imposter	"Wow, what a crazy turn of events. I had no idea Red was dead. As for me, I was in Communications fixing some wires. And thank you, Yellow, for vouching for me. I don't have any suspicions yet, but I agree with Blue that we need to figure out who could have done this. Let's keep an eye on anyone acting suspicious."
Blue	crewmate	"Wow, this is intense! It's good to hear that Green and Yellow were both doing tasks in different locations. As for me, I was just minding my own business in Reactor when I stumbled upon Red's body. I don't have any suspects yet, but I agree that we need to be on the lookout for anyone acting strange. Let's work together and figure this out!"
Yellow	crewmate	"Wow, this is really intense! It's good to hear that Green and I were in different locations, so we can vouch for each other. I don't have any suspicions yet, but I agree with everyone that we need to be on the lookout for anyone acting suspicious. Let's work together and figure this out, guys!"
Green	imposter	"Wow, this is definitely intense. I had no idea Red was dead. I was in Communications doing my tasks, but I didn't see anyone else in there with me. It's good to hear that Yellow can vouch for me, though. I don't have any suspicions yet, but I agree with Blue that we need to watch out for anyone acting suspicious. Let's stick together and figure this out, guys!"
