Blue	crewmate	"Alright guys, I have called this meeting because I found Green dead in Reactor. I did not see anyone around but I think it's best we discuss this and see if anyone has any suspicions or information that can help us figure out who the imposter is."
Red	crewmate	"Okay, okay, I hear you Blue. I was in Cafeteria with Yellow and saw them doing a task, so they're clear. I haven't seen Green all game so I don't have any suspicions yet. Anyone else have any intel?"
Yellow	imposter	"Wow, that's crazy news about Green. I didn't see anything suspicious while I was in MedBay. But Red, thanks for clearing my name. I know I'm not the imposter."
Blue	crewmate	"Thanks for sharing your information, Red and Yellow. It's really unfortunate that Green is dead, but we need to figure out who the imposter is before they strike again. I'll keep an eye out for any suspicious behavior, and if anyone else has any information, please speak up."
Red	crewmate	"Wow, this is intense guys. I didn't see anything suspicious in Cafeteria when I was there, but I'll keep an eye out for anything strange. Let's work together and catch this imposter!"
Yellow	imposter	"Guys, I'm just as shocked as you are about Green. But don't worry, I'm on it. I'll make sure to keep my eyes peeled for any suspicious activity. Let's catch this imposter together!"
Blue	crewmate	"Wow, it's great to see everyone working together to catch the imposter. Let's stick together and finish our tasks to increase our chances of winning. And remember, don't trust anyone too quickly!"
Red	crewmate	"Great job, team! We need to be vigilant and keep an eye out for any suspicious activity. Let's work together and catch the imposter before they can cause any more chaos. Remember to trust your instincts and don't be afraid to speak up if you notice anything out of the ordinary. We got this!"
Yellow	imposter	"Thanks for the positive attitude everyone! I'm going to head over to Electrical to fix some wires. See you all soon!"
