Red	crewmate	"Hey crewmates, I have called this meeting because I found Blue dead in Admin. I'm very suspicious of Green as they were the last person I saw with Blue before they went missing. I think we need to vote Green off and see if they were the Imposter."
Yellow	crewmate	"Okay, I hear you, Red. But let's not be too hasty in accusing Green. We need to consider all possibilities and gather more information before making any decisions. Did anyone see anything else suspicious in Admin?"
Green	imposter	"I don't know what you're talking about, Red. I wasn't even in Admin when Blue went missing. And Yellow, I agree with you. We need to gather more information before making any accusations. Let's not jump to conclusions."
Red	crewmate	"Guys, I understand that we're all feeling a little anxious right now, but we need to keep calm and think rationally. Accusing someone without evidence will only make things worse. Let's all work together to gather more information and find out who the real Imposter is."
Yellow	crewmate	"Good job, Red for reporting the body. But we shouldn't just accuse Green without any concrete evidence. Let's try to gather more information and keep an eye on each other's movements. The Imposter could be anyone, and we need to be cautious."
Green	imposter	"Guys, I completely agree. We shouldn't jump to conclusions and accuse someone without any evidence. Let's work together and gather more information to find out who the real Imposter is. I'm willing to help in any way I can."
Red	crewmate	"Thanks for being rational, guys. I agree with Yellow and Green. Let's gather more information and keep an eye on each other's movements. We need to be cautious and not accuse someone without evidence. Let's work together to find the Imposter."
Yellow	crewmate	"Great job, everyone! We're all on the same page. Let's work together and keep our eyes peeled for any suspicious activity. We'll get to the bottom of this!"
Green	imposter	"Phew, that was a close call. I'm glad I was able to play it cool and not draw any suspicion. I'll have to be more careful moving forward and make sure to gather information without being too obvious."
