Blue	crewmate	"Guys, I'm calling a meeting 'cause I just found Yellow's dead body in Cargo Bay! This is not good! We need to figure out who did this before they strike again!"
Red	crewmate	"OMG, that's terrible news! I was in Electrical fixing the wiring when the emergency meeting was called. Do we have any leads or suspicions? We need to catch the Imposter before they take out another one of us!"
Green	imposter	"Wow, that's crazy! I can't believe Yellow's gone. I was in Security the whole time, so I didn't see anything. But we can't let this Imposter keep getting away with this. We need to start voting and figure out who's the real sus one here."
Blue	crewmate	"Guys, I'm just as shocked as you are! I didn't see anything suspicious in Cargo Bay when I was there. But we can't just sit here and let the Imposter win. We need to start discussing and sharing any information that we have. Let's catch this Imposter and avenge Yellow's death!"
Red	crewmate	"Wow, this is intense! It's scary to think that the Imposter is still among us. I didn't see anything suspicious in Electrical, but I'm willing to share any information I have to help catch the Imposter. Let's work together and vote wisely."
Green	imposter	"I agree with you all, we can't let this Imposter win. I didn't see anything in Security, but I'm definitely sus of Red. They were the only one near Electrical and could have easily vented out. We should vote them off and see if it stops the killings."
Blue	crewmate	"Guys, I think we need to be careful before we start accusing anyone. We don't want to vote off an innocent crewmate and give the Imposter an advantage. Let's hear everyone out and try to piece together any clues we have. We can catch the Imposter if we work together and stay alert."
Red	crewmate	"Wow, this is getting intense! I agree with Blue that we should be careful before accusing anyone. Let's make sure we have solid evidence before voting anyone off. I didn't see anything suspicious in Electrical, but I'm willing to listen to everyone's theories and share any information I have. Let's work together and catch this Imposter!"
Green	imposter	"Wow, this is a tough one. It seems like we all have different opinions on who the Imposter could be. As for me, I didn't see anything suspicious in Security and I'm still trying to piece together clues. But I agree with Blue that we should be careful before accusing anyone. Let's work together and share any information we have. We can catch this Imposter if we stay alert and vote wisely."
