Green	crewmate	"Hey guys, I just called this meeting because I found Red's dead body in Storage! I'm not the Imposter so I didn't see who did it. However, I saw Yellow leaving the area right before I found the body. What do you all think? Is there any other information we can gather to figure out who the Imposter is?"
Blue	crewmate	"Whoa, that's a big accusation, Green! I didn't see Yellow around Upper Engine when I was there, so I'm not sure if that's a reliable lead. Do we have any other information, like where were Blue and I when the body was found?"
Yellow	imposter	"I was in Electrical when the body was found, so I didn't see anything. But I do remember seeing Blue in Cafeteria earlier. Maybe they can confirm where they were after that?"
Green	crewmate	"I understand your point, Blue, but I'm pretty sure it was Yellow. I saw them leaving the area and they were acting a bit suspicious. Maybe we can ask Red and Green where they were before they died?"
Blue	crewmate	"I agree with Blue, Green's accusation seems a bit rushed. We should gather more information before making any conclusions. Yellow's whereabouts seem to be confirmed, so we should focus on where Blue and I were during the time of the crime. Let's not jump to conclusions and make sure we have all the facts before voting anyone off."
Yellow	imposter	"I agree with Blue, we shouldn't be too quick to vote anyone off. Let's gather more information and make sure we have all the facts before making any decisions. As for my whereabouts, I was in Electrical when the body was found, just like I said earlier. Maybe Blue can confirm where they were after being in Cafeteria?"
Green	crewmate	"I agree with Blue and Yellow. It's important to gather more information and not rush to any conclusions. Let's try to confirm where everyone was during the time of the crime before we make any decisions."
Blue	crewmate	"I completely agree with Green, Yellow, and myself. It's crucial to gather all the information and not to jump to any conclusions. Let's try to confirm everyone's whereabouts during the time of the crime before making any decisions."
Yellow	imposter	"I'm trying my best to blend in and play it cool, but it looks like my fellow crewmates are onto me. I need to be careful and make sure I don't slip up. I'll try to divert their attention away from me and onto someone else. Let's see how this plays out."
