Red	crewmate	"Hey guys, I just found Yellow's dead body in Communications. We gotta figure out who the imposter is and vote them out before they eliminate all of us."
Green	crewmate	"Okay, let's discuss who was in that area at the time of the kill. I was in MedBay doing my tasks, where were you guys?"
Blue	imposter	"I was in Security fixing the wiring. I didn't see anyone around the vicinity when the kill happened. But I saw Red in the area a few moments before the body was reported."
Red	crewmate	"Wait, what? I was in Communications just a moment ago, but I didn't see any dead body. I was trying to fix the wires there. I didn't see anyone else in the room though. But I'm sure I didn't kill Yellow, I was just doing my task!"
Green	crewmate	"Sounds like we need to keep an eye on Red. They were the last one to see Yellow and they were in the area. But we need to be careful not to vote off an innocent crewmate. Let's keep investigating before we make any decisions."
Blue	imposter	"I agree with Green. It's suspicious that Red was in the area and didn't see the dead body, but we need to be careful not to accuse an innocent crewmate. Let's keep investigating and see if we can gather more information before making any decisions."
Red	crewmate	"Guys, I swear I didn't see anything in Communications. I was just doing my task. Let's investigate more before we accuse someone."
Green	crewmate	"Seems like we're all on the same page here. Let's try to gather more information and keep an eye on Red, but let's not jump to any conclusions just yet. Remember, we don't want to accidentally vote off an innocent crewmate!"
Blue	imposter	"I'm trying to play it cool and act innocent, but I know I need to be careful. Green and Red seem to be onto me, so I need to be cautious in my movements and try to throw them off my trail. I'll keep an eye on the situation and see if I can use it to my advantage later on."
