Yellow	crewmate	"Hey guys, I called this meeting because I just found Blue's dead body in Admin. I didn't see anyone else around, but I did see Green walking away from the area a little while ago. I'm not saying Green is definitely the Imposter, but it seems a little suspicious to me."
Red	crewmate	"Okay, that's really sus. Green, where were you exactly when Yellow saw you?"
Green	imposter	"Uh, I was just doing some tasks in Admin, you know, swiping my card and stuff. I didn't see anyone else around either, so I'm just as surprised as you guys are. But I definitely didn't see Blue's dead body or anything like that."
Yellow	crewmate	"I know I didn't see Green kill Blue, but it's definitely sus that he was the last one in the area before the body was found. I'm willing to skip this vote if we don't have enough evidence, but I'm keeping my eye on you, Green."
Red	crewmate	"Yellow, good job on reporting the body. It's definitely sus that Green was the last one in the area before the body was found, but we don't have enough evidence to vote him off yet. Let's skip this vote and keep an eye on Green for now."
Green	imposter	"I was just doing my tasks in Admin, like I said before. I didn't see anyone else around and I definitely didn't see Blue's dead body. I understand why you guys might be suspicious, but I swear it wasn't me. Let's skip this vote and keep playing, crewmates."
Yellow	crewmate	"Seems like we're all on the same page here. Let's keep an eye on Green and make sure to finish our tasks. We can always call another emergency meeting if we gather more information."
Red	crewmate	"Great job, Yellow. It's important to keep an eye on all the players and gather more information before making a decision. Let's continue to focus on finishing our tasks and keep an eye on Green. We'll call another emergency meeting if we have more evidence."
Green	imposter	"Guys, I appreciate your concerns, but I swear I didn't do it. I understand why you might be suspicious, but I was just doing my tasks in Admin. Let's skip this vote and continue playing. I'll make sure to finish my tasks and prove my innocence."
