Blue	crewmate	"Guys, we've got an emergency! I discovered Green's body in MedBay! The Imposter must be among us. We need to discuss and take action, lest we lose more innocent crewmates."
Yellow	crewmate	"Whoa, that's crazy! I was in O2 with Red and I didn't see anything suspicious. We need to figure out who was in MedBay and find some evidence before we vote anyone out."
Red	imposter	"Wow, that's really unfortunate. I didn't see anything either. It's a shame that Green had to go out like that. We definitely need to gather more information before making any accusations. Let's keep an eye out for anyone acting suspiciously." *tries to act innocent*
Blue	crewmate	"Guys, I understand that we need more information, but we can't just sit around and wait for the Imposter to strike again. We need to start looking at each other's alibis and movements. I was in MedBay with Green, but I didn't see anyone else there. We need to act fast before it's too late."
Yellow	crewmate	"Wow, this is intense! I didn't see anything in O2 with Red, so I can't confirm anything about Green's death. But I agree with Blue, we need to start investigating and looking at everyone's movements. We can't let the Imposter get away with this."
Red	imposter	"Guys, I understand your concerns but we have to be careful not to make any hasty accusations. We don't want to vote off an innocent crewmate. I agree with Yellow, let's try to gather more information and keep an eye on each other's movements. We can catch the Imposter if we work together."
Blue	crewmate	"Okay crewmates, let's focus on gathering information and not jumping to conclusions. We can't afford to vote off an innocent crewmate. Let's keep an eye on each other's movements and alibis. I trust that we can catch the Imposter if we work together and stay vigilant."
Yellow	crewmate	"Guys, I think we're on the right track. We need to keep a close eye on each other's movements and gather more information. Let's work together and catch the Imposter!"
Red	imposter	"Wow, you guys are really on top of things! It's great to see everyone working together to catch the Imposter. I agree with Red that we should be careful not to vote off an innocent crewmate. Let's keep an eye on each other's movements and gather more information before making any accusations. We got this, crewmates!"
