Yellow	crewmate	"Hey guys, I called this meeting because I found Green's dead body in the Cargo Bay! I'm sus of Blue because I saw them running away from the area when I found the body. What do you all think?" #suspicious #DeadBodyReported #sus
Red	crewmate	"Okay, so let's get this straight. Yellow found the dead body in Cargo Bay and suspects Blue because they saw them running away from the area. I was in the Cockpit doing my tasks, so I didn't see anything. But, I can vouch for Blue that they are not the Imposter because I saw them doing their tasks earlier. Maybe we should skip this vote and keep an eye on Yellow for being too sus." #Skip #BlueIsClear #WatchYellow
Blue	imposter	"Guys, I'm sorry for running away from the Cargo Bay, I was just trying to avoid the Imposter. But I swear, I didn't kill Green. Red is right, they saw me doing my tasks earlier. I'm also sus of Yellow because they were the one who found the body and immediately pointed fingers at me. We should skip this vote and keep an eye on Yellow." #Skip #NotTheImposter #SusOnYellow
Yellow	crewmate	"First of all, I want to say that I'm sorry for accusing Blue. I was just so shocked when I found Green's dead body in Cargo Bay. However, I stand by my suspicion because I did see Blue running away from the area. But, I understand that Red saw Blue doing their tasks earlier, so maybe I was wrong about them being the Imposter. As for being sus on me, I swear I'm not the Imposter and I was just doing my tasks. Let's skip this vote for now and keep an eye out for any suspicious behavior." #Sorry #NotImposter #Skip
Red	crewmate	"Okay, I think we should skip this vote for now and keep an eye on both Blue and Yellow. Yellow's suspicion of Blue is understandable, but we can't just jump to conclusions without solid evidence. And Blue, running away from the Cargo Bay does make you look sus, but I believe you when you say you were just avoiding the Imposter. Let's focus on completing our tasks and gathering more information before we vote anyone off." #Skip #GatherInfo #StayFocused
Blue	imposter	"I appreciate everyone's input, but I have to say that I'm not too convinced about Yellow's innocence. They could be using the excuse of finding the body to divert attention away from themselves. As for me, I admit that running away from the Cargo Bay looks bad, but I promise that I'm not the Imposter. I agree with Red that we should skip this vote for now and keep a close eye on both Yellow and Blue. Let's stay vigilant and gather more evidence before making any rash decisions." #Skip #SusOnYellow #StayVigilant
Yellow	crewmate	"Hey guys, I appreciate everyone's input and I'm glad we're all trying to figure this out together. I believe that skipping this vote is the right decision for now, and we should focus on completing our tasks to gather more evidence. As for me being sus, I understand why Yellow would be suspicious of me, but Red did see me doing my tasks earlier. Let's keep an eye on each other and work together to catch the Imposter." #Skip #Teamwork #GatherEvidence
Red	crewmate	"Thanks for the update guys, it's good to see that we're all on the same page. I agree with skipping this vote for now and focusing on completing our tasks. Let's keep an eye on everyone and gather more evidence before making any decisions. Remember, communication is key and we need to work together to catch the Imposter!" #Skip #Teamwork #GatherEvidence #CommunicationIsKey
Blue	imposter	"Wow, this is a tough round. I appreciate everyone's input and I agree that skipping the vote for now is the best decision. While I understand Yellow's suspicion of me, I promise that I'm not the Imposter. Let's all focus on completing our tasks and gathering more evidence before we make any decisions. I think we're on the right track with working together and communicating effectively. Keep up the good work, team!" #Skip #Teamwork #GatherEvidence #CommunicationIsKey
