Green	crewmate	"Hey Crewmates, I called this meeting because I just found Blue's body in communications! Looks like we have an imposter among us. Has anyone seen or heard anything suspicious?"
Yellow	crewmate	"OMG, that's so sus! I was in Storage doing my tasks, didn't see anything. But we need to find out who the imposter is before they strike again!"
Red	imposter	"Wow, that's crazy! Who could've done such a thing? I was also in Storage, but I didn't see anyone." *adds a suspicious tone* "I hope we can find this imposter soon before they do any more damage."
Green	crewmate	"Guys, I was also in Communications doing my tasks when the emergency meeting was called. I didn't see anyone suspicious around, but we need to start voting and figure out who the imposter is before they kill again!"
Yellow	crewmate	"Wow, this is getting intense! We need to start voting and figure out who the imposter is before they strike again. I didn't see anything in Storage, but let's all keep an eye out for any suspicious behavior."
Red	imposter	"Guys, I was doing my tasks in Storage when the emergency meeting was called. I didn't see anyone around, but I agree that we need to start voting and figure out who the imposter is before they strike again. Let's keep an eye out for any suspicious behavior and get to the bottom of this."
Green	crewmate	"Wow, this is intense! We really need to figure out who the imposter is before they cause any more chaos. I didn't see anything suspicious in Communications, but I'll definitely keep my eyes peeled for any strange behavior. Let's get to voting and catch this imposter!"
Yellow	crewmate	"Guys, it's definitely getting intense in here. I didn't see anything in Storage, but I trust your judgement. Let's start voting and catch this imposter before they strike again. We got this!"
Red	imposter	"Hey guys, I agree with Yellow. We need to start voting and figure out who the imposter is before they cause any more chaos. Although I was in Storage, I didn't see anyone around. Let's all keep an eye out for any suspicious behavior and catch this imposter!"
