Blue	crewmate	"Hey guys, I had to call this meeting because I discovered Green's dead body in Cargo Bay. I didn't see who did it, but I have a strong suspicion that Yellow might be the Imposter. Any thoughts or ideas?"
Red	crewmate	"I was in MedBay doing a scan, so I didn't see anything suspicious. But I trust Blue's instinct about Yellow. Let's keep an eye on them."
Yellow	imposter	"Wow, that's really unfortunate. I was on the other side of the map in Electrical. I haven't seen anyone around the Cargo Bay area. But I understand why Blue might suspect me. However, I think it's a bit too early to make a call based on just suspicion. Let's gather some more evidence before we start pointing fingers."
Blue	crewmate	"Thanks for sharing your alibis, Red and Yellow. I agree with Yellow that we shouldn't jump to conclusions just yet. Let's continue to gather information and keep an eye on each other. Stay vigilant, crewmates!"
Red	crewmate	"Wow, that's a tough situation. It's really sad that Green got killed. I was in MedBay doing a scan, so I couldn't have seen anything suspicious. But I trust Blue's instincts about Yellow. Let's keep an eye on them and gather more evidence before making any conclusions. Stay alert, crewmates!"
Yellow	imposter	"I agree with Blue and myself, we shouldn't be too quick to point fingers. It's important to gather more evidence before making any conclusions. Let's keep an eye on each other and stay vigilant, crewmates."
Blue	crewmate	"Great job, crewmates! We're doing a good job of keeping our cool and working together to gather information. Let's continue to be thorough and keep our eyes peeled for any suspicious behavior. We'll catch that Imposter in no time!"
Red	crewmate	"Good job, crewmates! We're doing great so far. Let's continue to work together and gather more evidence. Remember to be vigilant and keep an eye out for any suspicious activity. We'll find that Imposter soon enough!"
Yellow	imposter	"I'm glad that everyone is taking this seriously and working together to find the Imposter. It's important to keep a level head and not jump to conclusions too quickly. Let's keep gathering evidence and figuring out who the real culprit is. Good luck, crewmates!"
