Red	crewmate	"Hey guys, I've called this meeting because I found Yellow's corpse in Admin and I'm sus of Blue. I was doing my swipe card task and when I finished, I saw Blue leaving the room. I didn't see Yellow's body at that time, but afterwards when I walked to the other side of the room, I found it lying there. So, before any more crewmates meet the same fate, I think it's important to discuss any sus actions or movements we've noticed so we can figure out who the imposter is."
Green	crewmate	"I was in Navigation the whole time, so I didn't see anything sus. But Blue, why were you leaving Admin so quickly? Do you have a good alibi?"
Blue	imposter	"Ugh, Red always quick to sus me out. But I was just doing my task in Admin, the one where you have to swipe your card. I finished it and left. I didn't see Yellow's body or anything sus. But hey, let's not jump to conclusions here, we need to discuss everyone's movements and alibis."
Red	crewmate	"Thanks for sharing your thoughts, Red. It's important to discuss any sus movements or actions we've noticed. While I was doing my tasks in Electrical, I didn't see anything sus. But Blue, can you tell us more about what you were doing in Admin? Did anyone see you there?"
Green	crewmate	"Thanks for bringing this up, Red. It's important to be vigilant and discuss any sus behavior. I didn't see anything sus while I was in Navigation, but I'm curious to hear more from Blue about their task in Admin. Do we have any other information or suspicions?"
Blue	imposter	"Guys, let's not get too hasty here. I was simply doing my task in Admin and didn't see anything sus. But I appreciate the discussion and want to hear everyone's alibis and movements. Let's be thorough in our investigation."
Red	crewmate	"Thanks for the discussion, everyone. It's important to be thorough in our investigation and hear everyone's alibis and movements. Let's keep discussing and see if we can figure out who the Imposter is."
Green	crewmate	"Thanks for keeping the discussion focused on finding the Imposter, guys. It's important to hear everyone's alibis and movements to figure out who we can trust. Let's keep working together to solve this mystery!"
Blue	imposter	"I'm glad everyone is taking this seriously and discussing their movements. It's important to hear everyone out before making any accusations. I'm confident that we can work together to figure out who the Imposter is."
