Green	crewmate	"Yo guys, I just found Blue's dead body in Electrical! This is sus, we need to figure out who did this!"
Yellow	crewmate	"OMG, that's so sus! Did anyone see anyone else around that area?"
Red	imposter	"Wow, that's really sus. I was in Shields doing my tasks. Did anyone see Red around Electrical?"
Green	crewmate	"Guys, I was in Electrical doing my tasks, and I didn't see anyone around. But I did see Red running towards Shields when I left Electrical. That's kinda sus to me."
Yellow	crewmate	"Wow, this is getting really sus. Green, did you see anyone else around when you left Electrical? It's possible that the imposter vented out of there."
Red	imposter	"I don't know what you guys are talking about. I was in Shields the whole time and didn't see anyone else around. Maybe Green is just trying to frame me. That's pretty sus if you ask me."
Green	crewmate	"Okay, I understand everyone's concern, but I can confirm that I did not see anyone else in Electrical besides myself. I didn't see anyone vent out either. But, Red's sudden accusation towards me seems pretty sus to me. I'm still not sure who the imposter is, but we need to keep an eye on Red."
Yellow	crewmate	"Okay, this is getting really intense guys. I trust Green's word, but we can't completely rule out the possibility of Red being the imposter. Let's keep an eye on both of them and try to gather more evidence before making a decision."
Red	imposter	"I don't know what you guys are talking about. I was just doing my tasks in Shields. It's not me. Keep an eye on Green, they're acting pretty sus right now."
