Yellow	crewmate	"Hey guys, I'm calling this meeting because I found Green's dead body in Weapons. I don't have any concrete evidence, but I'm sus of Red. I saw them venting earlier and they've been acting pretty sus this whole round. I think we should all vote Red and see what happens."
Blue	crewmate	"Yo, hold up! Let's not be too hasty here. Yellow, where were you before you found the body? And Red, do you have any alibi or explanation for your sus behavior? We don't want to vote someone off without solid evidence."
Red	imposter	"Whoa, whoa, whoa, hold up. Yellow just found the body and has no evidence on me except for some vents? Come on, that's not enough to vote me off. And Blue makes a great point, we need more information before we start voting people out. Let's not jump to conclusions here."
Yellow	crewmate	"Okay, I get it. I don't have any hard evidence on Red, but their behavior has been sus. And to answer your question, Blue, I was doing tasks in Navigation before I found the body in Weapons. I think we should keep an eye on Red and see if they slip up. But I understand if we need more information before making a final decision."
Blue	crewmate	"Guys, we need to be careful here. Accusing someone without concrete evidence can lead to innocent crewmates getting voted off. Let's try to gather more information and keep an eye on Red, but let's not make any hasty decisions."
Red	imposter	"Hey, Blue makes a solid point. Accusing someone without solid evidence is not fair. Yellow, thanks for the information but keep an eye on Red? What kind of sus behavior are you talking about? Let's not jump to conclusions here, guys. We still have a lot of time left to figure this out. Let's try to gather more information before making any decisions."
Yellow	crewmate	"I agree with Blue that we need to be careful and not jump to conclusions. However, I also think we should keep an eye on Red as their behavior has been sus. I don't have concrete evidence, but I think it's worth gathering more information before making any decisions."
Blue	crewmate	"Hey guys, I think it's important that we keep an open mind and gather more information before making any decisions. Let's focus on completing tasks and keeping an eye out for any suspicious behavior. We can discuss further if we find any solid evidence."
Red	imposter	"Wow, Blue and Yellow sure are being cautious. But I'm not worried, I'm a pro at this game. I'll just keep playing it cool and finish up my tasks. They'll never suspect a thing."
