Green	crewmate	"Hey guys, I called this meeting because I found Yellow's body in Upper Engine. I didn't see anyone else around, but I wanted to bring this to everyone's attention before anyone else gets taken out. Does anyone have any information on who could've done this?"
Red	crewmate	"Whoa, that's wild! I was in Cockpit doing my tasks, so I didn't see anything out of the ordinary. I'm sus of Blue though, they were acting super weird in Electrical earlier."
Blue	imposter	"I can't believe someone took out Yellow! That's terrible news. I was in Communications the whole time, didn't see anything suspicious. And Red, what do you mean I was acting weird in Electrical? I was doing my tasks just like everyone else."
Green	crewmate	"Guys, I know I was in Upper Engine when I found Yellow's body, but I didn't see anyone else around. I'm not really sus of anyone yet, but I think we should keep an eye on Blue since Red mentioned them acting weird in Electrical."
Red	crewmate	"I'm honestly not sure who could've done it, but I trust Green's instincts. Let's keep an eye on Blue for now and see if anyone else has any information."
Blue	imposter	"I don't know what you guys are talking about, I was just minding my own business in Communications. But if you want to keep an eye on me, go ahead. I'll prove my innocence soon enough."
Green	crewmate	"Hey guys, I think we should also consider the possibility of self-report from Blue. It's suspicious how they immediately tried to divert attention from themselves. Let's keep an eye on them, but also not forget to keep an open mind about other potential suspects."
Red	crewmate	"Okay, so it seems like we don't have any concrete evidence yet, but I think we're on the right track. Let's keep an eye on Blue and see if they slip up. And Green, good call on considering the possibility of a self-report. Let's not rule out any possibilities just yet."
Blue	imposter	"Wow, it seems like everyone is pointing fingers at me! But I promise you guys, I was just doing my tasks in Communications. I think we should also keep an eye on Green, they seem a little too eager to accuse me. And Red, I understand that you trust Green's instincts, but let's not forget that they could be the other Imposter trying to throw us off their trail. Let's keep investigating and not jump to conclusions too quickly."
