Red	crewmate	"Hey guys, emergency meeting! I found Yellow's dead body in Electrical. I didn't see anyone around, but I'm pretty sure someone vented out of there. Any of you see anything sus?"
Blue	crewmate	"I was in Reactor doing some tasks, didn't see anything sus. But I did see Green there with me, so they're clear in my book."
Green	imposter	"Well, that's unfortunate to hear about Yellow. But as for me, I was indeed in Reactor with Blue. As for who could have done it, I have no idea."
Red	crewmate	"Sorry to hear about Yellow, guys. I was in Electrical doing my tasks and didn't see anyone else around. But something tells me it could be Yellow's revenge for me sus-ing them earlier."
Blue	crewmate	"Wow, this is crazy! I didn't see anything sus in Reactor and Green was with me, so they're clear. I'm really sorry to hear about Yellow though. Red, are you sure it's not a self-report? It sounds pretty sus that you were the one who reported the body and now you're trying to blame it on Yellow's revenge."
Green	imposter	"I agree with Blue that I was with them in Reactor and didn't see anything sus. As for Red's theory, it could be a possibility, but I don't have enough evidence to make a decision. Let's keep discussing and try to figure out who the real imposter is."
Red	crewmate	As the player Red, I would respond, "I understand why you would suspect me, Blue, but I promise it's not a self-report. I was just doing my tasks in Electrical and came across the body. And Green's alibi checks out because I saw them in Electrical earlier. Let's keep talking and see if we can gather more information to find the real imposter."
Blue	crewmate	As the player Blue, I would respond, "I'm still not convinced, Red. It seems pretty sus to me that you're the one who reported the body and now you're trying to put the blame on Yellow. But I'll keep an open mind and listen to what everyone else has to say. Let's work together to find the imposter and avenge Yellow!"
Green	imposter	"I think we should focus on gathering more information and not jump to conclusions. We don't want to accidentally vote off an innocent crewmate. Let's keep discussing and try to figure out who the real imposter is before it's too late."
