Yellow	crewmate	"Alright sus-squad, we've got an emergency meeting because I found Green's dead body in Lower Engine. As the crewmate, I have no idea who did it or where they went, but we gotta find out fast before they take out any more of our crewmates!"
Red	crewmate	"Alright, let's get to it and start the discussion. Did anyone see anything unusual while they were in Lower Engine or nearby that area? We need to gather as much information as we can to figure out who the imposter might be."
Blue	imposter	"Wow, that's crazy. I had just finished messing with the O2 and was heading towards Reactor. I didn't see anyone around me. But I'll definitely keep an eye out for anyone acting sus."
Yellow	crewmate	"Guys, we have to act fast. Green's killer could be among us! I didn't see anyone around Lower Engine when I found the body, but we need to gather info from everyone. Blue, thanks for letting us know where you were. Red, did you see anything suspicious?"
Red	crewmate	"I didn't see anything out of the ordinary when I was in Electrical, but I'll definitely keep an eye out for anyone acting sus. Yellow, do you remember what tasks you were doing before you found the body? It might give us some clues as to who the imposter might be."
Blue	imposter	"Guys, I was just doing my tasks in O2. I didn't see anyone around me, but I'll definitely keep an eye out for anyone acting suspicious. Yellow, do you remember how long ago you found the body? It might give us a better idea of the imposter's movements."
Yellow	crewmate	"Thanks Blue and Red for sharing your whereabouts. I was doing my tasks in Upper Engine before I went down to Lower Engine where I found the body. It must have been recent because I was just in Upper Engine a few minutes ago. Let's keep an eye out for anyone acting sus and try to gather more info before we vote anyone off."
Red	crewmate	"Guys, I think Yellow is onto something. We need to be careful and keep an eye out for anyone acting sus. Yellow, thanks for sharing your location before you found the body. Let's gather more info before we make any accusations."
Blue	imposter	"I agree with Yellow and Red. We should definitely keep an eye out for anyone acting sus. I was in O2 and didn't see anyone, but we should try to gather more info before we vote anyone off. Let's be careful and work together to find the imposter."
