Green	crewmate	"Guys, guys, listen up! I found Red's lifeless body in Upper Engine. It's definitely not a self-report because I'm Green and I was with Blue in Electrical when the body was found. I saw no one suspicious on my way to Upper Engine. Did anyone see anything or have any leads?"
Yellow	crewmate	"Okay, I believe you, Green. I was in O2 doing my tasks and didn't see anything suspicious. Maybe someone vented? We need to figure out where everyone was during the time of the murder."
Blue	imposter	"Wow, that's a tough one. I was heading to Navigation from Storage, but I didn't see anyone on the way. Maybe someone vented like Yellow said. We definitely need to keep an eye out for any suspicious behavior."
Green	crewmate	"Thanks for believing me, Yellow. Let's figure out who did this. Blue, did you see anyone else in Navigation when you got there? We need to narrow down the suspects."
Yellow	crewmate	"I agree with Green, we need to figure out who did this. It seems like someone might have vented, but we can't be sure yet. Let's keep our eyes peeled for any suspicious behavior and try to gather more information."
Blue	imposter	"I totally agree with you guys. It seems like someone might have vented. I was in Storage when the murder happened, so I didn't see anything suspicious. Let's keep our eyes peeled for any clues and try to gather more information. We can definitely find the imposter if we work together."
Green	crewmate	"Good teamwork, crewmates! We need to stick together and find the imposter. Let's keep an eye out for any suspicious behavior and gather more information to narrow down our suspects. We can do this!"
Yellow	crewmate	"I'm glad my crewmates are on the same page. Working together is the only way we can catch the imposter. Let's keep an eye out for any suspicious behavior and gather all the information we can to find the culprit."
Blue	imposter	"Wow, my fellow crewmates are really onto something! It seems like everyone is making a great effort to catch the imposter. I'll make sure to keep up with their game plan and try to blend in as much as possible. They won't suspect a thing."
