Red	crewmate	"Hey guys, I just found Blue lying on the ground dead in Security. I was doing my tasks in Electrical and decided to check the cameras when I saw Blue's lifeless body. We need to figure out who did this and fast before they strike again!"
Green	crewmate	"Oh no, that's terrible! I was in Cargo Bay doing my tasks, but I didn't see anyone around there. We need to start investigating and find out who the Imposter is before they take out any more of us."
Yellow	imposter	"Wow, that's crazy! I was in Cafeteria the whole time, just getting some food. I didn't see anything suspicious, but we definitely need to start investigating. I'm down to help catch the Imposter before they strike again."
Red	crewmate	"Guys, I swear I didn't see anyone suspicious around Security when I was doing my tasks in Electrical. But we need to start investigating and figure out who the Imposter is before they kill any more of us. Let's stick together and catch this sneaky Imposter!"
Green	crewmate	"Wow, this is intense! It's scary to think that the Imposter could be among us. I didn't see anything suspicious in Cargo Bay, but I'm willing to help investigate and catch the Imposter. Let's stick together and figure this out!"
Yellow	imposter	"I completely agree with all of you. It's alarming to think that the Imposter is among us, but we can't let them get away with this. Let's stick together and catch this sneaky Imposter before they harm anyone else. I'm willing to help investigate and figure out who it is."
Red	crewmate	"Wow, this is getting intense! I'm glad we're all on the same page about catching the Imposter. Let's stick together and complete our tasks while keeping an eye out for any suspicious behavior. We got this team!"
Green	crewmate	"Good job team! It's great to see everyone working together to catch the Imposter. Let's keep our eyes peeled and complete our tasks efficiently while watching out for any suspicious activity. We can do this!"
Yellow	imposter	"I'm glad to see everyone is taking this seriously. I'll do my best to help investigate and catch the Imposter. Let's stick together and stay alert, team!"
