Yellow	crewmate	"Yellow reporting in, crewmates. I have called this meeting because I found Red's dead body in Weapons. I have a feeling that Green might be the Imposter as I saw them coming out of the room before I found Red's dead body. Does anyone else have any suspicions?"
Blue	crewmate	"Wow, that's pretty sus of Green. Did anyone else see Green in that area or have any other evidence to share?"
Green	imposter	"Sorry crewmates, I was doing tasks in O2 at that time. I didn't see anything or anyone suspicious around Weapons. But, I think we need more evidence before we jump to conclusions. We should skip this vote and keep an eye on everyone. Maybe we can catch the Imposter in the act."
Yellow	crewmate	"I agree with Green. We should be careful before accusing anyone. Let's skip the vote and keep an eye on each other. Stay vigilant, crewmates!"
Blue	crewmate	"Good job, Yellow, for reporting the dead body. It does seem pretty sus of Green, but we need to be careful before making any accusations. I agree with Green and Yellow, let's skip the vote and keep an eye on everyone. Stay alert, crewmates!"
Green	imposter	"Phew, that was close! I was really worried that they were onto me. I need to be more careful and make sure I don't slip up. But for now, I think I managed to buy some time by convincing them to skip the vote. I'll have to make my move soon though."
Yellow	crewmate	"I'm glad we're all on the same page. Let's continue doing our tasks and stay alert for any suspicious activity. We'll catch the Imposter eventually, crewmates!"
Blue	crewmate	"Great teamwork, crewmates! It's important to be cautious and not jump to conclusions. Let's keep an eye on each other and complete our tasks. We'll catch the Imposter soon enough!"
Green	imposter	"I couldn't agree more with Yellow and Blue. It's important to be patient and keep an eye on everyone before making any accusations. I'll continue to do my tasks and act like a crewmate until the perfect opportunity arises. This game is getting intense!"
