Red	crewmate	"Guys, I've called this meeting because I found Yellow dead in Navigation. I was on my way to Weapons to complete my task when I stumbled upon the body. Has anyone seen anything suspicious?"
Blue	crewmate	"Sad to hear about Yellow's death. I didn't see anything suspicious while I was in MedBay completing my task."
Green	imposter	"I was in the Cockpit trying to complete my task, so I didn't see anything suspicious. But I think we should skip the vote for now and keep an eye on Red. He seems pretty sus to me."
Red	crewmate	"Hey, I understand that you guys are suspicious of me, but trust me, I'm not the Imposter. I was just doing my task in Weapons and stumbled upon Yellow's body. I didn't see anyone around, so I have no idea who did it. But I agree that we should skip the vote for now and gather more evidence before accusing anyone."
Blue	crewmate	"Wow, this is intense! I can't believe Yellow is dead. I didn't see anything suspicious in MedBay, but I'm willing to keep an eye out for any sus behavior. Green, why do you think Red is sus? Do you have any evidence?"
Green	imposter	"I understand that Red may seem innocent, but I have a gut feeling that he's the Imposter. I don't have any hard evidence yet, but I'll keep an eye on him and report back if I see anything sus."
Red	crewmate	"Hey guys, I really don't think it's me. I was just doing my task and stumbled upon Yellow's body. I'm willing to help gather evidence and figure out who the Imposter is. Let's work together on this!"
Blue	crewmate	"Wow, this round is really heating up! I didn't see anything suspicious, but I trust Green's gut feeling. Let's skip for now and keep an eye on Red. We need to gather more evidence before we can make any accusations. Let's work together and stay vigilant, crewmates!"
Green	imposter	"Hey crewmates, I agree with Blue's decision to skip for now. Let's not jump to conclusions, but keep a close eye on Red. I'll continue to do my tasks and gather more evidence. Stay alert, everyone!"
