Yellow	crewmate	"Hey guys, I found Green's dead body in O2! I think it's important for us to discuss who was in the vicinity and if anyone saw anything suspicious."
Red	crewmate	"Okay, I was in Lower Engine doing my tasks, so I didn't see anything out of the ordinary. Did anyone see Blue or Yellow near O2?"
Blue	imposter	"Seems like Yellow is trying to divert attention from themselves by reporting the body and asking for everyone's whereabouts. But I can vouch for Yellow, they were with me in Admin. Red, on the other hand, was nowhere near O2. Looks like we have a new suspect."
Yellow	crewmate	"Hey guys, I understand Blue's suspicion, but I can assure you that I'm not the Imposter. As for Red, I believe their alibi checks out, so we should focus on finding other leads."
Red	crewmate	"Thanks for the update, Yellow. It's good to know that my alibi checks out. Blue, I understand your suspicion, but let's not jump to conclusions just yet. We should gather more information before accusing someone. Does anyone have any leads or suspicions?"
Blue	imposter	"I agree with Red that we should gather more information before accusing someone. However, I do find it interesting that Yellow is trying to divert attention from themselves. Let's keep an eye on them and see if anything suspicious happens."
Yellow	crewmate	"I appreciate Blue's concern, but I was just trying to get a sense of everyone's whereabouts to help us narrow down the suspects. I agree with Red that we should gather more information before accusing anyone. Let's stay vigilant and keep looking for clues."
Red	crewmate	"Thanks for the update, Yellow. It's important to keep an open mind and gather more information before accusing anyone. Let's stay focused and keep an eye out for any suspicious behavior."
Blue	imposter	"I gotta say, these guys are pretty sus. I'm gonna have to play it cool and try to blend in so that I can take them out one by one."
