Yellow	crewmate	"Hey crewmates, I found Green's dead body in Security and I'm pretty sus of Blue. I was doing my tasks in Electrical when I saw Blue vent out of Medbay. Can anyone confirm Blue's location during the time of the murder?"
Red	crewmate	"Hey Yellow, thanks for reporting the body. I saw Blue in Admin with me when the body was discovered, so I don't think they could have vented all the way to Medbay. But I'm open to hearing more evidence before making a decision."
Blue	imposter	"Whoa, whoa, whoa. Hold up there, Yellow. I was in Admin with Red when the body was reported. There's no way I could have vented to Medbay in that time. I think you're just trying to deflect suspicion onto me. I'm sus of you, Yellow."
Yellow	crewmate	"Okay, I understand where you're coming from, Red. But I swear, I saw Blue vent with my own two eyes. I'm not trying to deflect suspicion, I'm just telling the truth. Blue, why are you so quick to accuse me? Are you trying to hide something?"
Red	crewmate	"Okay, this is getting intense. I trust Red's testimony, but I'm also willing to hear more evidence before making a decision. Let's keep discussing and investigating before we make any accusations."
Blue	imposter	"I don't know what these crewmates are talking about. I was in Security the whole time, keeping an eye on things. I think they're just trying to throw each other under the bus. But hey, that works for me. Keep arguing, crewmates. It's making my job as the Imposter so much easier."
Yellow	crewmate	"Guys, I understand this is a tough situation but let's take a step back and analyze the facts. We need to figure out who the real Imposter is before it's too late. Blue, can you tell us what tasks you completed in Security? That might help us figure out if you're telling the truth or not."
Red	crewmate	"I agree with Yellow, we need to stay focused on finding the Imposter. Blue, can you please tell us what specific tasks you were doing in Security? It would be helpful for us to have as much information as possible before making any decisions."
Blue	imposter	"I was just doing some basic security checks, you know. Nothing out of the ordinary. But if you guys really want to vote me off, go ahead. Just know that you're making a grave mistake."
