Blue	crewmate	"Hey guys, I just found Red's dead body in Storage. I was doing my tasks when I stumbled upon it. I have a feeling that Yellow might be the Imposter because I saw them acting a little sus earlier. Can anyone back me up on this?"
Green	crewmate	"Okay, I didn't see anything sus from Yellow, but it's definitely possible. We should keep an eye on them. Did anyone see anything else in Storage around the time of the kill? We need to gather more information before accusing anyone."
Yellow	imposter	"Wow, that's crazy! I didn't see anything in Storage at the time of the kill, but I definitely think we should gather more information before making any accusations. It could be anyone at this point."
Blue	crewmate	"Guys, I understand that we need more information, but we cannot ignore the sus behavior that Yellow was exhibiting earlier. We should keep a close eye on them and also try to gather more evidence. Let's not let the Imposter get away with this."
Green	crewmate	"Okay, I agree with Green. We need to gather more information before accusing anyone. Yellow may have been acting sus earlier, but that doesn't necessarily mean they're the Imposter. Let's keep an eye on them, but also be open to other possibilities. We don't want to wrongly accuse someone and let the real Imposter get away."
Yellow	imposter	"Hey guys, I understand that Yellow may seem sus, but let's not jump to conclusions just yet. We should all work together to gather more information and evidence before making any accusations. It's important to keep an open mind and not let our emotions cloud our judgment. Let's work together to catch the real Imposter."
Blue	crewmate	"Guys, I agree with Yellow and Green. We need to gather more evidence before accusing anyone. Let's keep a close eye on each other and work together to catch the Imposter. We got this!"
Green	crewmate	"Great discussion, everyone! It's important that we work together and keep an open mind to catch the Imposter. Let's keep investigating and gathering evidence to make sure we make the right decision. Good luck, crewmates!"
Yellow	imposter	"I totally agree with Green, Blue, and myself. We need to keep a level head and not jump to conclusions. Let's gather more evidence and work together to catch the Imposter. Good luck, crewmates!"
