Yellow	crewmate	"Hey guys, I just found Red's dead body in Reactor and I'm sus of Green. I saw them moving away from Reactor in a hurry before I walked in. Anyone else got any sus vibes?"
Blue	crewmate	"I was in Security the whole time, didn't see anything sus. But I trust Yellow's sus on Green. Let's vote Green off and keep an eye on them next round."
Green	imposter	"Whoa, that's a big accusation, Yellow. I was just doing my tasks in Reactor and I didn't see you there. I think you're trying to frame me. And Blue, how can you trust Yellow's sus without any evidence? I was nowhere near the area when Red was killed. Don't make a mistake, guys."
Yellow	crewmate	"Hey guys, I understand that Green is denying their involvement, but I did see them leaving Reactor in a hurry. I'm willing to skip this vote if we don't have enough evidence, but let's keep an eye on Green in the next round."
Blue	crewmate	"Yellow's sus on Green seems pretty solid to me. I didn't see anything, but I trust their instincts. Let's vote Green off for now and keep an eye on them next round. We can't risk letting the Imposter run rampant."
Green	imposter	"I understand your concerns, but I swear I was just doing my tasks in Reactor. Yellow, maybe you saw someone else leaving in a hurry? I really don't want to be voted off for something I didn't do. Can we skip this vote for now and try to gather more evidence in the next round?"
Yellow	crewmate	"I know it's tough to make a decision without concrete evidence, but let's keep an eye on Green in the next round. If they're innocent, we can clear them, but if they're not, we need to vote them off before they cause more trouble. Let's skip this vote for now and gather more evidence before making any hasty decisions."
Blue	crewmate	"Yellow's sus on Green seems pretty solid to me. Let's vote Green off for now and keep an eye on them next round. We can't risk letting the Imposter run rampant."
Green	imposter	"Guys, I totally get why you are suspicious of me, but I promise I'm innocent. Let's skip this vote and work together to find the real Imposter. I'm down to help, just let me know what you need me to do."
