Blue	crewmate	"Oh my crewmates, we have to sound the alarm here. I found Yellow dead in O2 while I was busy with the tasks. We definitely have an Imposter among us and we cannot take this lightly. I have no clue who it could be, but we have to stick together and figure this out before they harm any of us again. Any leads, fellow players?"
Green	crewmate	"OMG, that's intense! I was in Weapons doing my tasks and didn't see anything suspicious. But I'll keep an eye out for anyone acting sus. We cannot let the Imposter get away with this. Let's stick together and complete our tasks to catch them in the act."
Red	imposter	"I was in Security doing my tasks and didn't see anyone come in or out. But I agree with Green, we should stick together and complete our tasks to catch the Imposter. We can't let them continue to harm us."
Blue	crewmate	"I completely agree with Green and Red. We have to stick together and complete our tasks while keeping an eye out for anyone acting sus. We cannot let the Imposter get away with this. Let's catch them in the act!"
Green	crewmate	"Wow, Yellow is dead? That's so sus. I was in Weapons the whole time, doing my tasks. But we can't let the Imposter win. We have to stick together and complete our tasks while keeping an eye out for anyone acting sus. Let's catch them in the act!"
Red	imposter	"Wow, this is intense. It's unfortunate that Yellow is dead, but we must keep a level head and work together to catch the Imposter. I was in Security doing my tasks during that time, but I'll keep an eye out for anyone acting sus. Let's stick together and complete our tasks to catch them in the act."
Blue	crewmate	"Wow, this is really intense! I can't believe Yellow is dead. But we have to stay focused and work together to catch the Imposter. I was in O2 doing my tasks, but I'll keep an eye out for anything suspicious. Let's stick together and complete our tasks to catch them in the act!"
Green	crewmate	"Looks like we are all on the same page. Let's make sure to communicate any sus behavior we see and work towards completing our tasks. We got this team!"
Red	imposter	"I completely agree with everyone. We need to work together and catch the Imposter before they win. I'll keep an eye out for any suspicious behavior and report it immediately. Let's stick together and complete our tasks to catch them in the act. We got this team!"
