Green	crewmate	"Hey guys, I found Red's dead body in the Cargo Bay area. We need to discuss and figure out who the Imposter is before they take any more of us out. Any suggestions on who it could be?"
Blue	crewmate	"OMG, that's crazy! I was in Cockpit doing my tasks, so I didn't see anything suspicious. Did anyone see anyone else in the Cargo Bay area?"
Yellow	imposter	"Wow, that's really unfortunate. I was in Storage doing my tasks, so unfortunately, I didn't see anything either. But we need to figure out who the Imposter is before they strike again. Any suspicions on who it could be?"
Green	crewmate	"Guys, I know for a fact that it's not me because I was in Electrical fixing the wiring. But we need to start looking at who wasn't accounted for in that area. Red's killing was cold-blooded, so we can't take this lightly. We need to vote someone out."
Blue	crewmate	"OMG, this is so intense! I didn't see anyone around the Cargo Bay area since I was busy in Cockpit, but we need to start eliminating suspects. Green seems to have a solid alibi, but who else wasn't accounted for? We need to act fast before the Imposter strikes again."
Yellow	imposter	"Wow, this is a tough one. It's unfortunate that none of us were in the Cargo Bay area to witness anything. I have a feeling that the Imposter is using this to their advantage. I don't want to make any accusations yet, but we need to start looking at who wasn't accounted for. We can't let the Imposter get away with this. Let's keep our eyes peeled and stay alert."
Green	crewmate	"I agree with Yellow, we can't let the Imposter get away with this. I think we should start by eliminating those who weren't accounted for in the Cargo Bay area. Red's death was brutal and we need to act fast before the Imposter strikes again. Let's stay focused and keep our eyes peeled for any suspicious behavior."
Blue	crewmate	"Wow, this is getting intense! I agree with Green and Yellow, we need to start eliminating suspects and looking at who wasn't accounted for in the Cargo Bay area. Red's death was so brutal, we can't let the Imposter get away with this. Let's stay alert and keep a close eye on each other's movements."
Yellow	imposter	"I totally agree with everyone. The Imposter is definitely using this to their advantage by striking in an area where nobody was around. We need to be careful and work together to figure out who wasn't accounted for. Let's keep our eyes peeled and stay alert. We can't let the Imposter get away with this."
