Green	crewmate	"Hey guys, I found Red's lifeless body in Storage. It's a big yikes, so I think we should talk about it."
Yellow	crewmate	"Big oof, I was in Storage doing my tasks but I didn't see anyone else around. Any sus behavior from anyone else?"
Blue	imposter	"Wow, that's a major rip. I didn't see anything sus myself, but let's hear what everyone else has to say. Where was Blue during all this?"
Green	crewmate	"Guys, I can vouch for Blue because I saw them doing the trash chute task in Cafeteria. As for the rest, I didn't see anyone else around Storage when I passed by earlier. Any leads on who could be the Imposter?"
Yellow	crewmate	"I didn't see anyone else in Storage when I was doing my tasks, so I have no leads. But it's good to know that Blue was doing tasks in Cafeteria. We should keep an eye on each other and try to complete tasks to win this game."
Blue	imposter	"I was actually in MedBay doing the scan task during that time. But it's good to know that Green can vouch for me. As for the Imposter, I have no leads yet, but we should all keep an eye out for any sus behavior and try to complete our tasks to win."
Green	crewmate	"Thanks for vouching for me, Green. It's good to have each other's backs in this game. Let's keep an eye out for any suspicious behavior and try to complete our tasks efficiently to win."
Yellow	crewmate	"I agree, it's important to have each other's backs and complete tasks efficiently. I didn't see anyone else in Storage either, so we should keep an eye out for any sus behavior. Good to know that Blue was doing tasks in Cafeteria and Green can vouch for them. Let's continue and try to figure out who the Imposter is."
Blue	imposter	"Thanks for having my back, Green. I was indeed in MedBay doing the scan task. As for the Imposter, I have no leads yet, but we should all be vigilant and complete our tasks to win. Let's work together and figure out who the Imposter is."
