Red	crewmate	"Okay crewmates, listen up! I've found Yellow's lifeless body in Cockpit and I'm highly suspicious of Blue. During the last round, I saw Blue lurking around the same area where Yellow was found. It's highly likely that Blue is the Imposter and we need to vote them out before they take us all down one by one!"
Green	crewmate	"Whoa, that's a serious accusation, Red! But, we shouldn't jump to conclusions so quickly. Do you have any other evidence to support your claim, or is it just a hunch? We need to be sure before we vote someone out."
Blue	imposter	"Hey, hey, hey, don't be too quick to jump on the bandwagon, Red. You're just accusing me without any evidence. I was just doing my tasks in Cockpit, I swear. I think we need to be more methodical about this and take a closer look at everyone's alibis before we decide who to vote off. I'm not the Imposter, I promise."
Red	crewmate	"Listen, Green, I understand your concern, but we don't have time to waste. Blue was the only person I saw around the Cockpit area when Yellow was alive, and now Yellow is dead. That's enough evidence for me to make an accusation. And Blue, your defense is weak. 'I swear' and 'I promise' aren't convincing alibis. I'm voting for Blue and I suggest you all do the same."
Green	crewmate	"Hey guys, let's not make a hasty decision. We need to gather more evidence before we decide who to vote for. Red, did you see anyone else in the area? And Blue, can you tell us exactly what tasks you were doing in Cockpit? Let's not accuse anyone without solid evidence. We don't want to vote out an innocent crewmate."
Blue	imposter	"I understand everyone's concerns, but let's not forget that accusations without solid evidence can lead to the wrong crewmate getting voted off. I was indeed in the Cockpit doing my tasks, but that doesn't mean I killed Yellow. I suggest we take a closer look at everyone's alibis before we make a decision. We don't want to lose an innocent crewmate and give the Imposter an advantage."
Red	crewmate	"Hey guys, I understand everyone's concerns, but we need to make a decision quickly. Red's evidence is convincing enough for me to vote for Blue. We can't risk losing another crewmate. Sorry Blue, but I have to vote for you."
Green	crewmate	"Hey guys, I agree that we shouldn't rush into voting someone off without solid evidence. Blue's alibi seems reasonable, and we should investigate everyone's alibis before making a decision. Red, did you see anyone else around the area? It's important to consider all possibilities before accusing someone. Let's work together and find the real Imposter, not just vote out someone based on assumptions."
Blue	imposter	"Guys, I understand that we're all under pressure, but accusing someone without solid evidence is not the way to go. I was doing my tasks in Cockpit, and I didn't see anyone else around. But that doesn't make me the Imposter. We need to investigate everyone's alibis before we make any decisions. Let's work together and find the real Imposter, not just vote out someone based on assumptions."
