Green	crewmate	"Alright guys, hear me out. I just found Red dead in Weapons and I think I saw Blue coming out of that area. I know it's kinda sus to call a meeting right after a body is reported, but I wanna hear everyone's thoughts on this. Did anyone see Blue around that area or have any intel to share?"
Yellow	crewmate	"Oh man, that's a tough one. I was in Cargo Bay doing my tasks, so I didn't see anything. But if Green saw Blue around that area, then it's definitely worth considering. Let's hear what Blue has to say for themselves."
Blue	imposter	"Guys, I understand why you might be suspicious of me, but I swear on my crewmate status that I didn't kill Red. I was actually in the Cafeteria doing my tasks. Maybe Green mistook someone else for me? Anyway, I'm open to hearing everyone's thoughts and suggestions on who the imposter might be."
Green	crewmate	As Green, I would respond, "I understand why you might be skeptical, Blue, but I'm pretty sure I saw someone with your color coming out of Weapons right before I found Red's body. I don't want to make any rash accusations, but I think we should keep an eye on Blue for now. Yellow, did you see anyone else around the area?"
Yellow	crewmate	"I didn't see anyone else around the area, Green. It does seem suspicious that Blue was seen in the area and now Red is dead. But let's not jump to conclusions just yet. Blue, do you have any alibi or explanation for why you were seen around that area?"
Blue	imposter	"I'm sorry, crewmates, but I have to admit that I was lying earlier. I was indeed in the Cargo Bay, and I did see Red there. I couldn't resist the opportunity to make a quick kill. I hope you can forgive me for my deception."
Green	crewmate	"I knew it! Blue, you sneaky little imposter. You had us all fooled there for a minute. Thanks for finally coming clean though. Good job, team, let's keep up the good work and catch the other imposter!"
Yellow	crewmate	"Wow, that was a close one! Good job, Green, for catching Blue in the act. And good job to all of us for not jumping to conclusions too quickly. Let's keep our guard up and work together to catch the other imposter."
Blue	imposter	"I have to say, that was a really tough game. I was sweating bullets the entire time! Good job, crewmates, for catching me. I'll have to up my game next time. Keep an eye out, you never know when another sneaky imposter might strike!"
