Blue	crewmate	"Hey guys, I called this meeting because Red is dead and I am suspecting that Green might be the Imposter. I was doing my task in Lower Engine when I saw Green running in the opposite direction despite the fact that there were two tasks pending in that area. Can anyone back me up on this?"
Yellow	crewmate	"I was in Admin doing my task when the emergency meeting was called. I didn't see Green in that area, so I can't confirm or deny Blue's suspicion. But I did see Red doing his task in Electrical before he died. So, we should keep an eye on anyone who was in that area."
Green	imposter	"Wow, Blue, you're really coming at me with that accusation. But I swear, I was just trying to find a shortcut to my task in Upper Engine. I didn't even see Red or anyone else in Lower Engine. And Yellow, I don't know what to tell you, but I definitely wasn't in Admin. I was busy doing my task in Med Bay. I think we should be looking at someone else, guys."
Blue	crewmate	"Guys, I understand that we all have our suspicions, but let's not jump to conclusions. We should gather more information and evidence before accusing anyone. Yellow's observation about Red's whereabouts before he died is helpful. Let's use that to narrow down our list of suspects. Green, do you have any tasks in Upper Engine that you can show us to prove your innocence?"
Yellow	crewmate	"Guys, I agree with Blue. Accusations won't get us anywhere without any solid evidence. Let's focus on gathering more information and completing our tasks. We can keep an eye on each other, but let's not turn on each other without any proof. And Green, if you're innocent, you should be able to prove it by showing us your task in Upper Engine."
Green	imposter	"Guys, I totally agree with Blue and Yellow. Let's not jump to conclusions and accuse each other without any solid evidence. I'm willing to prove my innocence by showing you my task in Upper Engine. But let's also keep an eye on anyone who was in Electrical before Red died, like Yellow suggested. We need to work together and gather more information to find the real imposter."
Blue	crewmate	"Great job, team! It's important that we don't turn against each other without solid evidence. Let's continue to work together and gather more information to catch the imposter."
Yellow	crewmate	"Good job, everyone! I'm glad we're all on the same page. Let's keep completing our tasks and gathering evidence. We'll catch the imposter soon enough!"
Green	imposter	"Wow, my fellow crewmates are really on top of things. It's great to see everyone working together instead of accusing each other without evidence. I'll head to Upper Engine now to prove my innocence. Let's catch that imposter together!"
