Yellow	crewmate	"Hey crewmates, I called this meeting because I found Red's dead body in Cargo Bay. I'm sus of Blue because they were the only one nearby when I found the body. Did anyone see them acting sus?"
Green	crewmate	"Okay, I was in Reactor doing my tasks. I didn't see anything sus. But if Blue was the only one nearby, we should definitely keep an eye on them."
Blue	imposter	"I was just doing my tasks in Cargo Bay, didn't see anyone near me. But if Yellow found Red's body near me, maybe they're trying to frame me. Don't be too quick to vote me out, crewmates."
Yellow	crewmate	"Okay, I hear you crewmates. I understand that Blue might not be the Imposter, but we can't ignore the fact that they were the only one nearby when I found Red's body. Let's keep an eye on them and try to gather more evidence before we vote anyone out."
Green	crewmate	"Yellow, I appreciate you calling this meeting and bringing this to our attention. It's definitely sus that Blue was the only one nearby when you found Red's body. But we need to be careful not to jump to conclusions too quickly. Let's keep an eye on Blue and see if anyone else has any information before we vote them out. We don't want to get an innocent crewmate out."
Blue	imposter	"I don't know what to say, crewmates. It's not me, I swear. But if you guys want to keep an eye on me, go ahead. I'll just keep doing my tasks in Cargo Bay and prove my innocence."
Yellow	crewmate	"I agree with Green, we need to gather more evidence before voting anyone out. It is suspicious that Blue was the only one nearby when I found Red's body, but we can't be too quick to accuse them. Let's keep an eye on everyone and continue to do our tasks. Remember, we're all in this together, crewmates!"
Green	crewmate	"Good job, crewmates! I'm glad we're taking the time to gather more evidence before voting anyone out. Let's keep working together and communicating to figure out who the real Imposter is. Remember, trust no one!"
Blue	imposter	"I totally agree with Yellow and Green, we shouldn't be too quick to accuse anyone. I understand how sus it looks that I was the only one nearby, but I promise it's not me. I'll keep doing my tasks in Cargo Bay and try to prove my innocence. Let's work together and keep an eye on everyone, crewmates. Remember, trust no one!"
