Yellow	crewmate	"Yellow here, just calling a meeting to report that I found Red's dead body in Storage. I am suss of Green since I saw them last with Red. Anyone have any info on their whereabouts or suspicious behavior?"
Blue	crewmate	"I was in the Cockpit doing my tasks, didn't see anything suspicious. But if Yellow saw Green with Red, then it's definitely worth investigating."
Green	imposter	"Oh no, Red's dead? That's so sus. I was in Storage, but I didn't see anything. Maybe Yellow is trying to frame me. I swear I didn't do it!"
Yellow	crewmate	"Guys, I understand that accusing someone without any concrete evidence is not right. But I did see Green with Red before Red's dead body was found. Green, can you explain what happened during that time? We need to figure out who the imposter is before they strike again."
Blue	crewmate	"I agree with Yellow. We need to investigate Green's whereabouts during that time. Let's not jump to conclusions, but we should definitely keep an eye on them."
Green	imposter	"I understand everyone's concerns, but I swear I didn't do it. I was just in Storage doing my tasks. Maybe someone else was around when Yellow saw me with Red. Let's investigate together and find the real imposter!"
Yellow	crewmate	"Guys, I think we're on the right track. Let's investigate together and find out who's behind this. We can't let the imposter win!"
Blue	crewmate	"Good job, team! Let's work together and figure out who the imposter is. We can definitely win this!"
Green	imposter	"Hey guys, I'm just as determined to find the imposter as the rest of you. I'm telling you, I was in Storage the whole time. Let's work together and figure this out. Remember, trust no one!"
