Green	crewmate	"Alright guys, emergency meeting here in Admin. I just found Yellow's lifeless body and I have a strong suspicion that Red might be the Imposter. I was just in Storage with Red and they seemed to be acting pretty sus. So, I think it's time we start discussing and voting off whoever we think is guilty."
Blue	crewmate	"Whoa, that's crazy! I was in Upper Engine doing my tasks the whole time. I didn't see anything sus. But I'm down to vote off Red if that's what we all think is best. Let's do this!"
Red	imposter	"Whoa, whoa, whoa! Hold on a sec, Green. I was doing my tasks in Electrical and didn't even see Yellow or you anywhere near me. And Blue, how do we know you weren't faking your tasks? Seems pretty sus to me. Let's not be too hasty here, guys. We need to discuss this more and make sure we're making the right call."
Green	crewmate	"Alright, let's take a deep breath and think this through. Blue, I appreciate your willingness to vote off Red, but we need to be sure before we accuse someone. Red, I understand your defense, but we can't ignore the fact that Green saw you acting sus. Let's have a discussion and see if anyone else has any information or suspicions. We don't want to vote off an innocent crewmate."
Blue	crewmate	"Wow, this is getting crazy! I had no idea there was a dead body in Admin. I believe Blue is innocent and I'm willing to vote off Red if we have enough evidence. But let's not jump to conclusions too quickly. We should all share our suspicions and try to figure out who the Imposter is. Good luck, crewmates!"
Red	imposter	"Guys, come on! You're really gonna believe Green over me? I was nowhere near Admin! And Blue, don't act like you're innocent just because you're so quick to vote me off. I'm telling you, I'm not the Imposter. But if you all want to vote me off, go ahead. You'll regret it when you realize I was telling the truth."
Green	crewmate	"Guys, we need to calm down and not accuse anyone too quickly. Let's listen to each other and share our suspicions. It's important that we gather all the information we can before we vote anyone off. Remember, we're all on the same team here."
Blue	crewmate	"Wow, this conversation is intense! I agree with Green that we shouldn't jump to conclusions too quickly. If we vote off the wrong person, it could cost us the game. Let's all share our suspicions and try to gather more information before making any final decisions. Good luck, crewmates!"
Red	imposter	"Guys, I understand that tensions are high, but let's not forget that we're all in this together. As for me, I was in Electrical fixing the wiring when the body was reported. I'm willing to listen to everyone's suspicions and work together to figure out who the Imposter is. Let's do this, crewmates!"
