Red	crewmate	"Okay crewmates, I called this emergency meeting because I found Green's body in Navigation! I didn't see anyone around, but I'm sus of Yellow. They were acting real weird earlier and were the last one to leave the room. Anyone else see anything sus?"
Blue	crewmate	"Okay, I trust Red on this one. I didn't see anything sus in Shields, but I'll vote for Yellow since Red is sus of them."
Yellow	imposter	"I can't believe Red would throw me under the bus like that! I was just doing my tasks in Navigation and didn't see anyone else around. But I guess if Blue trusts Red, I'm screwed. I'll just have to try and play it cool and hope they don't catch on to me next round."
Red	crewmate	"Sorry Yellow, but you were acting real sus. Gotta trust my gut on this one. Let's vote and get the Imposter outta here!"
Blue	crewmate	"Wow, that was a quick accusation! I didn't see anything in Shields, but if Red is sus of Yellow, I'll vote for them too. Sorry, Yellow!"
Yellow	imposter	"I knew it was only a matter of time before I got caught. Good job, Red, you got me. But don't worry, I'll be back next game and ready to take you all down!"
Red	crewmate	"GG everyone! Sorry Yellow, but you gotta play it cool if you wanna make it to the end. Good job Blue for trusting my gut. Let's keep playing and catch that Imposter!"
Blue	crewmate	"GG everyone! Sorry to see you go, Yellow. But we gotta catch that Imposter and keep the ship safe. Let's move on and complete our tasks!"
Yellow	imposter	"I may have been caught this time, but I'll come back stronger in the next game. Good job to Red and Blue for being on top of things. Don't let your guard down, I'll be watching."
