Blue	crewmate	"Hey guys, I just found Yellow's dead body in electrical. I think we need to have a meeting and discuss who could have done it. I have some suspicions about Red, but I want to hear what everyone else saw and thinks before we make any accusations."
Green	crewmate	"Oh no, not Yellow! I was at Upper Engine doing tasks, but I didn't see anyone else around. I'm not sure who could have done it. I'll listen to everyone else's stories and try to piece together what happened."
Red	imposter	"I can't believe someone would do this to Yellow. I was in Electrical doing my tasks when I saw Blue running out of the room. I think Blue might be trying to frame me, but I'm willing to hear everyone else's stories before we make any accusations."
Blue	crewmate	"Guys, I understand that emotions are running high right now, but we need to keep a level head and gather as much information as we can. Red, I definitely did not see you in Electrical when I found Yellow's body. Green, did you see anyone else around Upper Engine when you were there? Let's work together and figure out who did this."
Green	crewmate	"Wow, this is intense. I can't believe someone would do this to Yellow. Blue, thanks for bringing this to our attention. I didn't see anyone around Upper Engine when I was there, but I'm willing to listen to everyone's stories and see if we can piece together what happened. Red, I understand your concern about being framed, but let's focus on gathering information and not accusing anyone just yet. We'll figure this out together."
Red	imposter	"Wow, this is really intense guys. It's heartbreaking to lose Yellow like this. Blue, I appreciate your level-headedness in this situation. Green, I didn't see you in Electrical when I was there, but I'll trust that you were doing your tasks in Upper Engine. As for me, I didn't see anyone else in Electrical when I found Yellow's body. I'm willing to work together to figure this out, but we need to be careful not to jump to any conclusions too quickly. Let's gather as much information as we can and try to piece together what happened."
Blue	crewmate	"Wow, this is a tough situation. I appreciate everyone's willingness to work together and gather information. I was in Electrical when I found Yellow's body and I definitely did not see Red there. Green, did you see anyone else around Upper Engine? Let's keep investigating and figure out who did this."
Green	crewmate	"Wow, this is a really tough situation. I agree with Blue that we need to keep investigating and gathering information. I didn't see anyone else around Upper Engine when I was there, but I'm willing to listen to everyone's stories and see if we can piece together what happened. Let's work together and figure this out."
Red	imposter	"Guys, this is all so sad. I can't believe someone would do this to Yellow. I didn't see anyone around Electrical when I was there, but I'll help in any way I can to figure out who did this. We need to stick together and gather as much information as possible. Let's get to the bottom of this!"
