Yellow	crewmate	"Hey guys, I found Green dead in Lower Engine. I think we should discuss who we suspect is the Imposter."
Blue	crewmate	"OMG, that's terrible! I was doing tasks in Electrical when the body was reported, so I didn't see anything suspicious. Maybe we should discuss where everyone was?"
Red	imposter	"Wow, I can't believe someone would do that. I was in Upper Engine doing my tasks, so I didn't see anything either. I think it's a good idea to discuss where everyone was, but let's also keep an eye on Yellow since they were the one to report the body."
Yellow	crewmate	"Guys, I understand your concerns, but I swear on my crewmate status that I did not do this. I was just doing my tasks in Lower Engine when I found Green. Let's focus on finding the real Imposter and vote them out."
Blue	crewmate	"I agree with Yellow, we need to focus on finding the real Imposter and not jump to conclusions without evidence. Maybe we should also ask if anyone saw anyone else in the Lower Engine area around the time of the kill?"
Red	imposter	"I totally agree with Blue and Yellow. We need to find the real Imposter and not accuse anyone without evidence. I think we should ask around if anyone saw anything suspicious in Lower Engine area around the time of the kill. Let's not jump to conclusions and play it safe."
Yellow	crewmate	"I appreciate everyone's level-headedness in this emergency meeting. As I stated before, I found Green's body in Lower Engine while doing my tasks. I understand the suspicion, but I am not the Imposter. Let's work together to find the real culprit and vote them out."
Blue	crewmate	"Great job team, we're all on the same page here. Let's keep a close eye on each other and see if anyone acts suspiciously. We'll catch that Imposter in no time!"
Red	imposter	"I couldn't agree more with my fellow crewmates. We need to focus on finding the real Imposter and not accuse anyone without any evidence. It's always better to play it safe and ask around if anyone saw anything suspicious. Let's work together to catch that sneaky Imposter!"
