Blue	crewmate	"Alright guys, I just called this emergency meeting because I found Green's dead body in Cockpit. I didn't see anyone around, but I did see Red acting a bit suspect earlier. Has anyone else seen Red doing anything suspicious?"
Yellow	crewmate	"Sorry Blue, I haven't seen Red acting suspicious. I was in Communications doing some tasks. But I trust your gut feeling, let's keep an eye on Red."
Red	imposter	"Whoa, whoa, whoa! Hold up there, Blue. You can't just be throwing accusations around like that! I was minding my own business in Cockpit, fixing the wires. I didn't see anyone else around. And Yellow, you gotta trust me on this one. I'm innocent, I swear."
Blue	crewmate	"Guys, I understand that this is a tough situation, but we need to be careful with our accusations. Let's focus on gathering more information and evidence before we make any conclusions. Red, did anyone see you in Cockpit before Blue found the body? And Yellow, did you see anyone else around Communications?"
Yellow	crewmate	"Hey guys, let's all take a deep breath and think logically. Accusing each other without evidence won't solve anything. Blue, did you see anyone else around Cockpit besides Green? And Red, can anyone vouch for your whereabouts during the time of the murder? Let's work together and find the real imposter."
Red	imposter	"Guys, I agree with Blue. Accusations without solid evidence won't help us catch the imposter. As for my whereabouts, I was in Cockpit fixing the wires. I didn't see anyone else around, and no one saw me. But I'm willing to help gather more evidence to find the real culprit. Let's work together and figure this out."
Blue	crewmate	"Great points, everyone. We need to work together and gather more evidence before making any accusations. Red, can anyone confirm that you were in Cockpit fixing wires? And Yellow, did you see anyone in Communications before the body was found? Let's keep our eyes open and stay vigilant."
Yellow	crewmate	"Totally agree with Blue, we shouldn't jump to conclusions without any solid proof. Red, can you tell us which wires you were fixing in Cockpit? And Blue, did you see anything suspicious around the Communications area? Let's all work together and catch the imposter!"
Red	imposter	"Guys, I appreciate the level-headedness here. I was indeed in Cockpit fixing the wires, and unfortunately, I didn't see anyone else around. Yellow, I was fixing the wires in the back of the room. Blue, did you notice anything suspicious around Communications? Let's keep working together and find the real imposter."
