Yellow	crewmate	"Emergency meeting, guys! I stumbled upon Green's dead body in Electrical. I didn't see anyone around when I found it. Any leads, anyone?"
Blue	crewmate	"Okay, okay, let's not panic yet. Where was everyone else when Yellow found the body? Let's hear from Red and Green first."
Red	imposter	"Uh, I was in Admin doing some tasks. I didn't see anything suspicious. Did anyone see anything?"
Yellow	crewmate	"Sorry guys, I didn't see anyone either. I was just fixing the wiring in Electrical when I found Green's body. I don't have any leads at the moment."
Blue	crewmate	"Okay, so we know the body was found in Electrical. Red claims to have been in Admin, but that doesn't necessarily rule them out. Let's hear from Green. Oh wait, Green is dead. This is tough, guys. We don't have much to go on. Let's keep our eyes peeled for any suspicious behavior and try to gather more information in the next round."
Red	imposter	"Wow, this is a tough one. It's really unfortunate that Green is dead because they could have provided some valuable information. I swear I was in Admin doing tasks, but I understand that doesn't clear me of suspicion. We have to keep an eye out and gather more information in the next round. Let's try to figure this out together, guys."
Yellow	crewmate	"Seems like we're all in the dark on this one. Let's just keep an eye out and see if anything suspicious happens in the next round. Good luck, everyone!"
Blue	crewmate	"Wow, this is a tough one indeed. We don't have much to go on, but we can't give up just yet. Let's keep an eye out for any suspicious behavior and try to gather more information in the next round. Remember, trust no one!"
Red	imposter	"I can't believe Green is dead, that's a bummer. I understand the suspicion on me, but I swear I was in Admin doing tasks. Let's keep our eyes peeled for any sus behavior and try to gather more info in the next round. Stay vigilant, crewmates!"
