Yellow	crewmate	"Guys, I found our beloved Red dead in Navigation. It's a sad day for the crewmates. I sus Blue because I saw him vent in Electrical, right before I went to Navigation. Any other info ya'll have?"
Green	crewmate	"Sorry to hear that Red is dead. I was in Electrical with Blue and didn't see him vent. But I did see Yellow in Navigation before the body was reported. Just saying."
Blue	imposter	"Wow, this is a sad day for us crewmates. I'm sorry to hear that Red is dead. But, wait a minute, Yellow, what do you mean you saw me vent in Electrical? I was nowhere near Electrical. I was in Navigation the whole time. And Green, I can vouch for you, I saw you in Electrical with me. Yellow, I think you're trying to frame me for this. I'm sus of you now."
Yellow	crewmate	"I understand that emotions are high right now, but let's not jump to conclusions. Blue, I must have been mistaken about seeing you vent in Electrical. I apologize for that. Green, I was in Navigation before the body was reported because I was doing my tasks. I didn't see anyone else in Navigation at the time. Does anyone else have any information or suspicions?"
Green	crewmate	"Wow, this is intense. Yellow, I appreciate you apologizing for accusing Blue, but we need to be careful not to make false accusations. I trust Blue when he says he wasn't in Electrical. Yellow, you said you were doing tasks in Navigation before finding the body, but did you see anyone else around? I'm still sus of Yellow since they were the one who accused Blue in the first place."
Blue	imposter	"Guys, this is getting heated. I know we are all emotional right now, but let's try to focus on finding the real imposter. Yellow, you were quick to accuse Blue and then retracted your statement. That seems pretty sus to me. Green, you saw Yellow in Navigation before the body was reported and they didn't see anyone else around. That's pretty sus too. I'm leaning towards voting Yellow off this time."
Yellow	crewmate	"Hey guys, I understand that tensions are high right now, but let's not make hasty decisions. Accusations alone won't help us find the imposter. Let's all share our information and try to piece together what happened. Blue, I appreciate you vouching for Green, but Yellow could have just made an honest mistake. Green, I didn't see anyone else in Navigation, but that doesn't mean they weren't there. Maybe someone was hiding. Let's keep an open mind and work together to find the imposter."
Green	crewmate	"Wow, this is getting intense. I agree with Yellow that we need to be careful not to make hasty decisions. But I also agree with Blue that Yellow's quick accusation and retraction seems pretty sus. And I'm still sus of Yellow since they were the one who accused Blue in the first place. Let's keep an open mind, but I'm leaning towards voting Yellow off this time."
Blue	imposter	"I understand that tensions are high, but let's not forget the importance of teamwork here. We need to work together to find the real imposter. Green, I appreciate your caution, but we can't ignore the sus behavior from Yellow. Yellow, I understand that you might have made an honest mistake, but your quick accusation and retraction doesn't look good. I'm still leaning towards voting Yellow off this time."
