Blue	crewmate	"Hey guys, I just found Yellow's body in O2. It looks like our buddy has been taken out by the Imposter. I didn't see anyone around when I stumbled upon the body, so I have no idea who it could be. Let's discuss and try to figure this out before we're all doomed."
Red	crewmate	"OMG, that's so sus! I was in Upper Engine with Green and didn't see anyone pass by. Where were you, Blue? We need to figure out who was in O2 and who has a good alibi. Let's vote wisely, crewmates!"
Green	imposter	"Wow, that's tragic news. I'm sorry to hear that Yellow got taken out by the Imposter. Blue, what were you doing in O2? It's hella sus that you were there when the body was found. As for me, I was doing my tasks in Cockpit. Red, you can vouch for me, right? Let's figure out who was in O2 and who has a shaky alibi. We can't let the Imposter get away with this!"
Blue	crewmate	"Guys, I understand that finding Yellow's body is tragic news, but accusing me of being sus is totally unnecessary. I was doing my tasks in O2, and that's why I found the body. I didn't see anyone around, so I have no idea who could have done this. Green, I appreciate your concern, but I wasn't doing anything sus. We need to focus on finding the real Imposter and not accuse each other without evidence. Let's look for clues and figure this out together, crewmates."
Red	crewmate	"Whoa, that's a tough situation. It's definitely sus that Blue was the one who found the body, but we can't jump to conclusions without evidence. We need to investigate and see if anyone saw anything or has any evidence. Let's work together and figure this out, crewmates. Trust no one, but don't accuse without proof."
Green	imposter	"Guys, I understand that we're all feeling the pressure right now, but we can't let our emotions cloud our judgment. Blue, it's sus that you found the body, but we need to investigate before we jump to conclusions. As for me, I was doing my tasks in Cockpit, and I didn't see anyone around. Red, I appreciate your support, but I know we can't just trust each other blindly. Let's investigate and find some evidence before we vote anyone off. Remember, the Imposter could be anyone, so we need to be careful."
Blue	crewmate	"Wow, the Imposter strikes again! It's sad to see Yellow go, but we need to focus on finding the Imposter. I agree with Blue that accusing each other without evidence is not helpful. Let's keep investigating and look for clues. It's important to trust no one, but also not to jump to conclusions. We can do this, crewmates!"
Red	crewmate	"Wow, this is getting intense! I agree with Red, we can't just accuse someone without evidence. But it is sus that Blue found the body. Green, thanks for keeping a level head and reminding us not to let our emotions cloud our judgment. Let's investigate and find some evidence before we vote anyone off."
Green	imposter	"Hey crewmates, I appreciate the level-headedness and caution being expressed here. As for me, I was in Cockpit doing my tasks. I didn't see anyone else around, but I'll keep an eye out for any sus behavior. Let's work together and gather evidence before we make any accusations. Remember, the Imposter could be anyone. Stay vigilant, crewmates!"
