Red	crewmate	"I found Blue's dead body in O2! We gotta report this ASAP and figure out who the imposter is! Did anyone see anything suspicious?"
Yellow	crewmate	"OMG, not Blue! I was in Cargo Bay doing tasks, didn't see anything suspicious. But we gotta act fast and find the imposter before they strike again!"
Green	imposter	"Wow, that's crazy! I didn't see anything either, but I'm down to help find the imposter. Let's stick together and keep an eye out for any suspicious activity."
Red	crewmate	"Guys, I'm sorry to say this but we gotta vote someone off now. We can't afford to wait any longer. Yellow and Green, where were you guys before the emergency meeting was called?"
Yellow	crewmate	"I was in Cargo Bay the whole time doing my tasks. I didn't see anything suspicious. But I agree with Red, we need to take action and vote someone off before the imposter can strike again."
Green	imposter	"Well, I understand the urgency but we shouldn't rush into voting someone off without any solid evidence. I was in Electrical doing my tasks before the emergency meeting was called. Maybe we should all share our alibis and try to piece together any clues before making any hasty decisions."
Red	crewmate	"Guys, I agree with Green. We should take our time and share our alibis before jumping to conclusions. We don't want to vote off an innocent crewmate and let the imposter get away. Let's work together and find some concrete evidence first."
Yellow	crewmate	"Good point, Green. We don't want to make a mistake by voting off an innocent crewmate. Let's take our time and gather some solid evidence before making any decisions. But we should also keep in mind that time is running out and the imposter could strike again at any moment. So let's work together and share our alibis to figure out who the imposter might be."
Green	imposter	"I completely agree with both Green and Red. It's important that we take our time to gather concrete evidence before voting anyone off. Rushing into a decision could cost us the game. Let's all share our alibis and work together to find clues. We can't let the imposter win this."
