Yellow	crewmate	"Hey guys, I called this meeting because I found Green's body in Reactor. I last saw Red in the area and they were acting pretty sus. Anyone else have any information or saw anything suspicious?"
Blue	crewmate	"Ok, I didn't see anything sus while I was in Security. But, Red was nearby, so they could be a possible suspect."
Red	imposter	"Oh no! That's terrible news. I was just doing my task in Reactor, didn't see anything out of the ordinary. But, I did see Blue near the area too, so they could be the imposter too. We shouldn't just point fingers without any evidence."
Yellow	crewmate	"Guys, let's not jump to conclusions just yet. We need to gather more information before accusing anyone. Did anyone see anyone else in the Reactor area around the same time as Red and Green?"
Blue	crewmate	"Yellow's right, guys. We need to be careful before accusing anyone. Let's try to gather more information and discuss it before making any decisions. I didn't see anything sus, but maybe someone else did. Let's work together and figure this out."
Red	imposter	"Wow, this is getting intense. I agree with Yellow and Blue, we shouldn't just jump to conclusions without any evidence. I was in Reactor doing my task, but I didn't see anyone else around. Let's work together and gather more information before making any accusations."
Yellow	crewmate	"I agree with everyone here, accusing someone without any evidence is not the way to go. We need to work together and gather more information to figure out who the imposter could be. Let's focus on completing our tasks and keeping an eye out for any suspicious behavior."
Blue	crewmate	"I completely agree with Yellow, Red, and the gang. We need to be careful not to accuse anyone without any concrete evidence. Let's work together and gather information to figure out who the imposter is. We got this, team!"
Red	imposter	"I couldn't agree more with everyone here. We need to be careful and gather as much information as possible before we make any accusations. As for me, I was in Reactor doing my task, and I didn't see anyone else around. Let's keep an eye out for any suspicious behavior and work together to figure out who the imposter is. Good job, team!"
