Red	crewmate	"Hey, guys, I just found Yellow's dead body in MedBay. I can safely confirm that I did not do it since I am not the imposter. Did anyone see anything suspicious or have any leads?"
Green	crewmate	"Okay, I was in Cafeteria doing my tasks. I didn't see anyone suspicious around that area. Did anyone see Green or Blue around MedBay?"
Blue	imposter	"Wow, that's crazy. I didn't see anything suspicious either. Maybe someone vented out of MedBay? I was actually in Weapons doing my tasks, so I definitely wasn't around that area."
Red	crewmate	"I agree with Blue, someone must have vented out of MedBay after killing Yellow. We should keep an eye on Green and Blue since they were the closest to MedBay. But we need more evidence before making a decision."
Green	crewmate	"I understand the suspicion, but I promise you, I'm not the imposter. I didn't see anyone near MedBay when I was in Cafeteria. Let's keep investigating and find out who the real imposter is."
Blue	imposter	"I totally agree with Red. It's possible that someone vented out of MedBay after killing Yellow. But, I'm definitely not the imposter. I was doing my tasks in Weapons the entire time. Let's keep investigating and find out who the real imposter is."
Red	crewmate	"Guys, I think we should focus on gathering more evidence before pointing fingers. Let's all stick together and keep an eye out for any suspicious activity."
Green	crewmate	"I agree with Red, we shouldn't jump to conclusions without enough evidence. Let's stick together and keep an eye out for any suspicious behavior."
Blue	imposter	"I appreciate the cautious approach, but I can assure you that I'm not the imposter. However, I'm willing to stick together and help investigate to find the real imposter. Let's get to the bottom of this!"
