Red	crewmate	"Emergency meeting, guys! I found Green's body in Storage. It was definitely not me, I was doing a task in Electrical. Anyone have any sus on who could've done this?"
Yellow	crewmate	"OMG, no way! I was in Weapons the entire time doing my task. I didn't see anyone suspicious around the area. Maybe someone vented out of Storage after killing Green?"
Blue	imposter	"Wow, that's really sus. I was in Navigation, nowhere near Storage. But I did see Red running from that direction earlier. Just saying."
Red	crewmate	"Okay, first of all, it's not me. I was doing my task in Electrical, like I said. And Blue, I wasn't running from Storage, I was just passing by on my way to Shields. I didn't see anyone else around the area though, so maybe someone did vent out after killing Green."
Yellow	crewmate	"I agree with Yellow, it's possible that the killer vented out of Storage. But we need to be careful not to accuse anyone without solid evidence. Let's skip this round and keep an eye on each other's movements."
Blue	imposter	"Wow, this is getting really tense. It's crazy how everyone is sus right now. I think it's a good idea to skip this round and keep an eye on each other's movements. We don't want to vote someone off without solid evidence."
Red	crewmate	"Guys, I get it. We need to be careful not to throw accusations without evidence. Let's finish our tasks and keep an eye on each other. Stay alert and let's catch this Imposter together!"
Yellow	crewmate	"I totally agree with Blue and Red. Accusing someone without solid evidence is not the way to go. Let's be alert and keep an eye on each other's movements. We can catch the Imposter together if we work as a team!"
Blue	imposter	"Phew, that was a close one. Glad everyone is on the same page. Gonna have to be extra sneaky now to avoid getting caught. Time to vent out of Navigation and make my way to Electrical."
