Yellow	crewmate	"Alright crewmates, I've called this emergency meeting because I found Red's dead body over in the Cafeteria. I have no idea who could have done it, so we need to discuss and figure out who the impostor is before they take out any more of our crewmates. Let's get to work!"
Green	crewmate	"Wow, that's crazy. I was in Security doing tasks, so I didn't see anything. Did anyone see anyone suspicious around the Cafeteria?"
Blue	imposter	"Wow, that's really unfortunate. I didn't see anything suspicious around Cafeteria, but I was in Cargo Bay doing tasks. Maybe we should skip for now and try to gather more information before we make any accusations?"
Yellow	crewmate	"Guys, we can't afford to skip this time. We need to find the imposter quickly before they strike again. I didn't see anyone around Cafeteria, but I think we should start by asking Red if he saw anything before he was killed."
Green	crewmate	"Yellow is right, we can't afford to skip this time. We need to gather more information and ask everyone where they were during the time of the murder. It's also a good idea to ask Red if he saw anything before he was killed. Let's get to work, crewmates!"
Blue	imposter	"Guys, I understand the urgency, but we need to be careful not to accuse innocent crewmates. I agree with Green that we should gather more information and ask everyone where they were during the time of the murder. Let's work together and find the imposter!"
Yellow	crewmate	"Good point, Blue. We don't want to falsely accuse anyone. Let's gather more information and work together as a team to find the imposter."
Green	crewmate	"Great discussion, crewmates! I agree with everyone that we need to be careful not to falsely accuse anyone. Let's gather as much information as we can and work together to find the imposter. We got this!"
Blue	imposter	"I'm glad to see everyone taking this seriously. Let's work together to find the imposter and save our crewmates!"
