Yellow	crewmate	"Hey guys, I called the meeting because I found Green's dead body in Cafeteria. I didn't see anyone else around, but I have a suspicion that it might be Blue. I saw them running out of Cafeteria just before I found the body. Let's discuss and see if we can figure out who the Imposter is!"
Red	crewmate	"Okay, I was in Cafeteria with Green earlier, but I left to do my tasks. I didn't see anyone else in there when I left. But I trust Yellow's suspicion about Blue since they saw them running out. Let's discuss and see if anyone else has any information."
Blue	imposter	"Whoa, whoa, whoa, hold up there! I was just passing through Cafeteria on my way to Electrical. I didn't see anyone around, let alone Green's dead body! I think Yellow is just trying to frame me because they're the Imposter."
Yellow	crewmate	"Hey guys, I understand Blue's point of view, but I really did see them running out of Cafeteria just before I found Green's body. I'm not trying to frame anyone, I just want to figure out who the Imposter is before they kill any more of us."
Red	crewmate	"Okay, I think we should take Yellow's suspicion seriously and keep an eye on Blue. But we also need to hear from Green's ghost to confirm who the Imposter is. Let's not accuse anyone without concrete evidence, but we should definitely be cautious and stick together."
Blue	imposter	"Guys, I understand Yellow's suspicion, but I swear I didn't see anyone in Cafeteria when I passed by. Maybe we should do some more investigating before we start accusing anyone. Let's all stick together and keep an eye out for any suspicious behavior."
Yellow	crewmate	"I agree with Red. We shouldn't jump to conclusions without concrete evidence. But I still think we should keep an eye on Blue. Let's stick together and do some more investigating before we make any accusations."
Red	crewmate	"I think we're all on the same page here. We need to be cautious and investigate more before accusing anyone. Let's stick together and keep an eye out for any suspicious activity. We'll figure this out together, team!"
Blue	imposter	"Guys, I totally agree with Red. We shouldn't accuse anyone without concrete evidence. Let's stick together and investigate more before jumping to conclusions. I'm willing to help with the investigation, but we need to be careful not to accuse innocent crewmates."
