Blue	crewmate	"Alright crewmates, listen up! I have called for this meeting because I found Green's dead body in Weapons. I have been moving around the map and I did not see anyone around the area. I have a suspicion that Yellow might be the Imposter. Let's discuss and see if we can identify the Imposter to avoid any more sabotages or killings!"
Red	crewmate	"I was in Navigation and didn't see anything suspicious. But Yellow has been acting kinda sus, so I think we should keep an eye on them."
Yellow	imposter	"I was doing my tasks in Electrical and didn't see anyone around the area either. I'm not the Imposter and I have no idea who could have done it. But I think we should skip this vote and keep an eye on everyone, including Blue, just to be safe."
Blue	crewmate	"Hey guys, thanks for coming to the emergency meeting. I just wanted to report that I found Green's dead body in Weapons. I didn't see anyone around, but I have a hunch that Yellow might be the Imposter. I appreciate Red's input about Yellow acting kinda sus. Yellow, I understand your point of view, but I think we need to vote someone out to avoid further sabotages and killings. Let's discuss a bit more and see if we can come to a conclusion."
Red	crewmate	"Guys, I trust Red and think we should keep an eye on Yellow. But let's not jump to conclusions yet. We should discuss more and gather more evidence before voting someone out. Blue, did you see anyone else around the Weapons area?"
Yellow	imposter	"Guys, I understand everyone's concerns, but I swear I'm not the Imposter. I was in Electrical the whole time and didn't even see Green's dead body. I agree with Red that we should keep an eye on everyone, but let's not vote anyone out just yet. Blue, did you see anyone else around Weapons? Maybe we can gather more evidence before making a decision."
Blue	crewmate	"I agree with Yellow that we shouldn't jump to conclusions just yet. We need more evidence before we vote someone out. Blue, did you see anyone else around Weapons? We should gather more information before making a decision."
Red	crewmate	"Guys, I agree with Red, we shouldn't be too hasty in voting someone out. Let's gather more evidence before making a decision. Blue, did you see anyone else around Weapons? We need to be sure before accusing anyone."
Yellow	imposter	"Hey guys, I understand your concerns regarding Yellow, but I was in Weapons with Blue and I didn't see any suspicious behavior from Yellow. I agree that we should gather more evidence before making a decision. Blue, did you see anyone else around Weapons? Let's keep investigating and catch the real Imposter!"
