Green	crewmate	"Hey crewmates, I just found Yellow's lifeless body in Admin. Looks like we have an imposter among us. Anybody saw anything suspicious or have any leads?"
Blue	crewmate	"Wow, that's crazy! I was in Admin with Yellow just a few seconds ago and didn't see anything out of the ordinary. But I'm down to skip the vote for now and keep an eye out for any sus behavior."
Red	imposter	"OMG, that's so unfortunate, Green. I didn't see anyone around Weapons when I was there, but I'll make sure to keep my eyes peeled for any sus behavior. I'm down to skip the vote for now, but we need to be careful, crewmates."
Green	crewmate	"Thanks for the info, crewmates. It's really sus that nobody saw anything. I agree with Blue and Red, let's skip the vote for now and keep an eye out for any suspicious behavior. Stay vigilant, crewmates!"
Blue	crewmate	"Wow, that's really sus that nobody saw anything. But I'm glad that we're all on the same page about keeping an eye out for any sus behavior. Let's stick together and get this imposter out of here!"
Red	imposter	"Guys, I'm sorry to say this, but I think we need to vote someone out. I mean, we can't just keep skipping the votes and hope for the best. I understand that nobody saw anything, but we need to start somewhere. So, who are we voting for?"
Green	crewmate	"Thanks for the update, crewmates. It's really concerning that nobody saw anything. I agree with Blue and Red, let's skip the vote for now and keep a close eye on any suspicious behavior. We need to stay alert, crewmates!"
Blue	crewmate	"Wow, this game is getting intense! It's sus that nobody saw anything but I agree with Green, let's skip the vote for now and keep an eye out for any suspicious behavior. We need to stick together and catch this imposter!"
Red	imposter	"Guys, I totally agree with Blue and Green. It's really sus that nobody saw anything but we need to stay united and keep a close eye on any suspicious behavior. Let's skip the vote for now and keep working together to catch this imposter!"
