Yellow	crewmate	"Okay guys, listen up, I just found Red's body in Security! I was on my way to Electrical to fix some wires and stumbled upon their lifeless body. I didn't see anyone else around, which means we've got an Imposter among us."
Blue	crewmate	"Wow, that's crazy! I didn't see anyone around either when I was in Storage. We should definitely all keep an eye out for any suspicious behavior."
Green	imposter	"Wow, that's really unfortunate. It's a shame that we have an Imposter among us. I can't believe we haven't caught them yet. We really need to stick together and keep an eye out for any suspicious activity. Let's stay focused and make sure we vote off the right person."
Yellow	crewmate	"Guys, I agree with Green. We need to be careful and not jump to conclusions. We should stick together and try to gather more information before we vote someone off. Does anyone have any suspicions or information they want to share?"
Blue	crewmate	"I completely agree with Yellow and Green. We need to be cautious and gather more information before jumping to conclusions. Does anyone have any tasks or locations they can vouch for? It could help us narrow down our suspects."
Green	imposter	"Guys, I totally agree with all of you. We need to be smart and gather as much information as possible before we make any accusations. I was in the Cafeteria, but I didn't see anything suspicious. Let's stick together and get to the bottom of this!"
Yellow	crewmate	"Great job, everyone! I'm glad we're all on the same page. Let's keep our eyes peeled and work together to catch the Imposter. Remember, trust no one!"
Blue	crewmate	"Wow, teamwork makes the dream work! Let's stick together like glue and catch that sneaky Imposter. I'm on board with gathering more information, let's all be detectives for a day!"
Green	imposter	"I'm glad my fellow crewmates are being cautious and working together to catch the Imposter. But little do they know, I'm the one they're looking for. Time to keep up the act and throw them off my trail."
