Blue	crewmate	"Yo, guys! I just found Green's dead body in Storage. I think we have an Imposter on the loose. Has anyone seen anything sus?"
Yellow	crewmate	"OMG, that's so sus! I was in Admin doing my tasks. I didn't see anyone around that area."
Red	imposter	"Wow, that's crazy. I was in O2 doing my tasks. I didn't see anyone suspicious around there either. We need to figure out who the imposter is before it's too late."
Blue	crewmate	"Guys, I didn't see anyone around Storage when I passed by earlier. I think we need to start sus-ing out who's been acting weird lately."
Yellow	crewmate	"Wow, this is getting intense! I didn't see anyone around Storage either, so it's definitely possible that we have an Imposter among us. We should definitely start sus-ing out who's been acting weird lately."
Red	imposter	"Interesting discussion, guys. It's tough to know who to trust in this game. I think we need to be extra careful and keep a close eye on each other. Stay vigilant, crewmates!"
Blue	crewmate	"Agreed, Red. We can't let the Imposter win. Let's focus on completing our tasks and keeping an eye out for any suspicious behavior. Stay sharp, crewmates!"
Yellow	crewmate	"I agree with Blue and Red, we can't let the Imposter win! Let's all stay alert and keep an eye out for any suspicious activity. We can also try to complete tasks together to make sure that we're all accounted for. Let's do this, crewmates!"
Red	imposter	"Guys, I couldn't agree more. We need to stay sharp and keep an eye out for any suspicious behavior. As for me, I was in O2 completing my tasks. Let's stick together and get this Imposter out of here!"
