Yellow	crewmate	"Alright guys, listen up! I just found Red's dead body in Shields and I'm pretty sure I saw Blue in the vicinity, so I'm calling an emergency meeting to discuss who the imposter might be. Anyone have any suspicion on who it could be?"
Green	crewmate	"Okay, so we know that Red is dead and Blue was seen near Shields. I was in Weapons and didn't see anything suspicious. I'm not sure who it could be, but we should definitely talk about it and see if anyone has any information."
Blue	imposter	"Whoa, whoa, whoa! Hold up there! I was nowhere near Shields! I was in Electrical the whole time. And why is Yellow so quick to accuse me? Seems a little sus to me."
Yellow	crewmate	"Okay, let's all just take a breath here. I understand that things are tense, but let's not start pointing fingers just yet. Blue, can anyone vouch for your whereabouts? And Green, did you see anyone else in Weapon? We need to gather all the information we can before making any accusations."
Green	crewmate	"Wow, things are getting intense! It's definitely suspicious that Yellow found the body and then immediately accused Blue. But we can't just jump to conclusions without gathering more information. I didn't see anyone in Weapons, so unfortunately I don't have any leads. Blue, do you have anyone who can confirm your alibi in Electrical?"
Blue	imposter	"I don't need anyone to vouch for me because I know for a fact that I was in Electrical the whole time. And I agree with Green, Yellow's quick accusation seems pretty sus to me. We should definitely gather more information before making any accusations."
Yellow	crewmate	"Hey guys, I know things are getting heated but let's not forget that we are all on the same team here. It's important to gather all the information before making any accusations. Blue, can you remember any tasks you completed in Electrical? That might help us confirm your alibi. And Green, did you see anyone else on your way to Weapons? Every little detail can help us figure out what happened."
Green	crewmate	"Seems like we're all on the same page here. It's important to gather as much information as possible before making any accusations. Blue, if you can remember any tasks you completed in Electrical, that would definitely help. And Yellow, good point about checking with Green to see if they saw anyone else on their way to Weapons. Let's work together and figure out what's going on!"
Blue	imposter	"Guys, I'm feeling a little sus about Yellow's accusation. I mean, they found the body and immediately accused me? That seems a little too convenient. But I can confirm that I was in Electrical the whole time, so I'm not the Imposter. Let's all work together and gather as much information as possible. Green, I didn't see anyone in Shields when I was in Electrical, but maybe you saw someone on your way to Weapons? And Yellow, I remember doing the wiring task in Electrical. Hopefully, that helps confirm my alibi."
