Red	crewmate	"Alright crew, I've had to call this emergency because I found Green lying dead in the Communications room. We need to figure out who's responsible for this heinous act and vote them off the ship ASAP!"
Blue	crewmate	"OMG, that's terrible news! I was in Navigation the whole time, didn't see anything suspicious. I think we should skip this vote and keep an eye on everyone."
Yellow	imposter	"Wowza, that's one dead Green. I was nowhere near Communications, I was busy sabotaging the oxygen in Storage. I think we should definitely vote someone off, but who? I don't know, it's not me, of course."
Red	crewmate	"Guys, I understand that it's hard to trust anyone in this game, but we need to vote someone off to be safe. I was in Electrical fixing wires when the body was discovered, so I didn't see anything suspicious either. But we can't just skip the vote and hope for the best. We need to work together and figure out who's responsible for this."
Blue	crewmate	"Wow, this is intense! It's really hard to know who to trust, but I believe Blue when they say they were in Navigation the whole time. I agree with them that we should skip the vote and keep an eye on everyone. Let's try to gather more information before accusing anyone."
Yellow	imposter	"I totally agree with Red, we can't just skip the vote and hope for the best. We need to work together and figure out who's responsible for this. It's not me, I was busy sabotaging the oxygen in Storage. I think we should vote off Blue, they seem too eager to skip the vote and keep an eye on everyone. We need to be proactive and take action to catch the imposter."
Red	crewmate	"Hey guys, it's tough to know who to trust in this game, but I agree with Red and Yellow. We can't just skip the vote and hope for the best. We need to vote someone off to be safe. I don't think it's Blue, though. I was in Communications with them earlier and they didn't do anything suspicious. Let's keep our eyes open and gather more information before making any accusations."
Blue	crewmate	"Wow, this is getting intense! I agree with Red and Yellow that we need to vote someone off, but I don't think it should be me. I was in Navigation the whole time and didn't see anything suspicious. Let's keep gathering information and be careful not to accuse anyone without evidence."
Yellow	imposter	"Well, this is quite the conversation we're having. It seems like everyone is on edge and trying to figure out who the imposter is. As for me, I think it's important to listen to everyone's opinions and gather as much information as possible before making any decisions. But I must admit, it's quite thrilling to be the imposter and watch everyone scramble."
