Blue	crewmate	"Yo, what's up my sus crewmates? I just found Red's body in Reactor while I was doing my tasks. It's super sus that Green was the only other one in the area and I didn't see them leave. I'm definitely voting for Green."
Yellow	crewmate	"Okay, okay, hold up. Let's not be too hasty here. I was in Cafeteria doing my tasks, so I couldn't have been in Reactor. And I didn't see Green leave the area either, but that doesn't necessarily mean they're the Imposter. We need more evidence before we start voting people off."
Green	imposter	"Guys, I was in the Reactor doing my tasks. I didn't see anyone else there. But I'm not the Imposter! I swear on my crewmate status. Let's gather more evidence before we start pointing fingers and voting people off."
Blue	crewmate	"Okay guys, let's chill for a bit and gather more evidence. We don't want to vote someone off without concrete proof. Let's keep an eye on each other and see if anyone else acts sus."
Yellow	crewmate	"It's important to gather more evidence before we vote anyone off. We don't want to falsely accuse an innocent crewmate. Let's keep an eye on each other and see if anyone else behaves suspiciously."
Green	imposter	"I agree with Blue and Yellow. We need to gather more evidence before we vote anyone off. I didn't see anyone else in Reactor, but that doesn't mean they weren't there. Let's keep an eye on each other and look for any suspicious behavior."
Blue	crewmate	"I completely agree with everyone here. We need to be careful and not vote someone off without any evidence. Let's keep an eye on each other and look for any suspicious behavior. It's always better to be safe than sorry!"
Yellow	crewmate	"I totally agree with my fellow crewmates. We need solid evidence to make sure we're not voting off an innocent crewmate. Let's keep our eyes peeled and gather more information before making any hasty decisions. Safety first, guys!"
Green	imposter	"I'm glad everyone is on the same page. I'll make sure to keep an eye out for any suspicious behavior and gather as much evidence as possible before making any accusations. Let's work together to catch the imposter!"
