Yellow	crewmate	"Ay yo guys, I just found Green's body in Electrical! It's game over man, game over. We gotta figure out who the imposter is among us before they get us all!"
Blue	crewmate	"OMG, that's crazy! I was in O2 doing my tasks, didn't see anything suspicious. I'm sus of Red though, they've been acting kinda sus the whole game."
Red	imposter	"Who, me? Acting sus? Nah, I was just trying to finish my tasks in Cafeteria. But if you guys think I'm sus, we can vote me off and see what happens. Just remember, it's not game over until the imposter is caught!"
Yellow	crewmate	"Guys, I know Red has been acting sus, but let's not jump to conclusions just yet. We need to hear everyone's alibi and observe their behavior. Remember, the imposter could be anyone."
Blue	crewmate	"I totally agree with Yellow. We need to gather more information and not just jump to conclusions. I didn't see anything sus in O2, but I'm willing to hear everyone's alibi and observe their behavior. Let's catch that imposter!"
Red	imposter	"I know you guys are sus of me, but I swear I was just doing my tasks in Cafeteria. However, I agree with Yellow and Blue that we need to gather more information before jumping to conclusions. Let's catch that imposter together!"
Yellow	crewmate	"Guys, I appreciate that we all want to catch the imposter, but let's not accuse anyone without solid evidence. Let's keep an eye on each other's movements and complete tasks together. That way, we can all work together to catch the imposter."
Blue	crewmate	"I love how we're all working together to catch the imposter! Let's keep observing each other's behavior and finish our tasks together. We got this!"
Red	imposter	"Wow, everyone's being so suspect-friendly! But don't worry, I'll do my best to blend in and help us catch the imposter. Let's stick together and complete our tasks efficiently."
