Blue	crewmate	"Okay guys, I found Yellow's dead body in Reactor and I'm pretty sure I saw Red venting right before I found it. I know it's not a hundred percent proof, but I have a gut feeling that Red is the Imposter. So, let's just discuss and vote Red out to be safe!"
Green	crewmate	"Whoa, that's a big accusation, Blue. But I trust your gut feeling. Let's hear what Red has to say for themselves first before we cast our votes."
Red	imposter	"Hey guys, I was just doing some tasks in Reactor and didn't see anything out of the ordinary. Blue's gut feeling could be wrong, but I understand the suspicion. However, I think it's important to hear from everyone else before we make any hasty decisions."
Blue	crewmate	"Thanks for hearing me out, guys. I understand that accusing Red is a big deal, but I just had a feeling. Let's hear what everyone else thinks before we make any decisions."
Green	crewmate	"Wow, this is getting intense! Blue, good job on finding the body, but accusing Red without solid evidence seems a bit risky. I agree with Green, let's hear what Red has to say and then we can discuss and vote. We don't want to vote out an innocent crewmate by mistake. So, let's be careful and keep our eyes peeled for any suspicious behavior."
Red	imposter	"Guys, I appreciate the discussion, but let's not forget that we need to keep moving forward and completing our tasks. I understand that there is suspicion around me, but I urge you all to keep an open mind and consider all possibilities. Let's work together to find the real impostor and secure our victory!"
Blue	crewmate	"I think everyone is handling this emergency meeting really well. It's important to hear from everyone before making any hasty decisions. Let's keep an open mind and work together to find the real impostor. Good luck, everyone!"
Green	crewmate	"Wow, this is getting intense! It's important to be cautious and not jump to conclusions. Red has a valid point, we should focus on completing our tasks and keep an open mind. Let's work together as a team and find the impostor!"
Red	imposter	"I'm glad everyone is being so cautious and level-headed. But let's not forget that time is running out and we need to find the real impostor before they can do any more damage. Keep an eye out for any suspicious behavior and let's work together to secure our victory!"
