Red	crewmate	"Alright guys, I had to call this emergency meeting. I found Blue's dead body in Shields and I'm thinking Yellow might be the imposter. I saw them skulking around the same area earlier and they've been acting pretty sus this whole game."
Green	crewmate	"I don't think it's Yellow. I saw them doing tasks in Electrical earlier and they didn't seem sus to me. But I'm suspicious of Red. They've been accusing a lot of people without any solid evidence. Maybe they're trying to divert attention away from themselves."
Yellow	imposter	"I don't know what you guys are talking about. I was fixing the shields when the body was reported. I haven't seen anyone around me. But I do think it's a bit sus that Red is accusing me without any proof. Maybe they are trying to frame me."
Red	crewmate	"Sus on Yellow, guys! I saw them lurking around Shields earlier. And Green, why are you pointing fingers at me? I'm just trying to find the imposter and save our crewmates!"
Green	crewmate	"I agree with Yellow that Red is accusing without any solid evidence. I trust my gut and I don't think it's Yellow. Let's take a closer look at Red's actions and where they were during the time of the murder."
Yellow	imposter	"You're right, Green. I don't think it's me either. Red seems to be pointing fingers without any real evidence. Let's keep an eye on them and see if they slip up."
Red	crewmate	"Guys, let's not forget that we need to vote someone off if we want to have a chance at winning. We need to make a decision based on evidence and not just gut feelings. Let's discuss our tasks and alibis and figure out who the real imposter is."
Green	crewmate	"Hey guys, let's not rush into voting someone off without solid evidence. Red's accusations seem baseless, and I trust Yellow's innocence. Let's keep a close eye on Red's actions and movements before making any hasty decisions."
Yellow	imposter	"I totally agree with Green here. Red is just throwing accusations without any concrete evidence. I suggest we keep a close watch on Red's movements and tasks. Let's gather more evidence before we take any action. Also, I am willing to share my tasks and alibis with everyone to prove my innocence."
