Red	crewmate	"Hey guys, I called this meeting 'cause I found Yellow dead in Navigation. I didn't see anyone else around, but I did see Blue walking out of the room just before I found the body. I'm sus of Blue, so let's discuss."
Green	crewmate	"Oh no, not again! Blue, where were you coming from when you left Navigation? We need to clear your name, man!"
Blue	imposter	"Hey guys, I was just doing my tasks in Navigation when I saw Yellow's lifeless body. I didn't see anyone around, not even Red. I was just about to report the body when Red beat me to it. I definitely didn't do it, so I'm not sus. But it's strange that Red was the one who found the body and is now sus of me. We should keep an eye on Red too."
Red	crewmate	"Guys, I understand that it's suspicious that I found the body and am now suspecting Blue, but I swear I didn't see anyone else around. Blue's story sounds convincing, but we need to keep our options open. Let's not forget that there could be another imposter among us. We should all be wary and keep an eye out for any other suspicious behavior."
Green	crewmate	"Wow, this is intense! I don't know who to believe, but I'm inclined to trust Blue's story. Red, I understand your suspicions, but we need evidence before we start accusing people left and right. Let's keep an eye out for any other suspicious behavior and try to gather more information before we make any hasty judgments. In the meantime, let's all double-check our alibis and try to finish our tasks. We can't let the imposters win!"
Blue	imposter	"I know it's intense, but we need to stay focused here. Green, thanks for having my back. Red, I understand why you're sus of me, but I swear I didn't do it. Let's keep an eye on each other and try to gather more information. We can't afford to let the imposters win! And guys, let's remember to finish our tasks too. We need all the help we can get."
Red	crewmate	"Guys, this is getting intense! Blue's story sounds convincing, but we can't rule out the possibility of another imposter among us. Let's keep a close eye on each other and gather more evidence before we make any hasty judgments. And let's not forget to finish our tasks too, we can't let the imposters win!"
Green	crewmate	"Wow, this is really intense! It's hard to know who to believe, but I agree with Green and Blue that we should gather more information before we start accusing anyone. Let's keep an eye on each other and try to finish our tasks, but also be wary of any suspicious behavior. We can't let the imposters win!"
Blue	imposter	"Guys, it's great that we are all taking this seriously. I appreciate Green and Red's caution and I understand their suspicions. But I assure you, I didn't do it. Let's keep an eye on each other, finish our tasks, and gather more information. We can't let the imposters win!"
