Blue	crewmate	"Alright crewmates, we have a serious issue on our hands. I found Red's body in Cockpit and it looks like they have been brutally murdered. We need to discuss and make sure we don't point fingers without enough evidence. Has anyone seen anything suspicious or have any idea who the Imposter could be?"
Yellow	crewmate	"Wow, that's insane! I was in Cargo Bay doing my tasks. But I did see Green coming from the direction of the Cockpit. I don't want to accuse anyone, but I think we should keep an eye on them."
Green	imposter	"Wow, that's really unfortunate. I was in Lower Engine fixing the wiring. But I definitely didn't see anyone around that area. I think we should definitely keep an eye on Green, but let's also not forget to keep an open mind and gather more evidence before we make any conclusions."
Blue	crewmate	"Thanks for sharing your thoughts, Yellow and Green. It's definitely a tough situation, but we need to stay focused and gather more evidence before we make any accusations. Let's keep an eye on each other and try to complete our tasks efficiently to catch the Imposter."
Yellow	crewmate	"Thanks for the update, Blue. It's really shocking to hear about Red's murder. I didn't see anything suspicious, but I agree with Yellow that we should keep an eye on Green. At the same time, let's make sure we gather more evidence before accusing anyone. Let's all work together to catch the Imposter and complete our tasks efficiently."
Green	imposter	"I hear you all loud and clear. It's definitely a difficult situation, but let's not jump to any conclusions just yet. I'm willing to work together and gather more evidence to catch the Imposter. Keep an eye on me if you must, but let's also keep an open mind and not let suspicion blind us."
Blue	crewmate	"Wow, it's really intense in here. I agree with all of you that we need to keep an open mind and gather more evidence before pointing fingers. Let's work together to catch the Imposter and complete our tasks. Good luck everyone!"
Yellow	crewmate	"I'm glad we're all on the same page. Let's keep an eye out for anything suspicious and work together to catch the Imposter. Completing tasks efficiently is important too, so let's not forget about that. Good luck everyone!"
Green	imposter	"I agree with all of you, let's work together to catch the Imposter and complete our tasks. I'm willing to gather evidence and help in any way I can. Let's keep an open mind and not let suspicion blind us."
