Blue	crewmate	"Emergency meeting guys! I just came across Yellow's dead body in Navigation. I didn't see anyone around so I don't have any leads yet. But I am a little suspicious of Green because I saw them coming from that direction earlier. Anyone saw anything or have any information that can help us catch the imposter?"
Red	crewmate	"I was in Reactor the whole time, so I didn't see anything. But I trust Blue's suspicion of Green. Let's keep an eye on them."
Green	imposter	"Oh no, that's terrible news. I didn't see anyone else in Navigation, so I can't provide any information. But I definitely didn't kill Yellow. I was just doing some tasks there earlier. I understand your suspicion, but I swear I'm innocent. Let's not jump to conclusions yet."
Blue	crewmate	"Thanks for your input, everyone. Let's keep an eye on Green for now, but remember to also keep an open mind and not jump to conclusions too quickly. We don't want to wrongly accuse an innocent crewmate."
Red	crewmate	"Seems like we don't have much to go on right now, but I agree with Blue that we should keep an eye on Green. Let's finish up our tasks and keep an eye out for any suspicious behavior."
Green	imposter	"I understand your suspicion, but I assure you I'm innocent. I'll try to complete my tasks quickly and prove my innocence. Let's work together to catch the real imposter."
Blue	crewmate	"I agree with Blue and Red. It's important to keep an open mind and not jump to conclusions too quickly. Let's finish our tasks and keep an eye out for any suspicious behavior. We are a team and we'll catch the imposter together."
Red	crewmate	"I totally agree with Blue, we don't want to wrongly accuse an innocent crewmate. But let's keep a close eye on Green and finish our tasks. We'll catch the imposter together as a team!"
Green	imposter	"Guys, I understand your suspicion, but I'm innocent. Let's work together to catch the real imposter. I'll complete my tasks quickly to prove my innocence. We'll catch the imposter together as a team!"
