Yellow	crewmate	"Hey guys, I just found Green dead in Upper Engine! I think it's Red, I saw him acting sus earlier and he was the only one in the area when the body was reported."
Blue	crewmate	"Okay, I hear you Yellow, but I don't think we should jump to conclusions just yet. Red, do you have anything to say for yourself?"
Red	imposter	"I was just doing my task in Upper Engine when the body was reported. I didn't see anyone around. Yellow, why do you think it's me? You're the one who found the body."
Yellow	crewmate	"Okay, I understand where you guys are coming from, but I swear I saw Red venting earlier. I know it sounds crazy, but I'm positive it was him."
Blue	crewmate	"Let's not jump to conclusions and accuse anyone just yet. We need to gather more evidence before making any accusations. Red, can you confirm your task in Upper Engine and Yellow, did you see anyone else around when you found the body?"
Red	imposter	"Guys, I think we should be careful here. Yellow's accusation seems a bit far-fetched. I saw Blue and Green together in Medbay, so I don't think it's them. As for me, I was doing the task in Upper Engine, like I said before. I didn't see anyone around either. Yellow, are you sure you saw me venting? Maybe you mistook me for someone else?"
Yellow	crewmate	"I understand that we need more evidence before making any accusations, but I'm sure I saw Red venting. Maybe we can keep an eye on him and see if he does anything suspicious. As for me, I didn't see anyone else around when I found the body, but I'll keep an eye out for any other suspicious behavior."
Blue	crewmate	"Good job team, let's keep a watchful eye on Red for now, but let's not accuse anyone without solid evidence. Yellow, keep an eye out for any other suspicious behavior and the rest of us, let's continue with our tasks and keep an eye out for any clues."
Red	imposter	"Guys, I'm innocent, I swear! I didn't vent and I didn't see anyone else around when I was in Upper Engine. But yeah, let's not jump to conclusions and accuse anyone without solid evidence. Let's keep a watchful eye on everyone and gather more evidence before making any accusations."
