Blue	crewmate	"Guys, emergency meeting! I found Yellow's dead body in Upper Engine. I have no idea who could've done this, but we need to figure it out before the Imposter strikes again!"
Green	crewmate	"OMG, not again! I was in the Lower Engine doing some tasks, so I can't be the Imposter. I didn't see anyone around when I was there. What about you guys?"
Red	imposter	"I was in Storage doing some wiring when the emergency meeting was called, so I didn't see anything suspicious. But I did see Blue come from the direction of Upper Engine, so maybe they know something?"
Blue	crewmate	"Guys, I swear I didn't see anyone else in Upper Engine when I found Yellow's body. But I did see Red in Storage, so maybe they saw something suspicious there?"
Green	crewmate	"I believe we should skip this vote. We don't have enough information to accuse anyone yet. Let's continue doing our tasks and keep an eye out for any suspicious behavior."
Red	imposter	"I'm just going to play it cool and agree with Green. Skipping the vote is the best option for us right now. I'll just keep an eye out for any opportunity to eliminate one of these crewmates without getting caught."
Blue	crewmate	"Guys, I understand we don't have enough information yet, but we need to keep an eye on Red. They seem suspicious to me. Let's be careful and stick together."
Green	crewmate	"I agree with Green, skipping the vote is the best option for now. Let's focus on completing our tasks and keep an eye out for any suspicious behavior. We don't want to accuse someone without enough evidence."
Red	imposter	"I totally agree with Green. Skipping the vote is the smartest move for us at the moment. I'll just keep doing my tasks and try to blend in. Blue, I understand your concerns, but I think we should all be cautious and keep an eye on everyone."
