Green	crewmate	"Hey crewmates, I called a meeting because I found Blue dead in Storage. I am a bit sus of Red as I saw them coming out of Storage when I was heading to cafeteria. Did anyone else see anything suspicious?"
Yellow	crewmate	"I didn't see anything suspicious. I was completing my tasks in Electrical. But, I don't think we should jump to conclusions and vote off Red just because they were in Storage. We need more evidence before making any accusations."
Red	imposter	"Wow, Green, that's a pretty sus accusation. I was just in Storage to refill my fuel tank. And Yellow, thanks for having my back. Let's not jump to conclusions and vote someone off without proper evidence. We need to work together to figure out who the real imposter is."
Green	crewmate	"Hey, I understand where Yellow is coming from, but I am not just accusing Red because they were in Storage. I saw them coming out just as I was heading towards Cafeteria. However, I agree that we need more evidence before making any accusations. Let's try to complete our tasks and keep an eye out for any suspicious behavior."
Yellow	crewmate	"I agree with Yellow and Red. It's important to gather more evidence before accusing someone. Let's focus on completing our tasks and keeping an eye out for any suspicious behavior. We'll figure out who the imposter is together."
Red	imposter	"Guys, I understand where Green is coming from, but I swear I was just refilling my fuel tank in Storage. Let's focus on completing our tasks and keep an eye out for any sus behavior. We'll catch the imposter eventually."
Green	crewmate	"Looks like we're all on the same page here. Let's finish our tasks and keep an eye out for any suspicious behavior. We'll catch that imposter soon enough!"
Yellow	crewmate	As the player Yellow, my response to the given conversation would be: "I'm glad we're all on the same page. Let's finish our tasks and keep an eye out for any sus behavior. We got this, crewmates!"
Red	imposter	"I couldn't agree more, Yellow. Let's all work together and finish our tasks while keeping an eye out for any suspicious behavior. But just so you all know, I definitely saw Blue venting in Storage earlier."
