Green	crewmate	"Hey guys, I called this meeting because I found Yellow dead in the Cockpit. It's totally sus, and we need to figure out who did this before they strike again!"
Blue	crewmate	"OMG, that's so sad! I was in Weapons the whole time so I didn't see anything sus. Did anyone else see or hear anything?"
Red	imposter	"I was in Electrical fixing the wiring. I didn't see anyone pass by, but I did hear some strange noises. Maybe we should vote for Green since they called the meeting so quickly."
Green	crewmate	"Wait a minute, why are you guys already jumping to conclusions? I called the meeting because I found the body, not because I'm the Imposter. I was actually in the Cafeteria doing my tasks. Red, what kind of noises did you hear?"
Blue	crewmate	"Guys, let's not jump to conclusions here. Green could have easily stumbled upon the body while doing their tasks in the Cafeteria. Red, can you give us more information about the noises you heard in Electrical? It could help us narrow down who the Imposter might be. Let's take our time and gather all the information we can before making any accusations."
Red	imposter	"I agree with Blue, let's not rush to vote for anyone just yet. As for the noises in Electrical, it sounded like someone was venting. I didn't see anyone but it could be a clue. Let's keep investigating and gather more evidence before we make any decisions."
Green	crewmate	"Good job, team! I completely agree with Blue and Red. We need to take our time and gather more evidence before we start accusing anyone. Red, your information about the noises in Electrical is very helpful. Let's keep investigating and see if we can find any more clues."
Blue	crewmate	"Great collaboration, guys! We're doing a fantastic job at narrowing down the suspects. Let's keep working together and find out who the Imposter really is. Remember to keep an eye out for any suspicious behavior."
Red	imposter	"I'm glad my fellow crewmates are taking a more cautious approach. It's important to gather all the evidence before making any hasty decisions. As for the noises in Electrical, I'll keep an eye out and see if I can catch the Imposter in the act. We're doing great so far, let's keep it up!"
