Red	crewmate	"Hey crewmates, I called this meeting 'cause I discovered that Yellow has passed away. As you all know, we could be faced with a sneaky imposter among us. I just have a gut feeling that it might be Green. I saw Green entering the cafeteria, but didn't come out, and that was just before I found Yellow's lifeless body in Admin. Could we please discuss this and figure out the best way to move forward?"
Blue	crewmate	"Okay, Red. Thanks for calling the emergency meeting. Sad to hear that Yellow is dead. But I don't think we should just jump to conclusions without proper evidence. It's too early to blame anyone. Let's discuss and see if anyone has seen anything suspicious or has any evidence that can help us figure out who the imposter is."
Green	imposter	"Hey guys, I'm really sad to hear about Yellow. But jumping to conclusions won't do us any good. I was in Admin doing my tasks, and I didn't see anyone else there. Red, can you tell us more about what you saw in the cafeteria? Maybe we can figure out who the imposter really is."
Red	crewmate	"Guys, I understand that we don't have concrete evidence, but we can't just sit around and do nothing. Green's alibi doesn't really prove anything. I'm not saying that he is the imposter, but we should still keep an eye on him. We need to vote someone out, or else we risk losing more crewmates. I'm voting for Green."
Blue	crewmate	"Hey guys, I agree with Blue. It's too early to accuse anyone without proper evidence. Red, your gut feeling might not always be right. Green's alibi seems pretty solid to me. We should discuss more and see if anyone has any concrete evidence before we vote someone out."
Green	imposter	"Hey guys, I understand that we're all upset about Yellow's death, but accusing someone without concrete evidence is not the way to go. Red, I appreciate your concern, but we should discuss and investigate more before voting anyone out. Let's work together to find the real imposter and avenge Yellow's death."
Red	crewmate	"Guys, I understand that emotions are running high, but jumping to conclusions and accusing someone without proper evidence is not the way to go. We should investigate more and discuss the evidence before voting anyone out. Let's work together and find the imposter to avenge Yellow's death."
Blue	crewmate	"Wow, this is getting intense. I agree with Green, we need to work together and gather more evidence before we accuse anyone. Let's not jump to conclusions and risk voting out an innocent crewmate. We can avenge Yellow's death by finding the real imposter."
Green	imposter	"Looks like my plan to divert suspicion is working. I'll continue to play it cool and blend in with the crewmates. They have no idea it was me who eliminated Yellow. Victory is within reach!"
