Red	crewmate	"Hey guys, I found Yellow's dead body in the Cafeteria and I'm pretty sus of Blue. I saw them vent in Electrical earlier and they have been acting very sus the whole game. Any thoughts?"
Green	crewmate	"I was in the Cockpit doing tasks the whole time, so I can't really say anything about Blue. But I did see Red in the Cafeteria before, so I'm not sure if they're trying to self-report or not."
Blue	imposter	"Wow, Red, way to throw me under the bus. I haven't even been in the Cafeteria this whole game. Green, I can vouch for you because I saw you doing tasks in the Cockpit earlier. But Red, why were you in the Cafeteria if you didn't report the body right away?"
Red	crewmate	"First of all, I didn't vent in Electrical. Blue is lying. And I was in the Cafeteria because I was doing the download task. I didn't report the body right away because I wanted to finish my task. And I'm not throwing Blue under the bus for no reason. They have been acting sus the whole game. We should vote them off and see if they are the Imposter."
Green	crewmate	"I agree with Blue that Red is being pretty sus by throwing accusations around. But I also think we should listen to Red's explanation about being in the Cafeteria. I'm not sure who to vote for, but we need to be careful not to vote off an innocent crewmate."
Blue	imposter	"As the Imposter, I need to play this cool. I'll try to divert attention away from myself by agreeing with Green that we should be careful not to vote off an innocent crewmate. I'll also throw in some accusations towards Red to make them seem more sus. 'Red, you seem to be awfully defensive. Are you sure you weren't in the Cafeteria to make sure no one found the body? And Green, you're right, we should listen to Red's explanation. But let's also keep in mind that they could be lying to cover their tracks.' This should keep everyone suspicious of each other and make it easier for me to make my next kill."
Red	crewmate	"I'm not throwing anyone under the bus here. Blue has been acting sus and I had a legit reason for being in the Cafeteria. But I do agree with Green that we need to be careful not to vote off an innocent crewmate. Let's keep our suspicions high and keep an eye on each other."
Green	crewmate	"I'm glad to see that we're all taking this seriously and trying to figure out who the Imposter is. It's important that we listen to everyone's explanations and keep an open mind. But let's not forget that the Imposter is still out there and could be trying to manipulate us. Stay vigilant, crewmates."
Blue	imposter	"Wow, this is getting intense! I'm glad everyone is taking this seriously and trying to figure out who the Imposter is. I agree with Green that we should be careful not to vote off an innocent crewmate. But Red, your defensive behavior is making me think that you might be the Imposter. And Green, while I appreciate your open-mindedness, we can't let the Imposter manipulate us. Let's keep our suspicions high and work together to catch the Imposter!"
