Green	crewmate	"Hey guys, I called this meeting because I just found Yellow's dead body in Shields. It could be anyone of us, but I have a suspicion that Blue might be the Imposter. I saw him lurking around the area when I was doing my task in Navigation. Has anyone seen Blue around that area?"
Red	crewmate	"Whoa, that's crazy! I was in the Cockpit the whole time doing my tasks. But, I trust Green's instincts. Let's keep an eye on Blue this round."
Blue	imposter	"Wow, that's really sus of Green to accuse me like that. I was nowhere near Shields, I was doing my task in Electrical. I think Green might be the Imposter trying to frame me. Don't trust their instincts too easily, guys."
Green	crewmate	"Oh man, this is intense. I know I'm not the Imposter, so I'm just gonna keep doing my tasks and trying to stay alive. But I agree with Red, we should definitely keep an eye on Blue this round. And Blue, don't get defensive so quickly, it's making you look even more sus."
Red	crewmate	"Wow, this is getting really intense! I trust Green's instincts but let's not jump to any conclusions just yet. Let's keep an eye on Blue and see if we can gather any more information before we make any accusations. Stay vigilant, crewmates!"
Blue	imposter	"Guys, I swear I was in Electrical the whole time. Green is definitely the Imposter trying to frame me. But I understand your concerns, Red. Let's work together to gather more information and find the real Imposter."
Green	crewmate	"Whew, that was a close one. I'm glad Red has my back. Let's keep an eye on Blue and see if we can catch them in any sus behavior. But let's also remember to do our tasks and not get too distracted by the drama. We can do this, crewmates!"
Red	crewmate	"Wow, things are really heating up in the Cockpit! I agree with Green and let's keep an eye on Blue, but we should also be cautious and not make any hasty accusations. Let's gather more information and work together as a team to catch the Imposter. Remember to stay focused on our tasks too, crewmates. We got this!"
Blue	imposter	"Guys, I understand your concerns but I promise I am innocent. I'll do my best to prove my innocence and help catch the real Imposter. Let's stick together and stay focused on our tasks, crewmates!"
