Yellow	crewmate	"Yellow here, I called this emergency meeting because I discovered Red's body in the cockpit. I didn't see anyone around when I found the body, but I saw Blue heading in that direction earlier and they were acting really sus."
Green	crewmate	"Okay, okay, so we need to vote someone off. I was in Electrical doing my tasks and didn't see anyone around. Blue, where were you exactly when Yellow saw you?"
Blue	imposter	"In the cockpit? Yeah, I was there doing my tasks. But I didn't see anyone else around either. Yellow is just trying to pin this on me because they know I'm a pro Imposter."
Yellow	crewmate	"I understand that it's hard to trust anyone in this game, but I swear on my crewmate life that I didn't see anyone else around when I found Red's body. I'm not trying to pin this on anyone, I'm just telling you all what I saw. But Blue's behavior was definitely sus, so I think we should keep an eye on them."
Green	crewmate	"Okay, so we have to be careful here. Yellow found the body and Blue was nearby, but that doesn't necessarily mean they're the Imposter. We need to gather more information before we vote. Did anyone see anyone else around the cockpit at the time of the murder?"
Blue	imposter	"I don't know what Yellow is talking about, I didn't see any dead body. I was doing my tasks like a good crewmate. But I agree with Green, we need more information before we vote. Let's keep an eye on each other and gather more evidence."
Yellow	crewmate	"Hey guys, I understand that we all want to figure out who the Imposter is, but let's not accuse each other too quickly. We need to gather more information and keep an eye on each other. Blue's behavior was definitely sus, but we can't jump to conclusions. Let's work together and find the Imposter!"
Green	crewmate	"Good job, everyone. We're working together well and gathering information. Let's keep an eye on each other and try to complete our tasks quickly. We'll catch the Imposter soon enough!"
Blue	imposter	As the player Blue, my response to the emergency meeting conversation would be, "I'm not the Imposter, I swear! I was just doing my tasks in the cockpit. Let's work together and find the real culprit."
