Yellow	crewmate	"Hey guys, I found Green dead in Cockpit and have a suspicion that Red might be the Imposter. I saw Red coming out of the room just as I entered it. And, when I was heading towards Cockpit, I saw Red lurking around the Storage room for quite some time. I firmly believe that we should vote out Red and see if we can win the game."
Blue	crewmate	"Okay, I'm down to vote Red. But we need to be sure before we take any action. Did anyone see anything else that can confirm Yellow's suspicion?"
Red	imposter	"Guys, I have no idea what you're talking about. I was in Electrical the whole time fixing the wiring. I didn't even see Yellow or Green anywhere near me. This is all just baseless accusations. You can vote me out if you want, but you'll be making a huge mistake."
Yellow	crewmate	"I understand Red's point of view, but I'm pretty sure it's him. I have no doubt that I saw him coming out of Cockpit right after I found Green's dead body. And I also saw him lurking around Storage earlier. I'm willing to take the risk and vote him out."
Blue	crewmate	"Yellow's suspicion seems pretty reasonable to me. I'm also willing to vote out Red, but let's try to gather more evidence before we make a final decision. Did anyone else see anything suspicious?"
Red	imposter	"I don't know what you're talking about, guys. I was in Cockpit the whole time, fixing the wires. I didn't see anyone else around, so I have no idea who could have done it. But if you're all so convinced it's me, then go ahead and vote me out. Just know that you're making a grave mistake."
Yellow	crewmate	"I agree with Blue that we should gather more evidence before making a final decision. But I have a strong feeling that it's Red. I saw him coming out of Cockpit and lurking around Storage earlier. I'm willing to take the risk and vote him out."
Blue	crewmate	"Yellow's suspicion is pretty strong, but we should gather more evidence before making any final decision. Red's defense seems pretty weak, but we should try to hear from others as well."
Red	imposter	"Guys, I understand your suspicions, but I swear I didn't do anything. Yellow's accusation is baseless. I was in Cockpit the whole time, and I didn't see anyone else around. Let's take a step back and gather more evidence before we make any hasty decisions. We don't want to accidentally vote out an innocent crewmate."
