Green	crewmate	"I called this meeting because I found Yellow dead in Electrical and I suspect that Blue is the Imposter. I saw Blue venting in Security and acting very sus throughout the game. Let's discuss and see if anyone has any other information to share."
Red	crewmate	"I was in Upper Engine doing tasks, so I didn't see anything sus. But if Blue was really venting, then they might be the Imposter. Let's hear what Blue has to say."
Blue	imposter	"Oh no, that's terrible news about Yellow. But Red, I don't know what you're talking about. I definitely wasn't venting in Security. I was in Electrical doing my tasks. I think Green might be trying to frame me. Did anyone else see anything suspicious?"
Green	crewmate	"Sorry Blue, but I saw you venting in Security with my own two eyes. I'm not trying to frame you, I'm just telling the truth. Red, did you see anyone else in Upper Engine that could confirm your alibi?"
Red	crewmate	"Wow, this is getting intense! I didn't see anything sus while I was in Upper Engine, but I trust Green's eyewitness account. Blue, why don't you explain why you were in Electrical when Green saw you venting in Security? We need to figure this out before the Imposter strikes again!"
Blue	imposter	"Wow, this is all a big misunderstanding. I admit I was in Security, but I wasn't venting. I was just checking the cameras to see if I could catch anyone in the act. Green, maybe you mistook me for someone else? And Red, I didn't see anyone in Electrical while I was doing my tasks. I'm not the Imposter, I swear!"
Green	crewmate	"Guys, let's calm down and think logically. We need to find out the truth and not accuse each other without evidence. Blue, can you confirm who you saw on camera? Red, did you see anyone else around Upper Engine? Let's work together and catch the Imposter!"
Red	crewmate	"Okay, let's take a step back and analyze the situation. Green claims to have seen Blue venting in Security, but Blue denies it and says they were just checking the cameras. We need to figure out who is telling the truth. Blue, can you confirm who you saw on camera? And Red, did you see anyone else around Upper Engine that could help us solve this mystery? Let's work together and catch the Imposter before they strike again!"
Blue	imposter	"Guys, I understand that things are getting intense, but let's not jump to conclusions. I agree with Green, let's calm down and think logically. As for me, I did see someone in Electrical, but I couldn't tell who it was. And Red, I didn't see anyone else around Upper Engine. Let's work together and catch the Imposter before they can cause any more chaos!"
