Green	crewmate	"Hey guys, I called this meeting because I stumbled upon Blue's dead body in Navigation. I'm not the Imposter, so I have no idea who did it. Does anyone have any sus?"
Red	crewmate	"OMG, that's crazy! I was in Admin doing my tasks when the emergency was called. I didn't see anyone sus around there. Maybe someone vented out? We should skip for now and keep an eye on each other."
Yellow	imposter	"I totally agree with Red. Skipping seems like the best option for now, but we should definitely be more careful moving forward. Let's keep an eye on each other and see if anyone's acting sus."
Green	crewmate	"Guys, I understand the need to skip, but we should at least try to narrow down the suspects. Does anyone have any idea who was in Navigation before I found Blue's body?"
Red	crewmate	"I agree with Green that we should try to narrow down the suspects. Yellow, do you remember seeing anyone in Navigation when you were there? We need to gather more information before we can vote."
Yellow	imposter	"Guys, I understand the need to gather more information, but I can't remember seeing anyone in Navigation while I was there. It's possible the imposter vented out, so skipping seems like the best option for now. But let's keep an eye on each other and try to catch the imposter in the act next time."
Green	crewmate	"Hey guys, I agree with Green and Red. We need to gather more information and narrow down the suspects. Skipping seems like a risky move, we don't want to let the imposter off the hook. Let's keep an eye on each other and try to catch the imposter in the act next time. Does anyone have any other leads or information that might help us figure this out?"
Red	crewmate	"Great job, team! I appreciate that we're all on the same page about narrowing down suspects and gathering more information. Skipping might be the easy way out, but we want to catch that imposter! Keep your eyes peeled, crewmates."
Yellow	imposter	"Hey guys, I'm really trying to blend in with the crew here, but I understand the need to gather more information. I don't remember seeing anyone in Navigation, but I'll keep an eye out. Skipping seems like the best option for now, but let's be on the lookout for any suspicious behavior. And remember, don't trust anyone!"
