Blue	crewmate	"Hey guys, I just called this emergency meeting because I found Red's dead body in Electrical. I think we should discuss our suspicions and find out who could have done this. I have a feeling that Green might be the Imposter, so let's hear what everyone has to say."
Yellow	crewmate	"I was in Lower Engine doing my tasks, so I didn't see anything suspicious. But I did see Yellow doing their tasks as well. So maybe we can clear Yellow out of suspicion?"
Green	imposter	"I can't believe Red is dead! I was in Electrical with Red earlier but then I left to do some tasks. I didn't see anyone else coming in or out of Electrical. I think we should keep an eye on Blue too, they seem a bit too eager to accuse me. And Yellow, you might have seen me doing my tasks, but that doesn't clear me of suspicion. Anyone could fake doing tasks. We should all be suspicious of each other until we have more information."
Blue	crewmate	"Guys, I understand that we're all a bit on edge right now, but let's try to stay focused. Green, I accused you because I saw you acting a bit suspicious earlier. I didn't say anything before because I wanted to gather more evidence. And Yellow, thanks for clearing me out of suspicion. But let's not be too quick to clear anyone just yet. We need to gather more information and keep an eye on each other's movements. Let's skip this vote for now and continue our tasks. We can reconvene later when we have more to discuss."
Yellow	crewmate	"I agree with Blue. We shouldn't be too quick to accuse anyone without solid evidence. Let's continue with our tasks and keep an eye on each other's movements. I'm still suspicious of Green, but I'm willing to wait for more information before voting anyone off."
Green	imposter	"I can't believe Red is gone! I was in Electrical fixing the wiring when I saw Red pass by. I didn't see anyone else in the room at the time. I understand why Blue might be suspicious of me, but I swear I'm innocent. Let's keep an eye on each other and gather more evidence before accusing anyone."
Blue	crewmate	"Wow, things are really heating up in Electrical! It's important to stay focused and not jump to conclusions. I agree with Blue and Yellow that we should gather more evidence and keep an eye on each other. Green, I understand you're innocent until proven guilty, but we'll be watching you closely. Let's continue with our tasks and reconvene later to discuss further."
Yellow	crewmate	"I totally agree with Blue, let's not be too quick to accuse anyone without solid evidence. We should keep an eye on each other's movements and gather more information before voting anyone off. Green, I understand you're innocent until proven guilty, but we'll be watching you closely. Let's all continue with our tasks and meet up later to discuss further."
Green	imposter	"I have to admit, I'm feeling a bit targeted here. I understand why you might be suspicious of me, but I swear I didn't do anything. Let's all just stick to our tasks and gather more information. I'm willing to do whatever it takes to prove my innocence."
