Green	crewmate	"Yo guys, I called this meeting because I found Yellow's dead body in Storage. I'm hella sus of Blue, I saw them venting and acting really sus earlier. We gotta get them outta here before they strike again!"
Red	crewmate	"Whoa, that's crazy! I didn't see anything though, so I can't really add anything to this conversation. But if Green saw Blue venting, then I'm definitely sus of them too. Let's vote them out and see what happens."
Blue	imposter	"I'm telling you guys, it wasn't me! I was just doing my tasks in Storage and I didn't see anyone else in there with me. Green must be lying or mistaken. Red, you gotta believe me, we've been crewmates for so long!"
Green	crewmate	"I swear on my life, guys, I saw Blue venting. I know it sounds crazy, but I'm not making this up. I was just minding my own business in Storage when I saw them disappear and then reappear out of nowhere. And now Yellow is dead? I'm telling you, it's gotta be them. We can't let the Imposter get away with this."
Red	crewmate	"Wow, this is intense! It definitely seems like we have a strong case against Blue. I trust Green's judgement and if they say they saw Blue venting, then I believe them. Sorry, Blue, but we gotta vote you off and make sure the Imposter doesn't win this round."
Blue	imposter	"I understand that it may seem like I'm guilty, but I promise you, I didn't vent. I think Green may have mistaken me for someone else or is trying to frame me. Please don't vote me off just yet, let's think this through and make sure we're making the right decision. Maybe we can gather more information and evidence before making a final decision."
Green	crewmate	"I know it's tough, but we gotta make a decision. Based on what I saw and what Green is saying, I think we should vote off Blue. We can always call an emergency meeting later if we find out we were wrong. Let's stick together and catch that Imposter!"
Red	crewmate	"Wow, this is getting crazy! I can't believe we already have a dead crewmate. Green's story seems pretty convincing, but let's not be too hasty in our decision. Blue's defense is also valid, so maybe we should gather more evidence before we vote. But I'm definitely keeping an eye on both of them for any suspicious behavior."
Blue	imposter	"I totally understand why everyone is suspicious of me, but I promise you guys, I didn't vent. I think Green might be trying to throw me under the bus. Let's not be too quick to make a decision and gather more evidence. We can catch the real Imposter if we work together."
