Blue	crewmate	"Guys, I called this meeting because I just found Green's dead body in the Cargo Bay. I was doing my tasks when I stumbled upon it, and I didn't see anyone else around. We need to figure out who did this before they strike again."
Red	crewmate	"Oof, that's rough. I haven't seen anyone around Upper Engine, so I can't provide much info, but we need to vote someone off before they take out another one of us. I'm gonna skip for now, but keep an eye out for any sus behavior."
Yellow	imposter	"Wow, that's crazy! I haven't seen anyone suspicious yet, but I'll definitely keep my eyes peeled. It's a shame we lost Green, but we need to work together to catch the imposter before they get us all. I'm gonna skip for now, but I'll be sure to report anything sus that I see."
Blue	crewmate	"Guys, this is really sad. I was just doing my tasks and found Green's body in Cargo Bay. I didn't see anyone else around, so I have no idea who could have done this. We need to work together and figure this out before they strike again. I'm not sure who to vote off yet, but let's keep an eye out for any sus behavior."
Red	crewmate	"Wow, that's a tough one. It's really sad to lose Green like that. I haven't seen any sus behavior either, but we need to be careful. Skipping for now, but let's keep an eye on each other and report anything suspicious we see."
Yellow	imposter	"Wow, it's really sad that we lost Green. It's getting harder to figure out who the imposter is. I haven't seen anything suspicious yet, but I'll keep a watchful eye. I'm skipping for now, but let's work together and catch the imposter before they get us all!"
Blue	crewmate	"Wow, I can't believe we lost Green. It's so sad. I didn't see anyone else in Cargo Bay, so I have no idea who did it. We definitely need to stick together and keep a close eye on each other. Let's skip for now, but stay alert and report any sus behavior we see."
Red	crewmate	"Wow, losing Green is really tough. It's good that we're all on the same page about keeping an eye out for sus behavior. Let's stick together and get to the bottom of this. Skipping for now, but let's stay alert and report any suspicious activity we see. We can do this, team!"
Yellow	imposter	"I'm glad we're all on the same page about keeping an eye out for sus behavior. But let's not forget that there's a killer among us. As for me, I have a hunch about who it might be, but I'll keep it to myself for now. Skipping for now, but I'm definitely keeping my eyes peeled."
