Yellow	crewmate	"Emergency meeting, guys! I found Red dead in O2!"
Green	crewmate	"OMG, that's so sus! I was in Cargo Bay doing my tasks. Did anyone see anyone vent or walk past O2?"
Blue	imposter	"Hehehe, sorry guys. I must have missed that. I was in O2 but I didn't see anyone walk past me. Maybe Red just self-reported?"
Yellow	crewmate	"Oh no, Red is dead! I found him in O2. I didn't see anyone around, but I think we should all share where we were. Green, you were in Cargo Bay? Anybody else see anything suspicious?"
Green	crewmate	"Yellow, thanks for calling the meeting. It's really sus that Red is dead in O2. I was in Cargo Bay doing my tasks and didn't see anyone walk past me. Blue, it's not funny. This is serious. Did you see anyone around in O2? We need to figure out who the imposter is before they strike again."
Blue	imposter	"Eh, I didn't really see anything out of the ordinary in O2. But I did see Green in Cargo Bay earlier, so maybe they're onto something. And let's not forget that Yellow found the body and reported it, so they could be innocent. We should definitely share where we were and try to figure this out as a team."
Yellow	crewmate	"I agree with Green, it's really suspicious that Red is dead in O2. I was doing my tasks in O2 and didn't see anyone around. Blue, you need to take this seriously. We need to work together to figure out who the imposter is before they strike again. Let's all share where we were and any information we have to catch the imposter."
Green	crewmate	"Guys, I agree with Yellow and Green that we need to be serious about this. Red is dead and we can't afford to lose any more crew members. Blue, we need to hear from you. Where were you when the incident happened? We need to work together and share information to catch the imposter. Let's get to the bottom of this and vote out the imposter before they can do any more damage."
Blue	imposter	"I totally get where you're all coming from. It's concerning that Red is dead and we need to work together to catch the imposter. As for me, I was in O2, but I didn't see anyone around. I'm willing to share any information I have and work with you all to figure this out. Let's catch the imposter and keep our crew safe!"
