Blue	crewmate	"Emergency meeting peeps! I found Yellow's body in Cargo Bay and I have a sus feeling about Red. I saw Red leaving the room just before I found the body. What do you guys think?"
Green	crewmate	"Okay, I was in O2 doing my tasks. I didn't see anything suspicious, but I'll trust your gut feeling, Blue. Let's vote Red and see if they're the Imposter."
Red	imposter	"Oh no, that's terrible news about Yellow. But I don't know what you're talking about, Blue. I was nowhere near Cargo Bay. Green, please don't trust Blue's gut feeling without any concrete evidence. I think we should skip this vote and continue with our tasks. We don't want to make a hasty decision and vote off an innocent crewmate."
Blue	crewmate	"Hey guys, I understand that we don't have concrete evidence yet, but I trust Blue's judgment. I also saw Red near Cargo Bay earlier, so I'm gonna go ahead and vote for Red. We can't risk having an Imposter among us."
Green	crewmate	"I agree with Blue's suspicion about Red. It's too much of a coincidence that Red was seen leaving the room just before Yellow's body was found. I'm voting for Red."
Red	imposter	"Hey guys, I understand your suspicions, but I'm innocent. I was doing my tasks in Electrical when Yellow's body was discovered. Blue, you must be mistaken about seeing me near Cargo Bay. I'm voting to skip this vote and continue with our tasks. Let's not make a hasty decision and vote off an innocent crewmate."
Blue	crewmate	"I think we should trust Blue's gut feeling and vote off Red. It's too much of a coincidence that Red was near Cargo Bay and now they're trying to deflect suspicion. We can't risk having an Imposter among us."
Green	crewmate	"Guys, I'm with Blue and Green on this one. Red's story isn't adding up and it's definitely suspicious that they were near Cargo Bay before Yellow's body was found. I'm voting for Red."
Red	imposter	"I gotta admit, it's pretty sus that Blue saw me near Cargo Bay. But I swear on my crewmate status that I was in Electrical doing my tasks when Yellow's body was found. I understand your suspicions, but please, let's not make a hasty decision and vote me off. We could be losing an innocent crewmate and letting the Imposter get closer to winning."
