Green	crewmate	"Guys, I found Yellow's dead body in Lower Engine! I repeat, I found a dead body! We need to discuss who we think the Imposter could be."
Red	crewmate	"OMG, that's insane! I was in Storage and didn't see anything suspicious. Who was with Yellow last? We need to figure out who could have done this."
Blue	imposter	"I can't believe someone would do this! I was in Lower Engine doing my tasks when I saw Yellow pass by, but I didn't see anyone else around. We should definitely discuss who we think the Imposter could be and try to figure this out together."
Green	crewmate	"Guys, we need to stay focused here. I'm pretty sure I saw Red in Electrical earlier, but that doesn't necessarily mean they're the Imposter. Let's share all the information we have and try to piece this together."
Red	crewmate	"Wow, this is crazy! I had no idea this was happening. I was just doing my tasks in Storage. It's really important that we work together and share all the information we have. Let's figure out who could have done this and vote them out!"
Blue	imposter	"I totally agree with Green. We need to stay focused and share all the information we have. It's important that we figure out who could have done this and vote them out. Let's work together to solve this mystery!"
Green	crewmate	"I agree with everyone. We need to work together and share all the information we have. Let's solve this mystery and vote out the Imposter!"
Red	crewmate	"I really appreciate everyone's commitment to solving this mystery and working together as a team. Let's keep sharing information and find the Imposter!"
Blue	imposter	"I'm just here doing my tasks in Lower Engine, but I'm glad to see everyone working together and sharing information. It's important that we find the Imposter and vote them out before they cause any more trouble."
