Green	crewmate	"Hey guys, I've found Red's body in Lower Engine. I didn't see anyone around when I found it, but we need to figure out who the imposter is before it's too late. Anybody have any suspicions or clues?"
Blue	crewmate	"Guys, I was in Storage with Yellow when the emergency meeting was called, so I couldn't have done it. I don't have any suspicions yet, but we need to be careful and keep an eye on each other. Let's skip for now and keep looking for clues."
Yellow	imposter	"Wow, I can't believe someone would do that to Red. I was in Electrical at the time of the murder, so I didn't see anything. But I'm willing to skip for now and keep an eye on everyone."
Green	crewmate	"Guys, I believe Blue's alibi checks out since I saw them in Storage earlier. I don't have any suspicions yet, but we should definitely keep a close eye on each other. Skipping for now sounds like a good idea, but let's not forget to keep searching for clues."
Blue	crewmate	"Thanks for the update, guys. It's good to know that my alibi checks out. Let's keep investigating and stay alert. We can't let the imposter get away with this."
Yellow	imposter	"Phew, that was close. Blue's alibi checks out, but I'll have to be extra careful now. I'll try to blend in and keep an eye on everyone. Skipping for now seems like a good idea, but I'll make sure to keep searching for the right opportunity to strike."
Green	crewmate	"I agree with Blue's alibi and I think skipping for now is a good idea. We need to keep searching for clues and stay alert. Let's not forget to keep an eye on Yellow as well, since they seem a bit suspicious."
Blue	crewmate	"I'm glad my alibi checks out, but we can't let our guard down. Let's keep investigating and searching for clues. I trust Green's judgement and agree that skipping for now is a good idea, but let's not forget to keep an eye on all of us, including Yellow."
Yellow	imposter	"I totally agree with Blue and Green. Skipping for now seems like a wise move, but I'll make sure to keep a close eye on everyone. Let's catch that imposter together!"
