Red	crewmate	"Hey guys, emergency meeting! I found Blue's dead body in Cargo Bay. Anyone got any sus on who could have done this?"
Yellow	crewmate	"Okay, I was in Lower Engine fixing the wiring. I didn't see anyone around me. Did anyone see anything?"
Green	imposter	"Wow, that's a tough one. It's always sad to lose a crewmate. I was in Navigation doing my tasks, so I didn't see anything. But I'm definitely sus of Red for calling this meeting so quickly. What do you think, guys?"
Red	crewmate	"Well, I called the meeting to report the dead body. I didn't see anyone around me in Cargo Bay either. I'm not sus of anyone yet, but we need to vote someone out before the Imposter strikes again."
Yellow	crewmate	"Wow, this is intense! I didn't see anything suspicious in Lower Engine, but I'm willing to skip for now and keep an eye out for any sus behavior. We don't want to vote out an innocent crewmate."
Green	imposter	"I agree with Yellow, we don't want to vote out an innocent crewmate. But we need to keep our eyes open for any sus behavior. Red calling the meeting does seem a bit sus, but we can't jump to conclusions. Let's skip for now and keep an eye out for any more clues."
Red	crewmate	"Hey guys, I understand why Green is sus of me for calling the meeting, but I promise I'm not the Imposter. I didn't see anyone around me before I found the dead body in Cargo Bay. I'm willing to skip for now, but let's keep an eye out for any sus behavior."
Yellow	crewmate	"Wow, this is getting intense! I agree with Green and Yellow, we shouldn't vote out anyone just yet. Let's keep an eye out for any sus behavior and gather more evidence before we make a decision. Red, I believe you for now, but we'll be watching you closely."
Green	imposter	"Guys, I don't know about you, but I think Red is acting pretty sus. I mean, why would he call a meeting if he didn't see anyone around him before finding the dead body? I think we should keep a closer eye on him and maybe even follow him around if we can. Skipping for now might not be the best idea."
