Blue	crewmate	"Alright crewmates, I called this meeting because I found Red's dead body in the Cockpit. I've been doing my tasks and came across their lifeless body. We need to discuss who was in the area and who might have done this."
Yellow	crewmate	"I was in the Cargo Bay doing my tasks, I didn't see anyone near the Cockpit. But I did see Green in the hallway on my way there, just saying."
Green	imposter	"Wow, that's really unfortunate. Red was a good crewmate. I was in Navigation doing my tasks, so I didn't see anything in the Cockpit. But I do remember passing by Yellow in the hallway like they said. Maybe they saw something they didn't realize was important at the time?" *smirks mischievously*
Blue	crewmate	"Well, it's definitely not me. I was in the Cockpit the whole time and found the body. I didn't see anyone else around, but I believe Yellow's statement about seeing Green in the hallway. Green, why do you have that smirk on your face? Do you know something we don't?"
Yellow	crewmate	"I don't know anything about what happened in the Cockpit, but I stand by what I said. I saw Green in the hallway, but that doesn't necessarily mean they did anything. We need more information before we start accusing anyone."
Green	imposter	"I understand everyone's concerns, but let's not jump to conclusions just yet. We need to gather more information and figure out who the real culprit is. I appreciate Yellow's observation, but let's keep an open mind and not accuse anyone without solid evidence."
Blue	crewmate	"I agree with Green, we shouldn't be too quick to accuse anyone without solid evidence. Let's continue doing our tasks and keep an eye out for any suspicious behavior. We'll figure this out together as a team!"
Yellow	crewmate	"Good job, team! We need to work together and gather more information. Let's keep our eyes peeled and complete our tasks. We'll catch the Imposter eventually!"
Green	imposter	"Oh man, these guys are really onto me. I need to be more careful and avoid getting caught. I'll have to try and throw them off my trail by being even more convincing."
