Red	crewmate	"Hey guys, I stumbled upon poor Green's lifeless body in MedBay. I think we have a sus situation on our hands. I didn't see anyone around, but I did see Yellow acting a bit sus earlier. Anybody see anything or have any info to share?"
Blue	crewmate	"I was in Navigation doing my tasks, didn't see anything sus. But I trust Red's instincts on this one, let's keep an eye on Yellow."
Yellow	imposter	"Wow, that's really unfortunate. I didn't see anything either, but I agree that we should keep an eye on Yellow. They have been acting a bit sus lately, so it wouldn't be surprising if they were the one responsible for this."
Red	crewmate	"Hey guys, it's really unfortunate that we lost Green. I didn't see anyone around when I found the body in MedBay, but I did see Yellow acting a bit sus earlier. Blue, thanks for having my back on this one. Yellow, I understand that you didn't see anything, but your recent behavior has been a bit sus. Let's keep an eye on them and try to gather more information before we make any accusations."
Blue	crewmate	"Wow, that's really unfortunate. It's good that Red found the body and reported it. I was in Navigation doing my tasks, didn't see anything sus. But I trust Red's instincts on this one, let's keep an eye on Yellow. I agree with Yellow that we should gather more information before making any accusations. Let's work together to figure out who the Imposter is."
Yellow	imposter	"Well guys, it's really unfortunate that we lost Green. I didn't see anyone around when I found the body in MedBay, but I think we should definitely keep an eye on Yellow. I understand that my recent behavior has been a bit sus, but I swear I was just doing my tasks. Let's work together to gather more information and figure out who the real Imposter is."
Red	crewmate	"Hey guys, it's really unfortunate that we lost Green. I didn't see anyone around when I found the body in MedBay, but I did see Yellow acting a bit sus earlier. Let's keep an eye on them and try to gather more information before we make any accusations. We need to work together to figure out who the Imposter is and save our crewmates."
Blue	crewmate	"Wow, it's really sad that we lost Green. I was in Navigation doing my tasks and didn't see anything sus. But I trust Red's instincts on this one and agree that we should keep an eye on Yellow. Let's work together to gather more information and figure out who the Imposter is. We can do this, team!"
Yellow	imposter	"I understand why you all may be suspicious of me, but I promise that I am not the Imposter. I agree with Red and Blue that we should keep an eye on me, but let's not forget to gather more information and not jump to conclusions. We need to work together and figure out who the real Imposter is before it's too late. Let's do this, crewmates!"
