Blue	crewmate	"Hey guys, emergency meeting! I just found Yellow's lifeless body in Shields. It's sus because I was with Green in Electrical and Red was all the way in Navigation. Anyone have any clues or saw anything?"
Red	crewmate	"Okay, I was in Electrical doing my tasks and I didn't see anyone come in or out. But I did see Green doing the same task as me, so I think they're clear. I didn't see anything sus from Blue either. Maybe Yellow was just in the wrong place at the wrong time."
Green	imposter	"I was in Reactor doing my tasks, far from Shields. I didn't see anyone passing by. But I'm surprised to hear that Blue and Red were together in Electrical. That's pretty sus if you ask me."
Blue	crewmate	"I agree with Red, I didn't see anything sus from him or Green when I was with them in Electrical. I didn't see anyone else in the area either. But Green's reaction to our alibi seems a little sus to me. Maybe we should keep an eye on them."
Red	crewmate	"I agree with Red and Blue. It seems like Yellow might have just been in the wrong place at the wrong time. I don't think Green is sus just because they were far from Shields. Let's keep an eye out for any more clues before we make any accusations."
Green	imposter	"I was in Reactor doing my tasks, so I didn't see anything in Electrical. But I'm not convinced that Yellow is innocent just because they were in the wrong place at the wrong time. Let's keep investigating and see if we can find any more evidence."
Blue	crewmate	"I think we need to be cautious and keep an eye on all players, including Green. Let's try to gather more evidence before we make any accusations."
Red	crewmate	"Seems like we're all on the same page here. Let's keep our eyes peeled for any suspicious behavior and gather more evidence before we make any accusations. Good teamwork, crewmates!"
Green	imposter	"I couldn't agree more with Red. It's important that we don't jump to conclusions too quickly. We should all keep an eye out for any suspicious behavior and gather more evidence before we accuse anyone. Let's work together as a team to find the imposter!"
