Green	crewmate	"Hey guys, I just called this meeting because I found Red's dead body in the Cafeteria. I didn't see anyone around when I found it, but we need to discuss and figure out who the Imposter is."
Blue	crewmate	"OMG, that's crazy! I was in O2 doing my tasks the whole time. Did anyone see anything suspicious?"
Yellow	imposter	"Wow, that's really sus. I didn't see anyone around when I was in Shields, but I'll keep my eyes peeled for any sus activity. Where was everyone else during the time of the murder?"
Green	crewmate	"Well, I was doing my tasks in Admin and didn't see anyone around. But we need to figure out where everyone else was before we make any accusations. Let's work together to find the Imposter!"
Blue	crewmate	"Guys, we need to stay alert and keep an eye out for any sus behavior. Remember to complete your tasks and report any suspicious activity you see. Let's work together to find the Imposter and win this game!"
Yellow	imposter	"I totally agree with Green. We need to figure out everyone's whereabouts before we start accusing anyone. But I have a feeling that the Imposter is someone who's good at hiding their tracks. Let's keep our eyes peeled and find any sus activity. We got this, crewmates!"
Green	crewmate	"Good teamwork, crewmates! Let's focus on completing our tasks and keeping an eye out for any sus behavior. The Imposter won't stand a chance against us if we work together!"
Blue	crewmate	"Great job, team! We are all on the same page. Let's continue to work together and stay vigilant. Remember, the Imposter could be anyone, so let's keep an eye out for any sus behavior. We got this!"
Yellow	imposter	As the Imposter player Yellow, my response to the conversation would be: "Oh, I totally agree with you guys. We should definitely keep an eye out for any sus behavior. But you know what they say, keep your friends close and your enemies closer. I'll make sure to keep a closer eye on all of you."
