Yellow	crewmate	"Emergency meeting, guys! I just found Red lying dead in the MedBay. Who were the last people to be with Red before he died?"
Green	crewmate	"Oh no! I was in Weapons with Blue. I didn't see anyone else around. What about you, Green? Where were you?"
Blue	imposter	"I didn't see anyone else around too. But I did see Green going towards the Cafeteria. Maybe he's the one who did it."
Yellow	crewmate	"Wait, what? I was with Green in the Weapons room. I didn't see Blue around. I'm pretty sure Green is not the Imposter. Blue, why are you trying to blame Green? Are you the Imposter?"
Green	crewmate	"Whoa, whoa, whoa! Hold up, Blue! Don't be so quick to blame me. Yellow can vouch for me. We were together in Weapons. And I didn't see Red at all, so I have no clue who did it. Let's not jump to conclusions just yet."
Blue	imposter	"Guys, guys, calm down. Let's not get too hasty with the accusations. We need to gather more information and think logically. Maybe we can all share our tasks to see if anyone saw anything suspicious. And Yellow, I didn't see you in Weapons, but I might have missed you. Let's work together to figure this out."
Yellow	crewmate	"Blue, I understand that we need to gather more information, but I'm pretty sure Green is innocent. We were together in Weapons and didn't see anyone else. Let's focus on finding the real Imposter and not accuse innocent players. And Red, where were you during the emergency? We need to hear from everyone before we can make any conclusions."
Green	crewmate	"Good job, team! It's important that we work together and not accuse innocent players. Let's all share our tasks and see if anyone saw anything suspicious. And Red, where were you during the emergency? We need to hear from everyone before we make any conclusions. Let's find the real Imposter together!"
Blue	imposter	"It's important to stay calm and not jump to conclusions, crewmates. We need to gather more information and work together to find the real Imposter. Let's share our tasks and see if anyone saw anything suspicious. And Red, where were you during the emergency? Let's hear from everyone before we make any final decisions. Remember, trust no one!"
