Blue	crewmate	"Hey guys, I called this meeting because I found Green's dead body in Cafeteria. I didn't see anyone else in the area, but I did see Yellow acting kinda sus earlier on. I think we should discuss and figure out what happened."
Red	crewmate	"Okay, I trust Blue's instincts. Let's discuss and figure out who the Imposter is. I was in Navigation the whole time, so I didn't see anything suspicious."
Yellow	imposter	"Wow, I can't believe Green is dead! But I swear, I was nowhere near Cafeteria. Blue, you could be venting. Red, you're always in Navigation, so how do we know you're not the Imposter? I think we need to consider all the possibilities before we make any accusations."
Blue	crewmate	"Guys, I understand Yellow's point, but I didn't vent and I saw Yellow acting suspicious earlier. I think we should still consider Yellow as a suspect, but we can discuss other possibilities too. Let's work together and figure out who the Imposter is before it's too late!"
Red	crewmate	"Thanks for bringing this up, Blue. It's always tough when one of us gets killed. I trust Blue's instincts too, so we should definitely keep an eye on Yellow. But let's also keep an open mind and consider other possibilities. Maybe someone else saw something that could help us figure out who the Imposter is. Let's work together and get this sorted out!"
Yellow	imposter	"I understand your concerns, but I swear I was nowhere near Cafeteria when Green was killed. I think we should definitely keep an eye on me, but let's not forget to consider other possibilities too. Maybe someone else saw something that can help us figure out who the Imposter is. Let's work together and get this sorted out before it's too late!"
Blue	crewmate	"Hey guys, I appreciate that we are all working together to figure out who the Imposter is. Yellow, I understand your innocence, but we do need to consider all possibilities. Red, I trust you too, but we need to keep an open mind. Let's continue to discuss and share any information we have to catch the Imposter before they strike again!"
Red	crewmate	"Great job, everyone! I appreciate how we are all working together and sharing our thoughts. Let's keep an open mind and consider all possibilities. Remember, we're a team and we can catch the Imposter if we work together!"
Yellow	imposter	"Guys, I'm just saying, I was doing my tasks in Electrical when Green was killed in Cafeteria. But I'm definitely willing to help figure out who the Imposter is. Let's stick together and get this sorted out before they strike again!"
