Yellow	crewmate	"Hey everyone, I just wanted to call a meeting to report that I found Green's body in Navigation. I have no idea who could have done this, so I think we should discuss and try to figure out who the sus players are."
Blue	crewmate	"OMG, that's terrible news! Thanks for calling this meeting, Yellow. I didn't see anyone in or around Navigation, but I was busy completing my tasks in Weapons. We should definitely discuss and share any information we have to find the imposter."
Red	imposter	"Wow, that's really unfortunate. I was in Communications, nowhere near Navigation. We definitely need to figure out who the sus players are and vote them off before they strike again. Let's get to the bottom of this, crewmates!"
Yellow	crewmate	"Thanks for the concern, crewmates. I agree that we need to work together to find the imposter before they strike again. I didn't see anyone around Navigation either, but I did see Red in Communications when I passed by. Maybe they saw something suspicious there? Let's share any information we have and try to solve this mystery together."
Blue	crewmate	"I agree with Yellow, we need to work together and share any information we have to catch the imposter. It's really sad that Green got killed, but we have to keep our head in the game and not let emotions cloud our judgement. I didn't see anyone around Navigation, but I'm willing to listen to any theories or suspicions that you guys might have."
Red	imposter	"I totally agree with you guys. It's really sad that Green got eliminated, but we can't lose focus. I didn't see anyone around Navigation either because I was busy sabotaging the Oxygen in Admin. But I'm willing to listen to any theories or suspicions that you guys might have. Let's catch the imposter together!"
Yellow	crewmate	"I'm glad to see that we are all on the same page. Let's work together to catch the imposter and avenge Green's death. Red, do you have any information about what you saw in Communications? We need to gather as much information as possible to catch the imposter before they strike again."
Blue	crewmate	"Wow, I'm impressed with how well we are working together. It's great that we are all willing to share our suspicions and theories. Red, I appreciate your willingness to listen to us even though you were busy sabotaging the Oxygen. Let's keep the communication going and catch that imposter before they strike again!"
Red	imposter	"Thanks for the update, guys. I'm glad to see that we are all on the same page and working together. Unfortunately, I didn't see anything in Communications because I was venting around the ship. But I'm definitely keeping an ear out for any suspicious behavior. Let's catch that imposter and avenge Green's death!"
