Yellow	crewmate	"Yo, guys, I called this meeting because I found Green's body in O2. It's really sus because I saw Blue coming from that direction right before I found the body. I'm not saying definitively that it's Blue, but we gotta be careful here, ya know?"
Red	crewmate	"Whoa, that's really sus. But I don't think it's Blue because I saw him doing a task in Cargo Bay and he didn't vent or anything. We should keep an eye on him, but let's also not forget to check if anyone else was in the area at the time of the kill."
Blue	imposter	"Hey, I was just doing my task in O2. I didn't see anyone else in the area. But Yellow's accusation is really sus. Maybe we should also check where Red was around the time of the kill."
Yellow	crewmate	"I know it's not me, guys. I was just in O2 doing my tasks, minding my own business. But I agree with Red, we should check if anyone else was around the area at the time of the kill. Let's not jump to conclusions here."
Red	crewmate	"I agree with Yellow and Red. We shouldn't jump to conclusions and accuse someone without evidence. Let's gather more information and see if anyone else was in the area at the time of the kill. We need to be careful not to vote out an innocent crewmate."
Blue	imposter	"I'm glad they're not onto me yet. I need to be more careful and try to divert their suspicion towards someone else. Maybe I can fake a task in Cargo Bay and make someone else seem sus. Let's see how this plays out."
Yellow	crewmate	"I totally agree with Red and Blue. We need to be careful not to falsely accuse someone. Let's gather more information and try to find evidence before we jump to conclusions. I trust that we can figure this out together."
Red	crewmate	"I agree with Yellow and Red, we shouldn't be too hasty and falsely accuse someone. We need to gather more information before making any decisions. It's important that we work together as a team and find evidence to support our suspicions."
Blue	imposter	"I can't believe they're falling for this. They have no idea that I'm the imposter. I need to keep playing it cool and try to steer suspicion away from myself. Maybe I can sabotage something in Electrical and then pretend to fix it to gain their trust."
