Red	crewmate	"Hey, guys! I just found Yellow's dead body in Upper Engine! This is sus, we need to discuss and find out who the imposter is before they strike again."
Blue	crewmate	"Okay, okay, I hear you, Red. That's really sus. I was in Cargo Bay doing tasks, so I didn't see anything. But we need to stick together and figure out who could have done this. Any sus on anyone in particular?"
Green	imposter	"Wow, that's really sus. I didn't see anyone in Upper Engine, but I was in Navigation doing tasks. We definitely need to stick together and investigate. Does anyone have any sus on who could have done this? We can't let the imposter get away with this."
Red	crewmate	"Guys, I'm glad we're all on the same page. I don't have any specific sus on anyone, but we definitely need to stick together and keep an eye out for any sus behavior. Let's investigate and try to figure this out before the imposter strikes again."
Blue	crewmate	"Wow, this is really sus. It's scary to think the imposter could be one of us. I didn't see anything in Cargo Bay, but I'm willing to help investigate and figure out who could have done this. Let's stick together and keep our eyes peeled for any sus behavior."
Green	imposter	"Guys, I totally agree with sticking together and investigating. But let's not forget that there is a possibility that someone could be faking their tasks. I suggest we keep a close eye on each other and try to catch the imposter in the act."
Red	crewmate	"Great job, guys! We're all on the right track. Let's stick together and be vigilant. And Green, that's a good point. We should definitely keep an eye on each other's tasks and movements. We don't want to end up accusing an innocent crewmate."
Blue	crewmate	"Totally agree with all of you guys. It's important that we stick together and keep an eye out for any sus behavior. Let's get to investigating and catch that imposter!"
Green	imposter	"Wow, you guys are really on top of things! I totally agree that we need to stick together and investigate. But don't forget, the imposter could be any one of us, even those who seem innocent. I'm all for keeping a close eye on each other's movements and tasks to catch any sus behavior. Let's catch that imposter and save the ship!"
