Yellow	crewmate	"Hey guys, I just stumbled upon Red's body in Lower Engine! I'm not sure who did it, but we need to figure this out before the Imposter strikes again."
Blue	crewmate	"OMG, that's so sus! I was in Cargo Bay doing my task, so I didn't see anything. But we need to vote someone off before it's too late. Any sus on anyone else?"
Green	imposter	"Wow, that's really sus. I was in Storage doing my task, so I didn't see anything either. But I agree with Blue, we need to vote someone off before the Imposter strikes again. I don't have any sus on anyone else right now, but I'm definitely keeping my eyes peeled."
Yellow	crewmate	"Well, I didn't see anyone around Lower Engine when I passed by earlier, so I have no idea who could have done it. But I agree, we need to vote someone off before they strike again. I don't have any sus on anyone, but let's keep an eye out for any weird behavior."
Blue	crewmate	"OMG, this is so intense! I'm so glad Yellow found the body, but who could have done it? I don't have any sus on anyone yet, but we can't afford to wait around. We need to vote someone off before the Imposter strikes again. Let's keep our eyes peeled for any sus behavior."
Green	imposter	"Guys, I understand the urgency, but let's not rush into any accusations. We need to gather more information and evidence before we vote off someone. We don't want to accidentally vote off an innocent crewmate and give the Imposter the advantage. Let's all keep an eye out for any sus behavior and report any findings during emergency meetings."
Yellow	crewmate	"I agree with Green that we need more information before we start accusing anyone. Let's keep an eye out for any unusual behavior and report back during the next emergency meeting. We don't want to accidentally vote off an innocent crewmate and give the Imposter the upper hand."
Blue	crewmate	"Guys, I agree with Yellow and Green. We need to gather more evidence before we start voting people off. Let's keep an eye out for any sus behavior and report back during the next meeting. We don't want to risk voting off an innocent crewmate and giving the Imposter an advantage. Stay vigilant!"
Green	imposter	"Totally agree with you guys. We need to be careful and not make any hasty decisions. As the Imposter, I'll be sure to keep my behavior in check and try to blend in with the crew. Let's work together and catch the Imposter red-handed!"
