Yellow	crewmate	"I called this meeting because I just found Blue's dead body in Security. I was completing a task and stumbled upon it. I think we need to discuss who was in the area and if anyone saw anything suspicious."
Red	crewmate	"Wow, that's crazy! I didn't even see anyone around Security when I was doing my tasks in Upper Engine. Did anyone else see anything suspicious?"
Green	imposter	"Wow, that's really sus. I was in Admin doing my task the whole time, so I didn't see anything in Security. But, I think we should definitely discuss who was in the area and try to figure out who could have done this."
Yellow	crewmate	"I agree with Green, we need to figure out who was in the area and try to piece together what happened. I didn't see anyone suspicious when I was in Security, but maybe someone else did."
Red	crewmate	"I agree with Yellow and Green, we definitely need to figure out who was in the area and try to gather some more information. Hopefully someone saw something suspicious that can help us figure out who did this."
Green	imposter	"Guys, I don't know what you're talking about. I was nowhere near Security. I was doing my tasks in Electrical. Maybe we should focus on who was actually in the area instead of just blindly accusing people."
Yellow	crewmate	"Looks like we're all on the same page here. Let's focus on gathering information and figuring out who was in the area during the time of the incident. Accusations won't get us anywhere, we need to work together to solve this."
Red	crewmate	"Great points from everyone. I agree that we need to gather more information and figure out who was in the area. Let's work together and stay vigilant, Imposter could be among us."
Green	imposter	"I totally agree with Yellow and Red. We need to gather more information and figure out who was in the area during the time of the incident. But, I must say that accusations won't get us anywhere, so let's focus on finding clues and working together to solve this mystery."
