Yellow	crewmate	"Hey crewmates, I'm calling this meeting because I found Green's body in Cargo Bay. We need to start figuring out who the imposter is before they take us all out one by one!"
Red	crewmate	"Wow, that's crazy! I was in the Cockpit doing tasks this whole time, I didn't see anything. But we definitely need to start investigating and figure out who the imposter is before they strike again!"
Blue	imposter	"Whoa, that's wild! I was in Electrical fixing the wiring, didn't see anyone around. But we definitely need to start sus-ing out the imposter before they get us all."
Yellow	crewmate	"Agreed, we need to start investigating and figure out who the imposter is before they strike again. Does anyone have any suspicions or clues?"
Red	crewmate	"I didn't see anything suspicious while doing my tasks in the Cockpit, but we need to start investigating and gathering clues to figure out who the imposter is before it's too late. Let's work together to find the imposter and vote them out!"
Blue	imposter	"Hey guys, I agree with all of you. It's important that we work together and start investigating. I didn't see anyone around me in Electrical, but we should definitely start sus-ing out the imposter before they strike again. Let's gather clues and vote them out!"
Yellow	crewmate	"Looks like everyone's on the same page. Let's split up and gather as much information as we can. We can reconvene and share our findings later on. Remember, trust no one!"
Red	crewmate	"Totally agree with everyone, we need to start working together and gathering clues to find the imposter. I was in the Cockpit doing my tasks and didn't see anything suspicious. Let's split up and investigate. Remember, trust no one!"
Blue	imposter	"Looks like we're all on the same wavelength. I was in Electrical and didn't see anyone around me, but I'm definitely down to help investigate. Let's split up and gather those clues! And remember, keep your sus levels high."
