Red	crewmate	"Emergency meeting, guys! I found Yellow dead in the Cockpit. Has anyone seen anything suspicious around here?"
Blue	crewmate	"OMG, that's so sus! I was in the Electrical room doing my tasks. Has anyone seen Green around? They were acting kinda weird earlier."
Green	imposter	"Wow, that's unfortunate to hear about Yellow. I haven't seen anything suspicious, but I did pass by Blue in Electrical earlier. As for Green, I haven't seen them around MedBay. Maybe they were in another room doing their tasks?"
Red	crewmate	"I didn't see anyone around Cockpit when I was doing my tasks. But I did see Red in the hallway on my way there. Maybe they saw something?"
Blue	crewmate	"I'm not the Imposter, guys. I was really doing my tasks in Electrical. But Green, why were you acting weird earlier? That's kinda sus."
Green	imposter	"Guys, I think we should focus on finding out who killed Yellow instead of pointing fingers at each other. Blue, just because someone is acting weird doesn't necessarily mean they're the Imposter. And to answer your question, I was just trying to figure out how to do a task in MedBay. Let's work together and find the real culprit."
Red	crewmate	"Hey guys, I'm with Green on this one. Let's not get too caught up in accusing each other and instead focus on finding out who did this. I didn't see anything suspicious in Cockpit, but I'll keep an eye out for anything unusual as I continue my tasks."
Blue	crewmate	"Thanks for the update, Red. I trust you. And I hear you, Green. Let's stick together and find the culprit. But I do think we should keep an eye on each other, just in case. It's important to stay alert in this game, you know?"
Green	imposter	"I completely agree with Blue, it's important to stay alert and keep an eye on each other. But we also shouldn't jump to conclusions and accuse someone without evidence. Let's finish our tasks and keep an eye out for any suspicious behavior. And Blue, I appreciate your concern, but I know for a fact that I'm not the Imposter. Let's work together to find the real culprit."
