Blue	crewmate	"Hey everyone, I just found Yellow's dead body in Storage. I don't wanna point fingers or anything, but I've been keeping an eye on Green and they've been acting pretty sus. I think it's worth discussing and figuring out if anyone has any information."
Red	crewmate	"I was in Reactor doing my tasks, so I didn't see anything suspicious. But I agree we should discuss and try to figure out who the imposter is. Green, do you have anything to say for yourself?"
Green	imposter	"Sorry guys, I was doing my tasks in Storage when the body was reported. I didn't see anyone around. But I agree, we need to figure out who the imposter is. I think we should skip this vote and keep an eye on everyone during the next round."
Blue	crewmate	"Guys, I understand that we need to be careful and not accuse anyone without evidence. But I agree with Blue that Green has been acting sus. I'll keep an eye on them during the next round and see if I notice anything else."
Red	crewmate	"Wow, this game is getting intense! I didn't see anything in Reactor, but I trust Blue's judgement. Let's keep an eye on Green and see if anything else comes up. Good luck, crewmates!"
Green	imposter	"Hey guys, I understand your concerns, but I'm confident that I'm not the imposter. Let's skip this vote and work together to complete our tasks. We'll catch the imposter soon enough!"
Blue	crewmate	"Wow, things are really heating up! I agree with Red, let's keep an eye on Green and see if anything else suspicious happens. But for now, I think skipping the vote is a good idea. Let's focus on finishing our tasks and catching that imposter!"
Red	crewmate	"I totally agree with Blue and Red. We need to be careful and not accuse anyone without evidence. Let's keep an eye on Green and see if anything else comes up. But for now, let's skip the vote and work on completing our tasks. We'll catch the imposter soon enough!"
Green	imposter	"I totally agree with my crewmates. Let's skip the vote and focus on completing our tasks. I'll try my best to be a productive crewmate."
