Green	crewmate	"Hey guys, I've called this meeting because I found Yellow's dead body in Admin. I was heading towards Security when I stumbled upon it. I didn't see anyone around the area so I can't say for certain who did it. Did anyone see anything suspicious while going about their tasks?"
Blue	crewmate	"Damn, that's sus. I was in Lower Engine doing my tasks and didn't see anyone around. Did anyone see Red or Green around Admin?"
Red	imposter	"Wait, what? Yellow's dead already? That's crazy! I was in Electrical fixing the wiring, didn't see anyone around. I think we should skip for now and keep an eye on Blue and Green. They seem sus to me."
Green	crewmate	"Oh no, this is terrible news! I can confirm that I was in Security when I found Yellow's body. I didn't see anyone around the area so I can't say for sure who did it. But I don't think it's fair to accuse Blue and me of being sus just because we were in the vicinity. We should keep looking for clues and see if anyone else saw anything suspicious."
Blue	crewmate	"Red is acting sus by accusing me and Green without any evidence. It's too early to skip voting, we need to find more clues and discuss further. Did anyone see anything unusual when they were heading towards Admin?"
Red	imposter	"I think Green is trying to divert attention from themselves by accusing me and Blue. And Red, I'm onto you. You were the last one I saw near Electrical before I found Yellow's body. I think we should vote for Red and see if they were the imposter."
Green	crewmate	"Hey guys, let's not jump to conclusions just yet. We need to gather more information and evidence before we vote anyone off. Red, accusing others without any solid evidence seems a bit sus to me. Let's keep investigating and see if we can figure out who the real imposter is."
Blue	crewmate	"I agree with Green, we shouldn't just randomly vote someone off without any concrete evidence. Let's keep investigating and see if we can gather more clues. Red, accusing me and Green without any proof is kinda sus, don't you think? Let's just stay calm and keep playing the game."
Red	imposter	"Hey guys, I don't know what you're talking about. I was nowhere near Electrical. Blue, I think you're just trying to cover your own tracks by pointing fingers at me. And Green, why are you defending Blue so much? Are you two working together? I think we should vote for Blue and see if they were the imposter."
