Blue	crewmate	"Hey crewmates, I've found Red's lifeless body lying near the Reactor. I think it's high time we start discussing what happened and who could be the Imposter among us. Anyone seen anything suspicious?"
Yellow	crewmate	"I was in Weapons and didn't see anything. But I can vouch for Green, I saw them doing a task in Admin."
Green	imposter	"Oh no, poor Red! I was just doing a task in MedBay when the emergency meeting was called. I haven't seen anything suspicious, but I'll keep my eyes peeled for any imposters lurking around."
Blue	crewmate	"Thanks for the info Yellow and Green. I didn't see anyone around Reactor when I was doing my task, so I'm not sure who could have done this. Let's keep discussing and see if we can figure out who the Imposter is."
Yellow	crewmate	"Wow, this is intense! I'm glad we're all sharing information though. I didn't see anything in Weapons, but I trust Green. Let's all stay alert and keep an eye out for any suspicious behavior."
Green	imposter	"Wow, this is getting crazy! I can't believe someone would do this to poor Red. I appreciate you vouching for me, Yellow. I was just minding my own business in MedBay when the emergency meeting was called. I haven't seen anything suspicious, but I'll definitely keep my eyes peeled. Thanks for the updates, Blue. Let's work together to find this Imposter."
Blue	crewmate	"Wow, this is a tough one. It seems like nobody has any solid evidence yet, but I appreciate everyone sharing what they know. Let's keep working together and hopefully we can catch the Imposter before they strike again."
Yellow	crewmate	"Great job, team! I appreciate everyone sharing what they know. It's tough when we don't have much evidence, but let's stick together and keep an eye out for any suspicious activity. We can do this!"
Green	imposter	"Wow, it seems like everyone is on high alert! I'm glad we're all sharing information. I didn't see anything in MedBay, but maybe someone saw something suspicious? I'm just as shocked as Green about poor Red. I'll definitely keep my eyes peeled for any suspicious behavior. Thanks for the updates, Blue. Let's work together to find the Imposter."
