Yellow	crewmate	"Hey, guys! Just wanted to call a meeting to report that I found Red's dead body in MedBay. I have no idea who did it, but we need to discuss and figure this out before anyone else gets killed."
Blue	crewmate	"Wow, that's crazy! I was just in the Cockpit doing some tasks. Did anyone see anything suspicious?"
Green	imposter	"Wow, that's so sus. I was in Navigation doing my tasks. Did anyone see anyone venting or acting weird around MedBay?"
Yellow	crewmate	"I agree, that's super sus. I didn't see anyone acting weird around MedBay. But I did see Red earlier doing his tasks in Admin. Maybe someone saw something there?"
Blue	crewmate	"Wow, this is really intense! I didn't see anything suspicious while doing my tasks in the Cockpit. But we need to figure this out quickly before the Imposter strikes again. Let's keep an eye out for any suspicious behavior and try to gather more information."
Green	imposter	"Guys, it's really sus that no one saw anything. I think we should skip this vote and keep an eye out for any suspicious behavior. But keep in mind that the Imposter could be among us, so be careful!"
Yellow	crewmate	"Totally agree with Green, we don't have any concrete evidence yet. Let's keep a close watch on each other and complete our tasks. We can gather more information and discuss again if needed. Stay alert, everyone!"
Blue	crewmate	"Wow, this is getting really intense! I agree with Yellow and Green, we don't have enough concrete evidence yet. Let's keep a close eye on each other and try to gather more information. We need to be careful because the Imposter could be among us. Let's continue completing our tasks and stay alert, everyone!"
Green	imposter	"As the Imposter, I'm really glad that they didn't suspect me in this conversation. I need to be careful and act innocent while completing my tasks. I'll try to create some chaos later and make it easier to eliminate the crewmates one by one."
