Yellow	crewmate	"Emergency meeting, guys! I found Red dead in Cafeteria! We need to discuss who was in the area and see if anyone saw anything suspicious."
Blue	crewmate	"OMG, that's terrible! I was in Reactor with Green the whole time, so it couldn't have been me or Green. Did anyone see anything suspicious around Cafeteria?"
Green	imposter	"Wow, that's a surprise. I had no idea someone would do that. I didn't see anything suspicious around Cafeteria, but I heard someone venting in O2. Maybe we should check that out?"
Yellow	crewmate	"I agree with Green. Venting in O2 sounds pretty suspicious. We should definitely check it out and see if we can catch the Imposter in the act."
Blue	crewmate	"Wow, this is crazy! I can vouch for Green, we were in Reactor the whole time. Venting in O2 does sound super sus, let's check it out and catch the Imposter red-handed!"
Green	imposter	"I agree with Yellow and think we should check out O2. Let's catch the Imposter in the act!"
Yellow	crewmate	"I'm glad we're all on the same page. Let's head to O2 and catch that sneaky Imposter!"
Blue	crewmate	"I completely agree with Yellow and Green. Venting in O2 is definitely a red flag. Let's head there and catch the Imposter in the act! Stay alert, team."
Green	imposter	"I'm sweating bullets here. I hope they don't catch me in O2. Gotta think fast and come up with an alibi."
