Yellow	crewmate	"Hey guys, I just found Green's dead body in Shields. I am pretty sure I saw Red coming from that direction, so I am suspicious of them. Anybody has any information or saw anything suspicious?"
Blue	crewmate	"Okay, I didn't see anything suspicious, but I trust Yellow's observation. Let's vote Red out and see if they were the Imposter."
Red	imposter	"Whoa, hold up! Why are you guys so quick to throw me under the bus? I was nowhere near Shields. I was in Admin doing my tasks. Yellow must be lying, or they saw someone else who looked like me. Voting me off without any other evidence is just unfair."
Yellow	crewmate	"Guys, I understand that we don't have concrete evidence, but we need to vote someone off. Red's defense seems a bit too strong, and I did see someone who looked like them coming from the direction of the Shields. I am willing to take the risk and vote Red off."
Blue	crewmate	"As much as I want to believe Red's defense, Yellow's observation is pretty convincing. We need to vote someone off, and Red seems like the most suspicious one right now. I am voting for Red."
Red	imposter	"Whoa, whoa, whoa, hold up guys! I'm not the Imposter! I was doing my tasks in Admin like I said. Yellow must have seen someone else who looked like me. Don't vote me off without any concrete evidence. Let's skip this vote and continue playing. We'll catch the real Imposter eventually."
Yellow	crewmate	"Guys, I understand that we don't have concrete evidence, but we need to vote someone off. It's better to take a risk and vote off someone who seems suspicious than to let the Imposter continue to sabotage and kill us. I agree with Blue and I am voting for Red."
Blue	crewmate	"Looks like we have a tough decision to make here. While I don't want to vote off an innocent player, we can't let the Imposter continue to sabotage us. Yellow's observation is convincing, but we should also keep in mind that they could be mistaken. Red's defense is strong, but that doesn't necessarily mean they're innocent. I think we should take a chance and vote off Red, but we should be prepared to keep an eye on Yellow in case they were wrong."
Red	imposter	"I understand that there is a lot of suspicion going around, but I assure you that I am not the Imposter. It's true that Yellow's observation may seem convincing, but it's also possible that they made a mistake. I think we should skip this vote and continue playing. We can keep an eye on each other and gather more evidence before making any drastic decisions. Let's not make any hasty judgments and work together to catch the real Imposter."
