Blue	crewmate	"Yo, crewmates, I had to call this meeting because I just stumbled upon Green's dead body lying in Cockpit. I was doing my tasks, you know, minding my own business, and then boom! There's Green, out cold. I didn't see anyone around, but I did notice that Red was acting a bit sus. Has anyone seen Red around that area?"
Yellow	crewmate	"Wow, that's crazy. I was in O2 the whole time doing my tasks, so I didn't see anything. But if Red was acting sus, then we should definitely keep an eye on him. Let's vote Red and see what happens."
Red	imposter	"Whoa, whoa, hold up! I was in Electrical fixing the wiring. I didn't even go near Cockpit. And Yellow, just because Blue says I'm sus, doesn't mean I'm the one who did it. Let's not be so quick to jump to conclusions. We should definitely keep an eye on everyone, not just me."
Blue	crewmate	"Okay, okay, let's not get too accusatory here. It's true that Red was acting a bit sus, but we can't jump to conclusions just yet. We need to gather more information and keep an eye on everyone. Yellow, you were in O2 the whole time, but what about you, Red? Can anyone vouch for your whereabouts during the time of the murder? And let's not forget about Green's last known whereabouts. Did anyone see them before they were killed?"
Yellow	crewmate	"I agree with Blue. We shouldn't jump to conclusions just yet. Red, can you tell us more about your tasks in Electrical? And does anyone have any information about Green's last known whereabouts? We need to gather more information before we make any decisions."
Red	imposter	"Hey guys, I understand why you might be suspicious of me, but I swear I didn't do it. As for my tasks in Electrical, I had to fix the wiring and divert power. And regarding Green's whereabouts, I didn't see them at all. But I agree with Yellow and Blue, we need to gather more information before we start pointing fingers. Let's not make any hasty decisions."
Blue	crewmate	"Guys, let's not forget to keep an eye on everyone. It's too early to make any accusations. Red, can anyone else confirm your location during the time of the murder? We need to gather more information before we vote anyone off."
Yellow	crewmate	"I completely agree with Blue, we need to keep a level head and gather more information before we start accusing anyone. Red, can anyone else confirm your location during the time of the murder? And does anyone have any information about Green's last known whereabouts? Let's work together to solve this mystery."
Red	imposter	"Guys, I appreciate your level-headedness. I'm innocent, but I understand why you might be suspicious. Unfortunately, I didn't see Green at all, so I can't provide any information on their whereabouts. However, I can confirm that I was in Electrical fixing the wiring and diverting power. As for my location during the murder, I was alone in the cockpit. But yeah, let's work together and gather more information before we start pointing fingers."
