Yellow	crewmate	"Hey guys, I called this meeting because I found Red's dead body in Navigation. I didn't see anyone around, but I did see Blue head in that direction earlier. I'm not saying he's the Imposter, but I think we should all keep an eye on him."
Green	crewmate	"I was in Reactor the whole time, so I couldn't have done it. But I did see Red doing tasks in there before, so maybe someone saw him go to Navigation and followed him there."
Blue	imposter	"Wow, that's crazy that Red is dead! I didn't see anything suspicious while I was in Navigation earlier. But I did see Yellow heading in that direction after me, so maybe they're trying to frame me. And Green, I don't know about you. Reactor is pretty close to Navigation, so you could have easily vented there and then went back to Reactor. Just saying."
Yellow	crewmate	"Guys, I understand that it's hard to trust anyone in this game, but I swear I didn't see anyone else in Navigation when I found Red's body. Blue, I'm not trying to frame you, I just saw you heading in that direction earlier. And Green, I believe you when you say you were in Reactor the whole time. But we need to figure out who could have followed Red from Reactor to Navigation. Any ideas?"
Green	crewmate	"Yellow, I believe you when you say you didn't see anyone else in Navigation when you found Red's body. But it's possible that the Imposter vented out of Navigation before you got there. Blue, just because I was in Reactor doesn't mean I'm automatically innocent. But I didn't see anything suspicious when I passed by Navigation. Maybe we should ask if anyone else saw anything while they were doing tasks."
Blue	imposter	"I agree with Green, we should ask if anyone else saw anything while they were doing tasks. It's important that we gather as much information as possible to figure out who the Imposter is. Yellow, I understand that you didn't see anyone else in Navigation, but it's possible that the Imposter vented out before you got there. And Green, I see your point, but I still think we need to keep an eye on you. As for Red's killer, I have a feeling they're still among us."
Yellow	crewmate	"I agree with Blue and Green, we need to gather more information before we accuse anyone. I didn't see anyone else in Navigation, but I could have missed something. Let's ask everyone else if they saw anything suspicious while they were doing tasks."
Green	crewmate	"I totally agree with Blue and Yellow. We need to gather more information and not jump to any conclusions. It's possible that the Imposter vented out of Navigation or used another sneaky tactic. Let's ask everyone else if they saw anything suspicious while they were doing tasks. We'll figure out who the Imposter is and get them out of here!"
Blue	imposter	"Looks like we're all on the same page. It's important that we work together to catch the Imposter. Let's ask everyone if they saw anything suspicious and keep an eye out for any sneaky behavior. I have a feeling we're getting close to catching them."
