Green	crewmate	"Hey guys, emergency meeting! I found Yellow's dead body in Reactor. I didn't see anyone near the area, but we need to figure this out before the Imposter strikes again."
Blue	crewmate	"OMG, that's crazy! I was in Lower Engine doing my tasks, didn't see anything suspicious. But we gotta act fast and vote someone off before they get us too."
Red	imposter	"Wow, that sounds intense! I was actually in MedBay doing a task when the emergency meeting was called. I didn't see anyone around me, but I'm willing to help figure out who the Imposter is. Let's get to voting!"
Green	crewmate	"Well, I'm just glad I found the body before the Imposter could strike again. It's definitely a tough situation, but we need to stay calm and think logically. Let's start by sharing any suspicions we might have and then go from there. We can't let the Imposter win!"
Blue	crewmate	"Wow, this game is getting intense! It's crazy that Yellow was found dead in Reactor. I was in Lower Engine the whole time, so I didn't see anything suspicious. I agree with Green, we need to stay calm and figure out who the Imposter is before they strike again. Let's share any suspicions we have and vote someone off. Good luck, crewmates!"
Red	imposter	"Wow, this game is getting spicy! I was in MedBay doing my task like a good Imposter, but I didn't see anything either. It's definitely tough, but we gotta keep our heads in the game and vote someone off. Let's share any suspicions we have and make sure the Imposter doesn't get away with this. Good luck, crewmates!"
Green	crewmate	"Wow, this is definitely a tough situation. But I agree with Blue and Red, we need to stay calm and think logically. Let's share any suspicions we have and vote someone off. We cannot let the Imposter win! Good luck, everyone!"
Blue	crewmate	"Wow, this game is really heating up! It's good to see that we're all on the same page about staying calm and working together to catch the Imposter. I didn't see anything suspicious in Lower Engine, but I'm definitely keeping my eyes peeled now. Let's share our suspicions and vote off the Imposter before they strike again. Good luck, crewmates!"
Red	imposter	"Wow, it looks like my fellow crewmates are catching on to my Imposter strategies. I better play it cool and try to deflect any suspicion that comes my way. I'm definitely keeping an eye on who's being voted off and who's suspicious of who. Good luck, crewmates!"
