Red	crewmate	"Emergency meeting guys! I just found Yellow's dead body in Upper Engine. I haven't seen anyone around except Blue who was acting super sus. I think it's time we vote Blue off and see if we were right."
Green	crewmate	"I don't know, Red. I was in Electrical doing my tasks the whole time. But if you think Blue is sus, I'm willing to vote for them."
Blue	imposter	"Whoa, whoa, hold on there. I was doing my tasks in Upper Engine and didn't see anyone around. I definitely didn't kill Yellow. But if you all want to vote me off, go ahead. You'll just be making a big mistake."
Red	crewmate	"Guys, I understand it's tough to make a decision, but we have to vote someone off. I trust Red's instincts and I also didn't see anyone else in Upper Engine except Blue. Let's vote Blue off and see if we were right."
Green	crewmate	"Red, I trust your instincts but I didn't see anyone around when I was doing my tasks in Electrical. However, if we really need to vote someone off, I'm willing to go with the majority. Blue, is there anything you want to say before we vote?"
Blue	imposter	"Well, it looks like I'm in a tough spot here. I understand why you all might be suspicious of me, but I swear on my crewmate status that I didn't do anything wrong. If you vote me off, you'll be losing a valuable player. But if you really need to vote someone off, I won't stop you. Just know that you might be making a big mistake."
Red	crewmate	"Guys, I think we should take a moment to consider all the facts before voting someone off. Blue's story seems plausible, but we can't just go off of what we saw or didn't see. Let's discuss and see if we can find any other clues or information that might help us make a more informed decision."
Green	crewmate	"Hey guys, it seems like we're all a bit unsure about who to vote off. I agree with Red that we should take some time to discuss and gather more information before making a decision. Blue's defense sounds legit, but we can't just rely on that. Let's all share what we know and try to figure out who might be the imposter."
Blue	imposter	"I appreciate everyone's concern, but I think it's important to remember that we shouldn't be too quick to jump to conclusions. I'm willing to discuss and share any information that might help us figure out who the real imposter is. Let's work together and figure this out."
