Blue	crewmate	"Hey guys, I just found Yellow's dead body in Upper Engine. I'm feeling pretty sus of Red though. I saw them hanging around the area but they didn't seem to be doing any tasks. What do you guys think?"
Green	crewmate	"I was in O2, didn't see anything suspicious. But if Red was really in the area, it's worth keeping an eye on them. Let's hear what Red has to say for themselves."
Red	imposter	"Wait, what? I was in Electrical fixing the wiring. I didn't even go to Upper Engine. I think Green is trying to frame me. Vote Green, guys."
Blue	crewmate	"Guys, I'm pretty sure it's Red. They were acting real sus and now they're trying to pin it on Green. I say we vote Red and get them out of here."
Green	crewmate	"Blue, thank you for reporting the body. I didn't see anything suspicious while I was in O2. But I agree with you that Red seems pretty sus. Let's hear what they have to say before we make any decisions."
Red	imposter	"Okay, first of all, let me just say that I was definitely not in Upper Engine. I was in Electrical the whole time, like I said earlier. And now Blue is suddenly jumping on the bandwagon and accusing me? Seems pretty sus to me. I think we should vote Blue and get them out of here."
Blue	crewmate	"Okay, guys, let's take a deep breath and think logically. Red, if you were in Electrical the whole time, can anyone vouch for you? And Blue, why do you think it's Red? We need to discuss this and come to a conclusion together. Let's not make any hasty decisions."
Green	crewmate	"Thanks for reporting the body, Blue. I didn't see anything sus in O2, but I trust your judgement. Red, can anyone confirm your alibi in Electrical? And Blue, why do you suspect Red specifically? Let's discuss this as a group and come to a decision together."
Red	imposter	"Hey guys, I understand that tensions are high right now, but let's try to approach this calmly. Green, I appreciate your trust in me, and to answer your question, I was alone in Electrical, so no one can confirm my alibi. Blue, I'm curious as to why you suddenly think it's me. Can you give us some reasoning behind your suspicion? Let's work together to figure this out instead of pointing fingers."
