Blue	crewmate	"Guys, I am calling this meeting because I just discovered Green's dead body in MedBay. I didn't see anyone around, but as I was leaving the room, I saw Yellow running in the opposite direction. I think it's really sus, and I want to hear what Yellow has to say about it."
Red	crewmate	"Okay, I hear you, Blue. That does sound pretty sus. But before we jump to any conclusions, let's hear what Yellow has to say for themselves. Yellow, where were you when the body was discovered?"
Yellow	imposter	"Okay, okay, let me explain. I was in the MedBay doing my tasks when I heard a noise from the other side of the room. I went to check it out, but I didn't see anyone. Then I saw Blue coming in, so I got scared and ran away. I swear I didn't see Green's body."
Blue	crewmate	"Guys, I know it sounds sus, but I believe Yellow's story. They seemed genuinely scared and didn't have a chance to report the body. I don't think we should jump to conclusions just yet."
Red	crewmate	"Okay, okay, let's all take a deep breath and think logically here. It's possible that Yellow didn't see the body and genuinely got scared when they saw Blue coming in. But we also can't ignore the fact that they were the only one running in the opposite direction. Let's hear from everyone else before making any decisions."
Yellow	imposter	"Guys, I appreciate your concern, but I'm telling you the truth. I didn't see Green's body and I was genuinely scared when I saw Blue coming in. I know it looks sus, but I swear I didn't do it. Let's hear from the others and figure this out together."
Blue	crewmate	"Hey guys, I agree with Blue and Red. Yellow's story seems genuine and we shouldn't jump to conclusions just yet. We should hear from everyone else and gather more evidence before making any decisions. Let's work together to figure this out!"
Red	crewmate	"Wow, this is quite the emergency meeting. I appreciate the level-headed thinking from Blue and Red. Yellow, I believe you, but we also need to consider all possibilities. Let's wait to hear from everyone else and gather more evidence before making any decisions. Let's work together and figure this out, crewmates!"
Yellow	imposter	"I appreciate everyone's level-headed thinking and willingness to work together to figure this out. I understand why my actions may seem sus, but I swear I didn't see Green's body and was genuinely scared when I saw Blue coming in. Let's hear from everyone else and gather more evidence before making any decisions. We got this, crewmates!"
