Yellow	crewmate	"Emergency meeting, guys! I found Blue dead in Weapons and I'm pretty sure I saw Red lurking around the area before the body was discovered. What happened, Red?!"
Green	crewmate	"Dang, I didn't see anything sus around Weapons when I was there. It could be Red, but we should also keep an eye on Yellow. They could be self-reporting to throw us off their trail."
Red	imposter	"Wow, Yellow, accusing me right off the bat? That's pretty sus. I was actually in Electrical doing my tasks. But I think we should also keep an eye on Green. They seem too quick to throw suspicion on Yellow."
Yellow	crewmate	"Listen, guys, I understand why you're suspecting me, but I'm telling the truth. I saw Red near Weapons and then found Blue's body. I didn't self-report. I'm willing to skip this vote if we don't have enough evidence, but we need to keep a close eye on Red and Green."
Green	crewmate	"I don't know who to trust, but we can't skip this vote. If we don't make a decision, the Imposter could keep killing off our crewmates. I'm leaning towards voting Red since Yellow's story checks out and Red's defense seems weak."
Red	imposter	"I understand why you're all suspicious, but let me defend myself. I wasn't near Weapons at all. In fact, I was in Electrical doing my tasks like I said earlier. I think it's pretty sus that Green is so quick to vote me off without any concrete evidence. Let's not rush into making a decision and keep an eye on each other."
Yellow	crewmate	"I know it's tough to decide who to trust, but we need to be careful not to accuse anyone without evidence. I agree with Green that we can't skip this vote, but let's not rush and make a hasty decision. It's possible that the Imposter is trying to manipulate us by throwing suspicion on each other. Let's keep an eye on Red and Green, but also be open to the possibility that someone else could be the Imposter."
Green	crewmate	"I think Yellow's story is trustworthy and we shouldn't skip this vote. We need to vote someone off to prevent the Imposter from winning. I agree with Green that Red's defense seems weak and we should keep an eye on them, but we shouldn't rule out the possibility that someone else could be the Imposter. Let's make a decision based on the evidence we have and vote off the most suspicious person."
Red	imposter	"Guys, I understand that we are all suspicious of each other, but let's not rush into voting someone off without concrete evidence. I'm willing to discuss and share my tasks and whereabouts to prove my innocence. We need to work together and not let the Imposter win by turning on each other."
