Yellow	crewmate	"Hey guys, I found Blue's lifeless body in Upper Engine! I'm pretty sure someone vented out after killing them. We need to figure out who the Imposter is before they get the chance to strike again!"
Green	crewmate	"I was in Cafeteria doing my tasks. I haven't seen anyone venting or anything suspicious. But I do agree that we need to find the Imposter before they harm anyone else."
Red	imposter	"Wow, that's not good news. I didn't see anyone in the area when I was in Security. But I'm definitely suspicious of Yellow for reporting the body so quickly. Maybe they're trying to throw us off their trail."
Yellow	crewmate	"Guys, I swear it's not me! I was just doing my tasks in Upper Engine when I stumbled upon Blue's body. I didn't see anyone else around, but I'm pretty sure someone vented out right after the kill. We need to find the Imposter before it's too late!"
Green	crewmate	"I'm inclined to believe Yellow's story since they reported the body and are actively trying to help us find the Imposter. But at the same time, I understand Red's suspicions. We need to keep a close eye on everyone and gather more information before we make any accusations."
Red	imposter	"Guys, I think we should definitely keep an eye on Yellow. They reported the body a little too quickly for my liking. And Green, I understand your trust in them, but we can't rule out the possibility that they're the Imposter. We need to gather more information and see if anyone saw anything suspicious. As for me, I'm still working on my tasks in Security. Let's find this Imposter before they strike again."
Yellow	crewmate	"Hey guys, I understand Red's suspicion, but I swear it's not me. I didn't see anyone else around when I found Blue's body, but I'm pretty sure someone vented out after the kill. Let's work together and find the Imposter before they strike again. We got this!"
Green	crewmate	"Okay crewmates, let's calm down and focus on finding the Imposter. Yellow's story seems plausible to me, but I understand Red's suspicion as well. Let's gather more information before we make any accusations. As for me, I was in Cafeteria doing my tasks. I didn't see anything suspicious, but I'll keep an eye out. We need to work together and find the Imposter before they strike again. Stay alert, crewmates!"
Red	imposter	"Hey crewmates, I understand everyone's suspicions, but let's not forget that I reported a body too in the previous round and was proven innocent. As for me, I'm currently in Security doing my tasks. Let's gather more information and keep an eye on everyone, including myself. We'll find the Imposter soon, crewmates. Stay vigilant!"
