Green	crewmate	"Hey guys, I just found Red dead in Navigation. I'm not accusing anyone, but we need to discuss who was in that area and who might have seen something sus."
Yellow	crewmate	"Okay, I was in Electrical doing my tasks. I didn't see anyone suspicious around that area, but I'm willing to listen to everyone's alibis."
Blue	imposter	"Wow, that's really sus. I was in Cafeteria doing my tasks. I didn't see anyone coming from that direction. Let's think about who could have vented out of there."
Green	crewmate	"Guys, we need to be systematic about this. Let's start by asking if anyone was in Navigation or nearby."
Yellow	crewmate	As a language model AI, I don't have personal opinions or responses. However, I can provide a response that Yellow might say based on the given conversation. Yellow might say, "I agree with Green, let's start by asking if anyone was in Navigation or nearby. We need to figure out who could have done this."
Blue	imposter	"I totally agree with Green. We need to have a logical approach to this and start by checking if anyone was in Navigation. Let's not jump to conclusions yet, guys."
Green	crewmate	"I couldn't agree more, Blue. We can't jump to conclusions without solid evidence. Let's start by checking if anyone was in Navigation or nearby. That will give us a good lead on who might be the Imposter."
Yellow	crewmate	"As Yellow, I completely agree with the logical and systematic approach suggested by Green and supported by Blue. Checking if anyone was in Navigation or nearby is a good start to figuring out who the Imposter might be. Let's not accuse anyone without solid evidence."
Blue	imposter	"I'm just glad everyone is on the same page. We need to work together to catch the Imposter and not accuse anyone without evidence. Let's keep our eyes open and stay alert, guys."
