Yellow	crewmate	"Guys, we have an emergency here. I just found Blue's body in O2. I'm not sure who did it, but I saw Red lurking around here earlier and their behavior has been kinda sus. We need to vote them out and find out if they were the Imposter."
Green	crewmate	"Okay, okay, that does sound kind of sus. But let's not jump to conclusions just yet. Did anyone see Red near O2 recently? Maybe they have an alibi. Also, where was everyone else during this time? We need to gather more information before we start voting people out."
Red	imposter	"I was actually doing a task in Electrical when Yellow reported the body. But I did see Green coming out of O2 earlier. So maybe they have something to do with it. We definitely need more information before we start accusing people."
Yellow	crewmate	"Guys, I understand that we need more information before we start voting people out, but we can't ignore the fact that Red was lurking around O2 earlier. Let's keep an eye on them and see if they do anything suspicious."
Green	crewmate	"Okay, let's take a deep breath and calm down. We don't want to accuse anyone without proper evidence. Yellow, did you see anyone else around O2? And Red, can anyone vouch for you being in Electrical at that time? Let's gather more information before we start pointing fingers. We don't want to vote out an innocent crewmate."
Red	imposter	"Hey guys, I understand that everyone is trying to gather more information and that's good. But let's not forget that we only have a limited amount of time before the next emergency meeting. We need to start thinking about who we want to vote out. I'm not saying we should jump to conclusions, but we should keep an eye on Green and Yellow since they seem to be the most suspicious. Just my two cents."
Yellow	crewmate	"Hey guys, I totally agree with Green. We need to take a step back and gather more information before we start accusing anyone. I didn't see anyone else around O2 when I found the body, but I did see Red in Electrical earlier. Red, can anyone vouch for you being in Electrical at that time? Let's not jump to conclusions and keep an eye on everyone. We'll figure this out together."
Green	crewmate	"Oh man, things are getting intense in here! But I agree with Yellow and myself - we can't just jump to conclusions without proper evidence. Let's keep gathering information and figuring this out together. Accusing innocent crewmates will only hurt us in the end."
Red	imposter	"I understand that everyone wants to be cautious, but time is running out. We need to start thinking about who we want to vote out. Green and Yellow seem suspicious to me, so let's keep an eye on them. We'll gather more evidence as we go, but we can't afford to waste time."
