Blue	crewmate	"Hey guys, I just found Red dead in Upper Engine. I think we need to discuss this and figure out who the imposter is. Anybody see anything or have any suspicions?"
Yellow	crewmate	"OMG, that's terrible! I was in Shields doing my tasks, so I didn't see anything sus. But I'm willing to help figure out who the imposter is."
Green	imposter	"I was in Electrical fixing the wiring, didn't see anyone around. But I agree, we need to find out who did this. Any sus behavior from anyone else?"
Blue	crewmate	"Guys, I can vouch for Yellow. I saw them in Shields when I was doing my tasks in Navigation. I didn't see anyone else around Upper Engine either. But we need to figure out who was in the vicinity at the time of the kill."
Yellow	crewmate	"Wow, Red is dead? That's so sad. I didn't see anything sus though, I was just busy doing my tasks in Shields. But I'm willing to help figure out who did this. Let's find out who was around Upper Engine at the time of the kill."
Green	imposter	"Wow, it's so sad that Red is dead. I didn't see anyone in Electrical when I was fixing the wiring. But it's good to know that Yellow was in Shields and Blue saw them there. Let's keep an eye on anyone who was in Upper Engine."
Blue	crewmate	"Guys, let's focus on finding out who was in Upper Engine. It's our best lead right now. Green, did you see anyone leave Electrical when you were there?"
Yellow	crewmate	"Thanks for vouching for me, Blue. I was just doing my tasks in Shields and didn't see anything suspicious. Let's focus on finding out who was in Upper Engine at the time of the kill."
Green	imposter	"Upper Engine, huh? Interesting. I was in Electrical doing my tasks like a good crewmate, didn't see anyone. But now that you mention it, Blue, I think I saw you coming from that direction. What were you doing up there?"
