Red	crewmate	"Emergency meeting, folks! I came across Yellow's lifeless body in the Storage room. It's time to figure out who the imposter among us is before they strike again. I am positive that it's not me because I was fixing the wiring in Electrical when the incident took place. What were you guys up to?"
Green	crewmate	"Well, I was in Admin doing my tasks. I didn't see anyone suspicious around there. But I did see Blue in the hallway heading towards Storage when I left Admin. Maybe they saw something?"
Blue	imposter	"Ah, that's too bad. I didn't see anything in Storage. I was just passing through Upper Engine on my way to MedBay to do a scan. But I did see Red in the area, so maybe they have more information."
Red	crewmate	"Guys, I understand that we are all confused and worried, but we need to focus on finding the imposter. I agree with Green that we should ask Blue if they saw anyone suspicious around Storage. And just to clarify, I was in Electrical fixing the wiring, not anywhere near Storage. Let's work together and figure this out before it's too late!"
Green	crewmate	"I agree with Red, we need to focus on finding the imposter. Blue, did you see anyone else around Storage? We need to gather as much information as possible to figure this out. I didn't see anything suspicious in Admin, but maybe someone else did?"
Blue	imposter	"Sorry guys, I didn't see anyone around Storage. I was just passing through Upper Engine on my way to MedBay. But I agree with Red, we need to work together to catch the imposter before they strike again. Let's keep an eye out for any suspicious behavior and report back to each other."
Red	crewmate	"Great job everyone, we're on the right track! Let's keep communicating and gathering information to catch that imposter. Remember, stay vigilant and report any suspicious behavior."
Green	crewmate	"Good communication, crewmates! It's great to see everyone working together to catch that imposter. Let's keep up the good work and stay alert for any suspicious behavior. We got this!"
Blue	imposter	"I'm glad everyone is working together to catch the imposter. It's going to be tough for them to get away with anything with us all keeping an eye out. Let's stick together and watch each other's backs."
