Red	crewmate	"Hey guys, I called this meeting because I have found Blue's body in the Cafeteria. I don't have any concrete evidence, but I do suspect that Yellow might be the Imposter. I saw Yellow venting earlier and acting very suspiciously. Does anyone have any information that might help us figure out who did this?"
Green	crewmate	"Wow, that's crazy! I was just in Lower Engine doing some tasks, so I didn't see anything. But I trust your instincts, Red. Let's hear what everyone else has to say. Yellow, where were you when the body was found?"
Yellow	imposter	"I was in the Cafeteria doing my tasks when the body was found. I didn't see anyone else in there at the time. Red's accusation is baseless and I think they might be the Imposter trying to frame me. But I'm open to hearing what everyone else has to say."
Red	crewmate	"Guys, I understand that accusing someone without concrete evidence is not a good idea. But, I think we should keep an eye on Yellow since Red saw them venting. Yellow's defense is quite weak as they didn't see anyone in the cafeteria which is weird because we all were doing tasks there. Let's discuss and figure this out together."
Green	crewmate	"Wow, this is intense! I didn't see anything suspicious while I was in Lower Engine, but I trust Red's gut feeling. Yellow, your defense seems a little shaky. Why didn't you see anyone else in the Cafeteria? Let's all work together to figure out who the Imposter is."
Yellow	imposter	"I understand that it may seem suspicious that I didn't see anyone else in the Cafeteria, but I swear I was doing my tasks at the time. Red's accusation that they saw me venting is baseless and I think they might be the Imposter trying to frame me. But I'm willing to hear everyone out and work together to figure out who the real Imposter is."
Red	crewmate	"Guys, let's not get too accusatory here. We need to work together and share our tasks and locations. Yellow's explanation seems plausible, but Red's accusation cannot be ignored either. Let's keep an eye on both of them and report any suspicious activity. Remember, we are a team and we need to work together to find the Imposter."
Green	crewmate	"Hey guys, I think it's important to keep an open mind and not jump to conclusions too quickly. Let's gather more information and hear everyone out before making any decisions. We can all work together to figure out who the Imposter is. And remember, we can always call emergency meetings if needed."
Yellow	imposter	"As much as I appreciate the teamwork, I can't help but feel a little nervous. I don't want to seem suspicious, but I have to do what I have to do. Sorry, guys."
