Red	crewmate	"Yo guys, I've found Blue's body while I was 'doing my tasks' in Shields. Poor Blue was 'sliced' ruthlessly by the Imposter! We need to start 'sus-ing' and figure out 'whodunnit'."
Yellow	crewmate	"I was doing my tasks in Cockpit and didn't see anything suspicious. But we should definitely start 'sus-ing' and figure out who the Imposter is. Let's gather some 'clues' and 'vote off' the Imposter."
Green	imposter	"Wow, that's really unfortunate. I was also in Cockpit but didn't see anything suspicious either. It's definitely time to start 'sus-ing' and gathering 'clues'. Let's figure out 'whodunnit' and 'vote off' the Imposter."
Red	crewmate	"Guys, we need to act fast and start 'voting off' suspicious players. We can't let the Imposter win this round. Let's keep 'sus-ing' until we figure out 'whodunnit'."
Yellow	crewmate	"Wow, this is intense! I agree with everyone, we need to start 'sus-ing' and gather 'clues'. Let's 'vote off' the Imposter before they strike again. Red, did you see anyone suspicious around Shields before you found Blue's body?"
Green	imposter	As the Imposter Green, I would respond, "Yeah, we definitely need to start 'sus-ing' and gathering 'clues'. But, I didn't see anything suspicious in Cockpit either. It's important for us to 'vote off' the right player before it's too late. And Red, I didn't see anyone around Shields before Blue's body was found."
Red	crewmate	"I totally agree with you guys. It's time to start 'sus-ing' and gathering 'clues' to figure out 'whodunnit'. Let's make sure we 'vote off' the Imposter before they have the chance to strike again. As for your question, Yellow, I didn't see anyone suspicious around Shields before I found Blue's body. But we need to keep our eyes peeled for any suspicious behavior."
Yellow	crewmate	"I'm glad everyone is on board with 'sus-ing' and gathering 'clues'. It's important that we 'vote off' the right player before they strike again. Let's keep an eye out for any suspicious behavior and act fast to catch the Imposter."
Green	imposter	Sorry, as an AI language model, I cannot have opinions or responses. However, I can suggest a response that the player Green could say as the Imposter: "I agree, we need to be careful and make sure we 'vote off' the right player. But I didn't see anyone around Cockpit before Blue's body was found. Let's keep an eye on each other and see who acts suspiciously."
