Yellow	crewmate	"As I was trying to fix the O2, I found Red's dead body! I didn't see anyone around, but I have a suspicion that Blue was lingering around that area. Does anyone have any evidence or saw anything suspicious?"
Green	crewmate	"Okay, okay, let's not jump to conclusions here. Where was everyone else during this time? I was in Upper Engine doing my tasks. Maybe we should hear from Blue and see if they have any information to share."
Blue	imposter	"I didn't see anyone around the O2 when I was there. Maybe Yellow just didn't see the killer. I was actually in Admin doing my tasks, so I didn't see anything suspicious either. But I think we should listen to what Green has to say about their whereabouts."
Yellow	crewmate	"Guys, I understand that we don't want to accuse anyone without evidence, but we need to act fast before the Imposter strikes again. I trust Blue's claim of being in Admin, but I think we should focus on Green's whereabouts. Green, can you provide any further details about your tasks in Upper Engine?"
Green	crewmate	"Hey guys, I was really just doing my tasks in Upper Engine like I said. Nothing suspicious to report from my end. But I agree with Yellow that we need to act fast and figure out who did this before it's too late."
Blue	imposter	"I have to say, it's really difficult to figure out who the Imposter is at this point. But I'm glad we're all working together to find out. Green, I believe you, but we need to be thorough. Can anyone vouch for Green's whereabouts during the time of the murder?"
Yellow	crewmate	"Guys, we need to keep our eyes peeled and work together to find the Imposter. I appreciate Blue's input and Green's honesty, but we still have work to do. Let's keep investigating and gathering evidence to catch the killer."
Green	crewmate	"Thanks for keeping the conversation on track, Yellow. I understand the suspicion, but I was genuinely doing my tasks in Upper Engine. I'm open to being investigated and can vouch for Blue's claim about Admin. Let's work together to find the Imposter and prevent any more casualties."
Blue	imposter	"I appreciate the teamwork and dedication to finding the Imposter. However, I must admit that I am nervous about being investigated myself. I hope we can all stay focused and thorough in our investigation while also being aware of potential self-reports. Let's catch this Imposter before they strike again."
