Blue	crewmate	"Hey crewmates, I called this meeting because I found Red's lifeless body in Reactor. I didn't see anyone around, but I have a hunch that Yellow is the Imposter. They were acting really sus towards the end of the last meeting!"
Green	crewmate	"I was in Reactor doing my task when the meeting was called. I didn't see anyone around either. But I don't think it's Yellow, they were with me in Electrical earlier and didn't do anything sus. We shouldn't jump to conclusions without more evidence."
Yellow	imposter	"Wow, Blue, that's a bold accusation. I was in Reactor with Red earlier, but I left to do my task in Security. I didn't see anyone else in the area. And Green, thanks for having my back. I'm not the Imposter, and I have no idea who could have done this. Let's try to gather more evidence before we vote anyone off."
Blue	crewmate	"Okay, guys, let's not panic. I understand that we're all feeling a little sus right now, but we need to take a step back and think logically. Yellow, thanks for clarifying your whereabouts. It's possible that the Imposter vented out of Reactor before any of us got there. Green, did you see anyone else around when you were in Reactor? Maybe they left before you got there. Let's all keep an eye out and see if we can gather any more evidence before we make any accusations."
Green	crewmate	"Good job, Blue, for bringing this up. It's important that we discuss and figure out who the Imposter is. But we can't just jump to conclusions without concrete evidence. I didn't see anyone else in Reactor, but that doesn't mean someone else wasn't there before me. Yellow, I believe you when you say you're not the Imposter. Let's all keep our eyes and ears open for any new information and try to figure this out together."
Yellow	imposter	"I agree with Green and Blue. We shouldn't accuse anyone without concrete evidence. I was in Reactor earlier with Red, but I didn't see anyone else there. Let's all keep an eye out and try to gather more information before we vote anyone off."
Blue	crewmate	"Great job, team! I appreciate that we're all being level-headed and logical about this. Let's keep communicating and gathering information, and hopefully, we'll figure out who the Imposter is soon."
Green	crewmate	"Great teamwork, guys! I'm glad we're all on the same page. It's important to stay calm and gather as much information as we can before making any accusations. Let's keep our eyes peeled and work together to catch that Imposter!"
Yellow	imposter	"I'm doing my best to blend in and not give away any suspicious behavior. But I agree with everyone else, we need to gather more information before making any hasty decisions. Let's work together and try to find some concrete evidence."
