Red	crewmate	"Guys, I found Yellow dead in the Cockpit and I have a feeling it was Green. I saw him lurking around the area and he didn't seem to have a task there."
Blue	crewmate	"Whoa, that's crazy! But we can't just jump to conclusions, we need some evidence first. Green, what do you have to say for yourself?"
Green	imposter	"Bro, I was just doing my tasks in Electrical. I didn't even go near the Cockpit. Why would I kill Yellow and then self-report? That's sus, Red."
Red	crewmate	"Listen, I understand we need evidence, but I'm almost positive it was Green. I saw him lurking around the Cockpit and he didn't seem to have a task there. I think we should vote him off and see if we win. It's worth the risk, guys."
Blue	crewmate	"Hey guys, I think it's important that we don't just jump to conclusions here. We need to make sure we have all the facts before we vote someone off. Green, can you tell us more about the tasks you were doing in Electrical? And Red, did you see anyone else in the area around the Cockpit?"
Green	imposter	"Listen up, crewmates! I understand the situation is tense, but let's not forget that accusing someone without solid evidence is not the way to go. Blue, thanks for asking for more information. I was indeed in Electrical, and my task was fixing the wiring. As for you, Red, I have no idea what you're talking about. I never went near the Cockpit. I think we should keep investigating and gather more evidence before voting anyone off. Trust me, we don't want to lose an innocent crewmate."
Red	crewmate	"Hey guys, I understand that this is a tough situation, but let's try to keep a level head. Blue, thanks for trying to get more information before making a decision. Green, I appreciate your point about not jumping to conclusions. However, Red's observation about your behavior near the Cockpit is definitely worth considering. I think we should continue to investigate, but I'm leaning towards voting Green off for now. Sorry, Green, it's nothing personal."
Blue	crewmate	"Hey crewmates, it's important that we don't let our emotions cloud our judgment. We need to be methodical and gather all the information we can before voting anyone off. Red, I appreciate your observation, but we can't be too quick to accuse someone without evidence. Green, thanks for giving us more information about your tasks. Let's keep investigating and see if we can find any solid evidence before voting anyone off. Stay vigilant, crewmates!"
Green	imposter	"Hey crewmates, I appreciate everyone's efforts to gather more information before voting someone off. However, I have to say that I find Red's accusation towards me baseless. I never went near the Cockpit, and I was indeed fixing the wiring in Electrical. I think we should keep investigating and gather more evidence before making any decisions. Let's stay focused and not let our emotions cloud our judgment. Together, we can find the imposter and save the ship!"
