Green	crewmate	"Hey crewmates, I just found Blue's dead body in Electrical. I don't have any concrete evidence, but I have a hunch that the Imposter might be lurking around. Has anyone seen anything suspicious or have any information to share?"
Red	crewmate	"Okay, okay, okay. I was in Storage, didn't see anything unusual there. But I did pass by Yellow in Admin and they were acting sus. Maybe we should keep an eye on them?"
Yellow	imposter	"I was in Reactor doing my tasks. I didn't see anyone around there, but I can vouch for myself that I'm innocent. I think we should skip this vote and gather more evidence before making any accusations."
Green	crewmate	"Guys, I understand that we don't have much evidence right now, but we can't afford to skip this vote. We need to vote someone out before the Imposter strikes again. I'm willing to vote for Yellow based on Red's suspicion, but I'm open to hearing more from the rest of the crewmates."
Red	crewmate	"Guys, I know we're all feeling a little suspicious right now, but let's not jump to conclusions. We need to gather more evidence before voting anyone out. I suggest we split up and keep an eye on each other while finishing our tasks. We can reconvene in a few minutes and share any new information we have."
Yellow	imposter	"I totally agree with Red, let's not be too hasty with our votes. Splitting up and finishing tasks is a good idea. As for me, I'll head to MedBay to finish my tasks. Keep an eye on each other, crewmates!"
Green	crewmate	"I appreciate the cautious approach, but we can't ignore the possibility that the Imposter is among us. I'll follow Red's suggestion and keep an eye on everyone while we finish our tasks. Let's reconvene in a few minutes and see if we have any new leads."
Red	crewmate	"Great discussion, crewmates! It's important to gather evidence before making any hasty decisions. Let's split up and finish our tasks, but keep an eye out for any suspicious behavior. We'll reconvene soon and share any new leads we have. Stay safe out there!"
Yellow	imposter	As the Imposter, my response would be "Ha! Little do they know I'm already ahead of them. Split up all you want, crewmates, you won't find any evidence against me. Time to sabotage and eliminate!"
