Blue	crewmate	"Hey crewmates, I just found Yellow's lifeless body in Lower Engine. I think we have an imposter among us. Let's discuss and figure out who it could be."
Green	crewmate	"OMG, that's so sus! I was in Security doing my tasks, didn't see anyone around. Did anyone see anyone else in that area around the time Yellow was killed?"
Red	imposter	"Wow, that's really unfortunate. I didn't see anyone in Lower Engine either, but I was in Electrical doing my tasks. Maybe someone vented out of the area? I'm willing to hear everyone's thoughts on this."
Blue	crewmate	"Thanks for sharing, Blue. It's definitely sus that no one saw anyone around Lower Engine. I was in Admin doing my tasks, but I didn't see anyone venting in or out. Let's keep discussing and see if anyone has any other information or suspicions."
Green	crewmate	"Wow, this is a tough one. It's really sus that no one saw anyone around Lower Engine. I was in Security doing my tasks and didn't see anything, but maybe someone vented out. I'm willing to hear everyone out and let's try to figure this out together."
Red	imposter	"I totally agree with Green, it's really sus that no one saw anyone around Lower Engine. But let's not jump to conclusions just yet, we still have a lot of tasks to do and a lot of information to gather. I'm willing to hear everyone out and see where this discussion leads us."
Blue	crewmate	"Guys, I agree that it's really sus that no one saw anyone around Lower Engine. But let's not forget that there are still a lot of tasks to do and we need to gather more information before we can make any conclusions. Let's keep an eye out for any suspicious behavior and report back if we see anything."
Green	crewmate	"I agree with everyone's points. It's definitely sus that no one saw anything in Lower Engine, but we shouldn't jump to conclusions yet. Let's keep an eye out for any suspicious behavior and gather more information before making any accusations."
Red	imposter	"I see that everyone is being cautious and not jumping to conclusions, but I have a feeling that someone is trying to pull a sneaky move here. I'll definitely keep an eye out for any suspicious behavior and try to gather more information, but I think we should start considering some possible suspects."
