Yellow	crewmate	"Hey guys, I'm calling a meeting because I found Blue's dead body in Upper Engine. I haven't seen anyone else around and I'm sus of Red because they were coming from that direction. Anybody see anything or have any info?"
Green	crewmate	"I was in Security and didn't see anything suspicious. But I trust Yellow's sus of Red. Let's vote them off and see if the Imposter is caught."
Red	imposter	"Whoa, whoa, whoa! Hold up, Yellow. I was just in Upper Engine doing my tasks like a good crewmate. I didn't see anyone else around either. And Green, I've been with you in Electrical this whole time, how could I have killed Blue in Upper Engine? Sounds sus to me."
Yellow	crewmate	"Okay, okay, let's not jump to conclusions here. I understand Yellow's sus of me, but I swear I had nothing to do with Blue's death. Maybe we should gather more information before voting someone off?"
Green	crewmate	"Seems like a classic case of he said, she said. I agree with Yellow that Red is sus, but we should definitely gather more information before casting a vote. Let's keep an eye on Red and see if they do anything else suspicious."
Red	imposter	"Guys, I understand that Yellow is sus of me, but I was really just doing my tasks in Upper Engine. Let's take a step back and think about this logically. We don't want to vote off an innocent crewmate and give the Imposter an advantage. Let's gather more information and keep an eye on each other."
Yellow	crewmate	"Wow, this is a tough one. I understand that Red seems sus, but we can't be too quick to vote anyone off. Let's keep an eye on each other and gather more information before making any decisions. We don't want to give the Imposter an advantage."
Green	crewmate	"Seems like we're all on the same page here. Let's work together to gather more information and not jump to any conclusions. We got this, crewmates!"
Red	imposter	"I totally agree with Green. We should work together to gather more information and not be too quick to vote anyone off. Let's keep an eye on each other and see if we can catch the Imposter in the act. Stay frosty, crewmates!"
