Red	crewmate	"Yo yo yo, guys! Red here. Just had to call an emergency meeting. I found Blue's lifeless body in Electrical. I'm thinking Green might be the imposter. I saw them in that space earlier and they were acting kinda sus. We gotta vote them out before they strike again."
Yellow	crewmate	"Okay, I hear you, Red. But let's not jump to conclusions just yet. We need to have concrete evidence before we vote anyone off. Did anyone see Green near Electrical? And where were you, Red, when you found the body?"
Green	imposter	"Hey, guys. I was in Electrical earlier, but I didn't see anything suspicious. And Red, where were you when you found Blue's body? And did anyone else see Green in the area?"
Red	crewmate	"Listen up, guys. I understand that we don't want to jump to conclusions, but we don't have much time. I was in Electrical, doing my tasks, and I found Blue's lifeless body. I didn't see anyone else in the area, but I think Green is acting sus. I say we vote them out and see where that gets us."
Yellow	crewmate	"Hey guys, I think we should hear everyone out before we make a decision. Let's not rush into voting someone off just because we think they're sus. Red, did you see anyone else around Electrical? And Green, can you tell us more about what you were doing in the area? We need to gather more information before we make a decision."
Green	imposter	"Listen up, guys. I understand that we need evidence, but I'm telling you, I didn't see anything suspicious when I was in Electrical earlier. And Red, I didn't see you either. So before we vote anyone off, let's hear everyone out and make sure we have all the facts. We don't want to make a mistake and vote off an innocent crewmate."
Red	crewmate	"Listen, I understand that we need to gather more information, but we don't have much time. Green may be playing innocent, but I have a gut feeling that they're the Imposter. I didn't see anyone else in Electrical when I found Blue's body. I think we should vote Green off and see if that helps us get closer to identifying the Imposter."
Yellow	crewmate	"Hey guys, I agree that we need to gather more information before we make any hasty decisions. Red, did you see anyone else around Electrical? And Green, what tasks were you doing in the area? Let's make sure we have all the facts before we start accusing anyone of being the Imposter."
Green	imposter	"Guys, I think it's important to remember that we're all on the same team here. Let's not accuse anyone without concrete evidence. I was doing my tasks in Electrical, and I didn't see anyone else around. Red, did you see anyone else in the area? Let's work together to figure this out and make sure we don't vote off an innocent crewmate."
