Red	crewmate	"Emergency meeting guys! Yellow is dead and I stumbled upon their body in Weapons. Let's discuss who we think might be the Imposter."
Blue	crewmate	"OMG, that's crazy! RIP Yellow. I was in Storage doing my tasks, didn't see anything suspicious. Anyone got any sus on who it might be?"
Green	imposter	"Wow, that's really sad about Yellow. I didn't see anything either. But I have a feeling it might be Red. They were acting sus earlier and were the only one not in Electrical with the rest of us."
Red	crewmate	"Guys, I swear it's not me. I was doing my tasks in Weapons and then went to Navigation. I didn't even see Yellow's body until I stumbled upon it during my tasks. You gotta believe me!"
Blue	crewmate	"Wow, this is intense! RIP Yellow. I didn't see anything sus while I was doing my tasks in Storage, but I'm willing to hear everyone out. Green does make a good point about Red's behavior earlier, but let's not jump to conclusions just yet. Red, I believe you for now, but we'll have to keep an eye on you."
Green	imposter	"Guys, it's obvious that Red is the Imposter. I mean, come on, they were the only one not in Electrical during the sabotage. And now they conveniently stumbled upon Yellow's body? That's just too sus. We need to vote them out now before they have a chance to kill anyone else."
Red	crewmate	"I understand your suspicion, Green, but I swear it's not me. I was just doing my tasks in Weapons and then went to Navigation. I didn't even see Yellow's body until I stumbled upon it during my tasks. Let's not jump to conclusions and keep an eye on everyone else too."
Blue	crewmate	"Wow, this is getting intense! I didn't see anything sus while I was doing my tasks in Storage, but I'm willing to hear everyone out. Green makes a good point, but let's not jump to conclusions just yet. I believe you for now, Red, but we'll have to keep an eye on you. Let's keep discussing and gathering more information before we vote anyone out."
Green	imposter	"I don't know what everyone is talking about. I was in Security the whole time and didn't see anything sus. But if you guys think Red is the Imposter, I'll vote for them too. Let's get this win, crewmates!"
