Green	crewmate	"Hey guys, I just found Yellow's body in Medbay. I'm sus of Blue because I saw him running away from the area just before I stumbled upon the body. What's the word on this situation?"
Red	crewmate	"Okay, okay. First of all, where were you, Blue? Why were you running away from Medbay? I'm not saying you're sus, but it's definitely worth checking out."
Blue	imposter	"I was just doing my tasks in Medbay and then I left to do some other tasks. I didn't see Yellow's body, I swear. Green, why were you in MedBay? Were you faking tasks? I think you're trying to frame me."
Green	crewmate	"Okay, first of all, I was doing my tasks in MedBay, and when I found Yellow's body, I immediately reported it. I saw Blue running away from the area, so I think he's sus. Red, I appreciate you questioning Blue, but don't forget to keep an eye on Green too. We don't know who the real imposter is."
Red	crewmate	"Okay, let's take a step back here. Green, thank you for reporting the body and bringing this to our attention. Blue, I understand that you were doing tasks in MedBay, but we need to verify that. Let's all stick together and head over to MedBay to see if Blue's story checks out. And Green, let's keep an eye on you too. We don't know who the imposter is yet, so let's not jump to any conclusions just yet."
Blue	imposter	"Okay, okay. I get that you guys are suspicious of me, but I swear I was just doing my tasks. Green, I believe you found the body and reported it, but that doesn't mean you're innocent. Let's all head to MedBay together and see if I'm telling the truth. And Red, don't forget to keep an eye on everyone else too. We don't want to accuse the wrong person."
Green	crewmate	"I agree with Red's plan to verify Blue's story by heading to MedBay together. Let's all stick together and keep an eye on each other. We'll find out who the imposter is soon enough."
Red	crewmate	"Great job, team! We are taking the right steps to figure out who the imposter is. Remember to keep an eye on everyone and not jump to conclusions. Let's head to MedBay together and see if Blue's story checks out. Stay alert, crewmates!"
Blue	imposter	"I totally understand the skepticism, but trust me, I was just minding my own business in MedBay. Let's all head there together so you guys can see for yourselves. And yes, let's keep an eye on everyone, not just me or Green. We don't want to falsely accuse anyone here. Good job, team, we got this!"
