Green	crewmate	"Hey guys, I found Yellow dead in Lower Engine. I have no idea who the impostor could be but we need to start sharing our suspicions and swiping cards before it's too late. Anybody got any ideas?"
Blue	crewmate	"Damn, that's rough. I was in Admin swiping my card, didn't see anything suspicious. But we gotta start voting someone off, we can't let the imposter keep getting away with this. I'm gonna skip for now, but I'm keeping an eye on Red, they've been acting kinda sus."
Red	imposter	"I was in Electrical fixing the wiring. I didn't see anyone around when I was there. But I agree with Blue, we need to start voting someone off. However, I think we should keep an eye on Green too, they were the one who reported the body and we don't know where they were before that."
Green	crewmate	"Guys, I understand your suspicions, but I swear on my crewmate life that I didn't do it. I was in Lower Engine doing my tasks when I found Yellow's body. I think we should skip for now and keep an eye on each other. Let's all stick together and finish our tasks so we can catch the imposter."
Blue	crewmate	"I agree with Green, we should stick together and finish our tasks. But we also can't just keep skipping every emergency meeting. We need to start voting out suspicious players. I'm still keeping an eye on Red, but I'm open to hearing everyone's suspicions before making a decision."
Red	imposter	"I agree with Blue, we can't keep skipping every emergency meeting. But I don't think it's fair to just vote out someone based on suspicion. We need more evidence. I'm also keeping my eye on Green, they seem to be defending themselves a little too much. Let's finish our tasks and gather more information before making a decision."
Green	crewmate	"Hey guys, I understand the need to vote someone out, but let's not be too hasty. We don't want to accidentally vote off a crewmate and give the imposter the win. Let's finish our tasks and keep an eye on each other for any suspicious behavior. We can discuss again in the next emergency meeting with more evidence."
Blue	crewmate	"Great discussion, crewmates! I agree with Green and Blue that we should finish our tasks together and keep an eye on each other. But I also agree with Red that we need more evidence before voting someone out. Let's be vigilant and gather more information before taking any drastic actions. Stay alert, folks!"
Red	imposter	"Nice to see my fellow crewmates being cautious and gathering evidence before making any hasty decisions. As for me, I'll continue to lurk in the shadows and sabotage the crew's efforts. Muahaha!"
