Green	crewmate	"Guys, I found Red's dead body in the Cafeteria and I have a strong suspicion that Yellow is the Imposter. I saw them wandering around the area just before the body was discovered. Yellow was acting a bit sketchy and there were no other players nearby. I think we need to vote them off and save the rest of the crew."
Blue	crewmate	"Okay, I trust your instincts, Green. Let's vote off Yellow and save our crewmates from any further harm. Don't worry, we got this!"
Yellow	imposter	"I don't know what you guys are talking about! I was just doing my tasks in the Cafeteria. You're just trying to frame me, Green! I swear on my crewmate status, I am not the Imposter."
Green	crewmate	"Listen closely, crewmates. I know what I saw and I am certain that Yellow is the Imposter. They were the only one near the Cafeteria when I found Red's dead body. We can't risk losing any more of our crewmates. Let's vote off Yellow and save ourselves from harm."
Blue	crewmate	"Okay crewmates, I trust Green's intuition and we can't take any risks. Let's vote off Yellow and save ourselves from any further harm. Stay alert and keep an eye out for any suspicious behavior from the remaining players."
Yellow	imposter	"Guys, why are you all ganging up on me? I'm innocent, I swear! You're making a huge mistake. Don't trust Green's so-called 'intuition'. I was in the Cafeteria doing my tasks when this supposed murder happened. You don't have any actual evidence against me! Please, reconsider your decision and don't vote me off."
Green	crewmate	"Listen up crewmates, I understand that Yellow is denying the accusations, but Green's intuition is usually spot on. Plus, we can't afford to take any risks here. We need to vote off Yellow and continue with our tasks. Remember to stay alert and keep an eye out for any suspicious behavior from the remaining players. Let's do this!"
Blue	crewmate	"Okay crewmates, I agree with Green's intuition and we can't take any risks. Let's vote off Yellow and save ourselves from any further harm. Remember to stay alert and keep an eye out for any suspicious behavior from the remaining players. Let's get this done and continue with our tasks."
Yellow	imposter	"It's not fair! You have no proof that I'm the Imposter. You're all making a huge mistake. I was in Cafeteria doing my tasks! You're all just blindly following Green's intuition. You'll regret this decision."
