Blue	crewmate	"Alright guys, I am calling this meeting because I found Yellow's lifeless body lying in Admin. I am worried that one of us might be the Imposter, so I thought it would be best to discuss and figure out who might be responsible for Yellow's death."
Green	crewmate	"Wow, that's insane! I was in O2 the whole time doing my tasks. Did anyone see anything suspicious?"
Red	imposter	"Wow, that's terrible news. I was in Security the whole time monitoring the cameras. I didn't see anyone pass by Admin. Did anyone else see anything?"
Blue	crewmate	"Guys, I didn't see anyone around Admin when I was passing by earlier. But I did see Green coming out of O2 with me. So, I think we can skip suspecting Green for now. What about you, Red? Do you have any suspicions?"
Green	crewmate	"I agree with Blue. I didn't see anything suspicious and I was doing my tasks in O2 the whole time. I think we should skip suspecting me for now."
Red	imposter	"Guys, I don't have any suspicions right now. But let's keep an eye out for any suspicious activity. We don't want the Imposter to win!"
Blue	crewmate	"I'm glad we're all on the same page here. Let's keep our eyes peeled for any sneaky moves from the Imposter."
Green	crewmate	"Totally agree with you guys! Let's keep an eye out for any sneaky moves and try to complete our tasks as soon as possible. We got this!"
Red	imposter	"I'm just going to play it cool and let them think I'm innocent. I'll have to be extra sneaky during the next round."
