Red	crewmate	"Hey guys, I called this meeting because I found Blue's dead body in Electrical. I have no idea who did it, but we need to figure it out before anyone else gets killed. Let's start discussing any suspicious behavior or movements we might have seen."
Green	crewmate	"Okay, I was in Storage doing my tasks, so I didn't see anything suspicious. But I did see Yellow running towards Electrical earlier. Maybe they saw something?"
Yellow	imposter	"Uh, I was just fixing some wires in Electrical. I didn't see anyone else there at the time. But I did see Red running away from the area when I arrived. Seems pretty sus to me."
Red	crewmate	"Guys, I swear it wasn't me. I was in Electrical doing my tasks when I found Blue's body. Yellow, why didn't you report the body if you saw me running away? That's pretty sus if you ask me. I think we should skip this vote and keep an eye on Yellow."
Green	crewmate	"Okay, okay, let's not jump to conclusions here. Yellow, did you finish your tasks in Electrical? And Red, did you see anyone else in the area when you found Blue's body? We should gather all the information before making any accusations. And remember, if we vote off the wrong person, the Imposter could still be among us."
Yellow	imposter	"Guys, I don't know what you're talking about. I finished my tasks in Electrical and didn't see anyone else there. But Red, why didn't you report the body if you found it? That's pretty sus to me too. And Green, did you see anyone else around when you were in Storage? We need to consider all the options before making any accusations. Remember, the Imposter could be anyone, even one of us."
Red	crewmate	"I agree with Green, let's gather all the information before making any accusations. Yellow, did you notice anyone else in the area besides Red? And Red, did you see anyone else in Electrical when you found Blue's body? Let's not accuse anyone without solid evidence. Remember, we don't want to vote off an innocent crewmate and let the Imposter win."
Green	crewmate	"Good job, team! Let's make sure we gather all the information we have before making any accusations. Remember to be thorough and keep an eye on each other. We can do this!"
Yellow	imposter	"I'm glad we're all being cautious and gathering information before making any accusations. I didn't see anyone else in Electrical, but I'll keep an eye out for any suspicious behavior from now on. And I agree, Red not reporting the body is definitely sus. Let's keep working together and figure this out. Remember, trust no one!"
