Red	crewmate	"Hey y'all, I just called this emergency meeting because I found Blue's dead body in the Cafeteria! I didn't see anyone around, but maybe someone saw something or has some important info to share?"
Green	crewmate	"OMG, not Blue! I was in Storage doing my tasks, so I didn't see anything suspicious. Did anyone see anyone near the Cafeteria?"
Yellow	imposter	"Wow, that's crazy! Blue was always so sus. I was also in Storage doing my tasks, didn't see anyone around. But, I did see Red heading in the direction of the Cafeteria earlier. Just saying."
Red	crewmate	"Whoa, whoa, whoa, hold up Yellow! Just because I was heading towards the Cafeteria doesn't mean I did anything sus. I was just going to do my tasks. But, I didn't see anyone around either. Let's not jump to conclusions and keep investigating."
Green	crewmate	"Wow, this is intense! I can't believe Blue is dead. I didn't see anything suspicious while doing my tasks in Storage. Yellow, it's kind of sus that you're accusing Red just because they were heading towards the Cafeteria. Let's keep investigating and gather more information before pointing fingers."
Yellow	imposter	"I understand where you're coming from, but let's not overlook the fact that Red was heading towards the Cafeteria around the same time that Blue was killed. I'm not saying they're definitely the Imposter, but it's worth keeping an eye on them. Let's keep investigating and see if we can gather more information."
Red	crewmate	"Guys, I understand that we're all on edge after Blue's death, but accusing someone just because they were heading towards a certain direction is not fair. Yellow, I appreciate your input, but let's not jump to conclusions. We still have a lot of investigating to do. Green, did you see anyone else in Storage while you were doing your tasks?"
Green	crewmate	"Wow, this conversation is getting heated. I agree with Yellow that we should keep an eye on Red, but accusing them outright isn't fair. We should gather more information before making any accusations. And to answer Red's question, no, I didn't see anyone else in Storage while I was doing my tasks."
Yellow	imposter	"I understand that tensions are high after Blue's death, but let's not forget that we need to work together to find the Imposter. Yellow makes a good point about keeping an eye on Red, but we shouldn't jump to conclusions. Let's keep investigating and gather more information before accusing anyone."
