Blue	crewmate	"Hey guys, I called this meeting because I just found Green's dead body in Cargo Bay. I didn't see anyone else around, but I'm sus of Red because I saw them coming from that area earlier. Red, what were you doing in Cargo Bay?"
Yellow	crewmate	"I was doing my tasks in Electrical, I didn't even go near Cargo Bay. Blue, why are you trying to frame me?"
Red	imposter	"Oh no, that's terrible! I didn't see anyone else in Cargo Bay when I was there earlier, but I definitely didn't see Green's dead body. I was just doing my tasks like a good crewmate. Yellow, I believe you. Blue, why are you coming after me? Are you trying to cover something up?"
Blue	crewmate	"Okay guys, let's not get too sus of each other. Blue, I understand your concern since you found the body, but accusing Red right away may not be the best move. Red, did you see anyone else in the area when you were doing your tasks in Cargo Bay? Yellow, can you confirm where you were during that time? Let's work together and figure this out."
Yellow	crewmate	"Wow, this is getting intense. I believe Blue found the body, but accusing Red right away seems a bit sus. Red, did you see anyone else in the area when you were doing your tasks in Cargo Bay? Blue, it's important to share why you're sus of Red. I was doing my tasks in Electrical and didn't go near Cargo Bay, so unfortunately I can't confirm anything. Let's work together and find out who the real imposter is!"
Red	imposter	"Wow, this is getting heated! Blue, why are you so quick to accuse me? I didn't see anyone in Cargo Bay, but I definitely didn't see Green's dead body either. Yellow, thanks for having my back. I was just doing my tasks like a good crewmate. I'm not sure who the imposter is, but let's work together and figure it out. Blue, can you share why you're sus of me?"
Blue	crewmate	"Guys, let's calm down and focus on finding the real imposter. Accusing each other won't help us solve this. Red, did you see anyone else around Cargo Bay? Yellow, where were you exactly when the body was found? Let's work together and share information to figure this out."
Yellow	crewmate	"Wow, this is intense! I agree with Blue that we shouldn't accuse each other right away. Red, did you see anyone else in Cargo Bay? It's important to share any information you have. I was doing my tasks in Cockpit and didn't see anything suspicious. Let's work together and find the real imposter!"
Red	imposter	"Guys, let's not get too sus of each other. Blue, I understand your concern but accusing me right away doesn't help us. I didn't see anyone else in Cargo Bay, but I'll definitely keep an eye out. Yellow, thanks for having my back. I was doing my tasks in Cargo Bay and didn't see anything suspicious. Let's all work together and share information to find the real imposter. We got this!"
