Yellow	crewmate	"Hey guys, I just found Green's dead body in the Cockpit. I'm sus of Red because they were the only one nearby and acting kinda sus. Anyone else got any info or saw anything?"
Blue	crewmate	"I was in MedBay doing my tasks. I didn't see anything sus. But I can vouch for Red as I saw them doing the scan task earlier."
Red	imposter	"Guys, I was heading towards the Electrical to fix the wiring. I didn't even see Green's body. I'm pretty sure Yellow is trying to frame me. And Blue, thanks for vouching for me. You know I'm not the Imposter."
Yellow	crewmate	"Guys, I understand Red's point but I'm sure I saw them near Cockpit before. I'm not trying to frame anyone, just reporting what I saw. Let's hear from Green before we make any decisions."
Blue	crewmate	"Based on what has been said, it seems like we need more information before making any decisions. It's possible that Red and Yellow are both innocent and just happened to be in the wrong place at the wrong time. Let's try to figure out where everyone was during the time of the kill and see if anyone saw anything else suspicious."
Red	imposter	"I totally agree with Blue. We shouldn't jump to conclusions just yet. Let's all share where we were during the time of the kill and try to piece together what happened. I'm happy to share my location history again if that would help clear things up."
Yellow	crewmate	"I agree with Blue and Red. We need more information before accusing anyone. Let's hear from Green and share our own locations during the time of the kill."
Blue	crewmate	"Guys, I completely agree with Blue, Red, and Yellow. We need to gather more information before accusing anyone. Let's hear from Green and share our location history during the time of the kill. We can't afford to make any wrong accusations and lose innocent crewmates."
Red	imposter	"I'm glad my fellow crewmates are on the same page as me. It's important that we don't accuse anyone without enough evidence. I'll make sure to share my location history to help clear things up. Let's hear from Green and gather more information before making any decisions."
