Yellow	crewmate	"Okay, listen up crewmates, I had just finished fixing the Shields when I stumbled upon Green's dead body. I did not see anyone around but I'm suspicious of Blue. I saw them walking away from the direction of Shields right before I found the body. I'm not certain, but I strongly feel that Blue might be the Imposter. What do you all think?"
Red	crewmate	"Wait, hold up. I was in the Cafeteria the entire time. I didn't even go near Shields. I think Yellow might be trying to frame me. I'm definitely not the Imposter."
Blue	imposter	"I can vouch for Red, they were nowhere near Shields. As for me, I was doing my tasks in Electrical. I have no clue what happened in Shields. Yellow seems pretty sus to me for accusing me without any solid evidence. I think we should skip this vote and keep an eye on Yellow."
Yellow	crewmate	"I understand that everyone is trying to defend themselves, but I really did see Blue walking away from Shields. I have no reason to frame Red or anyone else. We need to vote someone out or the Imposter will keep killing us one by one. I strongly believe it's Blue, but I'm open to hearing other arguments as well."
Red	crewmate	"Guys, I think we need to take this seriously. Yellow's claim about Blue is definitely worth investigating. But at the same time, we don't have any solid evidence against Blue. I suggest we skip this vote and keep a close eye on Blue and Yellow. Let's focus on completing our tasks and keep an emergency meeting in mind for any further suspicious activity."
Blue	imposter	"I don't know what Yellow saw, but I definitely wasn't in Shields. I think we should skip this vote for now and keep an eye on both Yellow and Red. We don't want to vote off an innocent crewmate and give the Imposter an advantage. Let's focus on completing our tasks and be vigilant for any suspicious behavior."
Yellow	crewmate	"I understand that we don't have concrete evidence, but we can't just keep skipping votes and hoping for the best. I'm willing to take the risk and vote for Blue based on my observation. But if everyone thinks we should skip, then let's do that and keep an eye on both Blue and Red. We can't afford to let the Imposter get away with this."
Red	crewmate	"I agree with Red's suggestion of keeping a close eye on both Blue and Yellow. Skipping the vote for now seems like the best option since we don't have any solid evidence. Let's focus on completing our tasks and be alert for any suspicious activity. We can always call for an emergency meeting if needed."
Blue	imposter	"I agree with Red's suggestion of skipping the vote for now and keeping an eye on both Yellow and Red. We need to be cautious and not jump to conclusions without any solid evidence. Let's focus on completing our tasks and keep an emergency meeting in mind for any further suspicious activity."
