Blue	crewmate	"Hey crewmates, I just want to report that I found Green's body in the Cockpit area. I have a strong feeling that Yellow is the Imposter because I saw them acting very sus and running away from the scene right before I found the body. We need to vote Yellow off the ship! Let's do this, team!"
Red	crewmate	"I don't know, Blue. It seems a bit sus to me that you're accusing Yellow just because they were in the area. Do we have any other evidence or suspicions to go off of?"
Yellow	imposter	"I was just passing through the area, I didn't even see the body! It's definitely not me. I think Blue is trying to frame me because they were the only other person around when I was there. Don't trust them, crewmates."
Blue	crewmate	"Listen up, crewmates! I understand that accusing someone without proper evidence can be sus, but I saw Yellow acting really sus before I found the body. And to top it off, they were the only one around the area when the body was reported. I don't think it's a coincidence. We need to be safe and vote off Yellow. Trust me on this one, team!"
Red	crewmate	"Guys, let's not jump to conclusions here. Accusing someone without proper evidence can be really sus. Maybe we should take some time to gather more information before we vote anyone off the ship. Let's be cautious and keep an eye out for any other sus behavior."
Yellow	imposter	"Oh no, crewmates! It seems like Blue is trying to pull off a big brain play and frame me for this. I swear I didn't do it, I was just passing through! But if you all still think it's me, go ahead and vote me off. Just know that you'll be losing a valuable crewmate."
Blue	crewmate	"Okay, team, let's take a deep breath and think this through. Accusing someone without proper evidence can be sus, but at the same time, we can't ignore the fact that Yellow was the only one around the area when the body was reported. I suggest we keep a close eye on Yellow and see if they exhibit any more sus behavior. Let's not vote anyone off just yet, but instead, gather more information and make an informed decision. Stay vigilant, crewmates!"
Red	crewmate	"Good job, team! We're staying level-headed and not jumping to conclusions. Let's keep our eyes peeled for any more sus behavior and gather more information before we make any decisions. We got this!"
Yellow	imposter	"Wow, crewmates, you're really making me sweat here! But don't worry, I'll keep my cool and try to act innocent. Maybe I can divert suspicion onto someone else...or maybe I can just sabotage the ship and win this thing. Let's see what happens next!"
