Blue	crewmate	"Hey guys, emergency meeting! I just found Yellow's lifeless body in Storage. I know it's not the most epic sauce, but I had to report it."
Green	crewmate	"Oh no, not again! Another body reported. Where was everyone at the time of the murder? I was in Electrical doing my tasks. Did anyone see anything sus?"
Red	imposter	"Wow, that's a bummer. I was in Weapons doing my tasks. I didn't see anyone around. Did anyone else see anything?"
Blue	crewmate	"Guys, I was doing my tasks in Navigation when the emergency meeting was called. I didn't see anyone around. But I do agree with Green, where was everyone else?"
Green	crewmate	"Wow, this is getting intense. Yellow's body found in Storage? That's sus. I was in Electrical doing my tasks, so I didn't see anything. But we need to figure out where everyone else was. Blue and Red, where were you guys?"
Red	imposter	"I know it sounds sus, but I swear I was in Weapons doing my tasks. I didn't see anyone around, but I'm willing to skip this vote and keep an eye out for any sus behavior. Let's try to finish our tasks and gather more info before we make any hasty decisions."
Blue	crewmate	"Okay guys, let's take a deep breath and think this through. It's tough to figure out who the imposter is with so little information, but we can't just skip voting. We need to be smart and strategic. Red, I believe you for now, but we need to keep an eye on you. Green, if you were in Electrical, did you see anyone else there? And Yellow's body was found in Storage, so Blue, did you see anything when you were there? Let's finish our tasks and regroup to discuss further."
Green	crewmate	"Guys, this is getting really intense. I didn't see anyone else in Electrical while I was doing my tasks. But we need to keep an eye on Red and Blue. Red says he was in Weapons, but we should still be cautious. I didn't see anything in Storage, but maybe Blue did. Let's finish our tasks and gather more information before we vote."
Red	imposter	"I'm feeling the pressure, but I'm trying to stay calm and collected. I know it looks sus, but I'm hoping my alibi holds up. I'm definitely keeping an eye on Green and Blue, they seem to be leading the charge in figuring out who the imposter might be. But for now, let's focus on finishing our tasks and gathering more info before we make any accusations."
