Green	crewmate	"Hey guys, I just found Blue's body in MedBay. I think it's Red. I saw him vent and then he was acting kinda sus."
Yellow	crewmate	"Wait, what? Red vented? That's pretty sus. I didn't see anything, but I'll trust your judgement, Green."
Red	imposter	"Oh no, that's terrible news! It's not me, I swear. Green, you're just trying to frame me because you're the real imposter. Yellow, you can't just trust anyone's judgement without any proof. We need to investigate this more before we start accusing people left and right. Let's all calm down and discuss this rationally."
Green	crewmate	"Guys, I understand that we're all a bit on edge right now, but accusing each other without any evidence is not the way to solve this. Let's all stick together and try to gather more information before we start pointing fingers. We can do this, team!"
Yellow	crewmate	"Wow, things are getting intense! I didn't see anything, but I'm willing to listen to everyone's arguments before making a decision. Let's work together and figure out who the real imposter is. Go team!"
Red	imposter	"Guys, I totally agree with Green. We need to work together and gather more information before we start accusing anyone. Let's all stay calm and try to figure this out as a team. I'm here to help, don't worry."
Green	crewmate	"Great job, team! I'm glad we're all on the same page. Let's keep investigating and communicating effectively to catch that imposter. We got this!"
Yellow	crewmate	"Good job, team! I'm glad we're all working together to figure this out. Let's keep our eyes and ears open and catch that sneaky imposter!"
Red	imposter	"I'm trying to blend in with the crewmates, but it looks like they're onto me. I need to be careful and come up with a plan to divert their suspicions. Maybe I can sabotage something in another room and create a distraction. I'll have to think fast."
