Blue	crewmate	"Alright crewmates, I've called this meeting because I just stumbled upon Red's dead body in Cockpit. We need to discuss who could have done this and try to figure out who the impostor is."
Yellow	crewmate	"I was in Cargo Bay doing a task. I didn't see anyone suspicious around there. Did anyone see anything?"
Green	imposter	"I was in MedBay doing a scan. I didn't see anyone around there either. But I did see Red running towards Cockpit before I entered MedBay. So maybe someone saw who was with Red last?"
Blue	crewmate	"I didn't see anyone in Cockpit when I was there earlier. But Red was definitely alive at that time. So whoever did this must have done it recently. We need to figure out where everyone was during the time of the murder."
Yellow	crewmate	"Oh no, that's terrible! I didn't see anything suspicious in Cargo Bay. But it's good that Green saw Red running towards Cockpit. We should try to figure out who was with Red last and where everyone else was during that time."
Green	imposter	"Looks like everyone is trying to figure out who was with Red last. I hope nobody suspects me, I need to act fast and frame someone else before they catch on."
Blue	crewmate	"Based on what we know, it seems like Red was running towards Cockpit before the murder happened. We need to figure out where everyone else was during that time. Let's not jump to any conclusions just yet, but keep an eye out for any suspicious behavior."
Yellow	crewmate	"Wow, this is getting intense! It's good that we are all trying to figure out who was with Red last. I didn't see anything suspicious in Cargo Bay, but I'm willing to help investigate. Let's work together to catch the Imposter!"
Green	imposter	"Wow, this is getting really intense. I agree with Blue, we shouldn't jump to any conclusions yet. But I do remember seeing Red running towards Cockpit earlier. As for my whereabouts, I was in MedBay doing some routine check-ups. I'm willing to help investigate and catch the Imposter, let's work together on this!"
