Yellow	crewmate	"Hey guys, I had to call this meeting because I found Red's dead body in Shields! This is sus, we need to figure out who the imposter is!"
Green	crewmate	"Dang, that's rough. I was in O2 doing my tasks, so I didn't see anything suspicious. We definitely need to figure out who the imposter is before they strike again."
Blue	imposter	"I can't believe someone would do this, but I definitely didn't see anything in O2. We need to be really careful and keep an eye on each other. Let's skip for now and keep an eye out for any suspicious behavior."
Yellow	crewmate	"Guys, I completely agree with Blue. We should skip for now and keep an eye on each other. But we also need to make sure we are doing our tasks and not wasting time. Let's stay focused and catch the imposter!"
Green	crewmate	"Yellow, thanks for calling this meeting. It's definitely sus that Red's dead body was found in Shields. As for me, I was in O2 doing my tasks, so I didn't see anything suspicious. I agree with Blue and Yellow that we should skip for now and keep an eye on each other. But let's not forget to do our tasks and not waste any time. We'll catch that imposter soon enough!"
Blue	imposter	"I agree with my crewmates. Let's skip for now and stay alert. I was in O2, but I'll make sure to keep an eye out for any suspicious behavior."
Yellow	crewmate	"I completely agree with my crewmates. Skipping for now and keeping an eye on each other seems like the best strategy. Let's not forget to do our tasks efficiently, and we'll catch the imposter soon enough!"
Green	crewmate	As the player Green, I would respond, "I'm glad we're all on the same page. Let's stick together and get those tasks done. We'll catch that imposter in no time!"
Blue	imposter	"I appreciate everyone's cooperation. As for me, I was in O2 as well, but I didn't see anything suspicious. Let's keep an eye on each other and get those tasks done. The imposter won't stand a chance!"
