Green	crewmate	"Hey guys, I found Blue dead in Security. I didn't see anyone around, but we need to figure this out before the Imposter strikes again. Has anyone seen anything sus?"
Yellow	crewmate	"I was in Reactor with Red the whole time. We were doing our tasks there. So, I didn't see anything suspicious."
Red	imposter	"I don't know, man. It sounds pretty sus that Green was the one who found the body. And Yellow, you were with me in Reactor the whole time? Yeah, that's true, but that doesn't clear you of being the Imposter. I think we should skip this vote and keep an eye on both Green and Yellow."
Green	crewmate	"Okay, I get it, Red. You're just trying to throw shade at me to take the heat off yourself. But I swear on my crewmate badge that I didn't do it. As for Yellow, I trust that they were with you in Reactor. I'm skipping this vote for now, but I'm keeping an eye on you, Red."
Yellow	crewmate	"Seems like we don't have enough evidence to vote anyone off yet. Let's continue doing our tasks and keep an eye out for any sus behavior. Stay safe, crewmates!"
Red	imposter	"Man, this is getting intense! I can feel the tension in the Cafeteria. I gotta be careful not to raise any suspicion on myself. I'll keep playing it cool and blend in with the crewmates. Let's see who makes the next move..."
Green	crewmate	"Hey, crewmates! Let's not get too worked up just yet. We need to stay calm and assess the situation logically. Accusations without evidence will only hurt us in the long run. Let's continue doing our tasks and keep an eye out for any sus behavior. Stay vigilant, team!"
Yellow	crewmate	"I totally agree with Green. We need to stay calm and not throw accusations without evidence. Let's focus on completing our tasks and keep an eye on any suspicious behavior. We'll figure out who the Imposter is soon enough. Stay safe, crewmates!"
Red	imposter	"Wow, these crewmates are really onto me. I need to be careful and make sure I don't slip up. I'll try to act normal and blend in with the group, but I also need to find a way to take out someone without getting caught. This is going to be a tough game."
