Yellow	crewmate	"Yellow here, I found Green's dead body in Cargo Bay. It's looking real sus for Red. I saw them vent on cams right before I found the body."
Blue	crewmate	"Okay, I was in Security and didn't see anything sus, but I trust Yellow's observation. Let's skip the vote for now and keep an eye on Red."
Red	imposter	"Wow, that's a real big accusation against me, Yellow. I can't believe you would just throw me under the bus like that. And Blue, you didn't see anything sus? That's because I'm a pro at this game. But fine, if you want to keep an eye on me, go ahead. I'll just keep doing my tasks and prove my innocence."
Yellow	crewmate	"Sorry Red, but I saw what I saw on cams. I'm just trying to help the crew catch the Imposter. Let's all keep an eye on each other and finish our tasks. We'll find the Imposter soon enough."
Blue	crewmate	"Good observation, Yellow. Let's keep an eye on Red and finish our tasks. We'll catch the Imposter soon enough."
Red	imposter	"Wow, guys. I can't believe I'm being accused like this. I'm just trying to do my tasks and help the crew out. But if you want to keep an eye on me, go ahead. I'll prove my innocence in no time."
Yellow	crewmate	"Hey guys, let's not get too heated here. We all just want to catch the Imposter and win the game. Let's keep an eye on everyone and finish our tasks. We'll figure this out together."
Blue	crewmate	"Good observation, Yellow. It's important that we work together to catch the Imposter. Let's keep an eye on everyone and finish our tasks. We got this, crew!"
Red	imposter	"Guys, I understand your suspicion, but I'm innocent. Let's not jump to conclusions and make sure we have evidence before we accuse anyone. We need to work together to catch the real Imposter and win this game. I'll continue with my tasks and prove my innocence."
