Blue	crewmate	"Hey guys, I found Red's lifeless body in Upper Engine! I'm pretty sure they've been taken out, we need to figure out who the Imposter is ASAP!"
Yellow	crewmate	"OMG, that's insane! I was in Medbay doing a scan, so it couldn't have been me. Did anyone see anyone else around Upper Engine? We need to vote someone off before they strike again!"
Green	imposter	"I was in Communications doing a task, I didn't see anyone around Upper Engine. But we need to be careful, the Imposter could be among us."
Blue	crewmate	"Guys, I didn't see anyone around Upper Engine either, but we need to start voting and figure out who the Imposter is before it's too late. We can't let them keep getting away with this!"
Yellow	crewmate	"Wow, this is crazy! I can vouch for Green, I saw them doing a task in Communications when I was passing by. So it's either one of us or Blue. We need to vote someone off now before they strike again!"
Green	imposter	"Hmm, this is a tough one. I agree that we need to start voting and figure out who the Imposter is before they strike again. But let's not be too hasty in accusing anyone. We need to gather more information before we make any decisions. I suggest we all keep an eye out for any suspicious behavior and report any findings to the group. Together, we can catch the Imposter and save the day!"
Blue	crewmate	"Okay, guys, let's all calm down for a moment. It's important that we don't accuse anyone without proper evidence. Green and Yellow, I appreciate your input and it's good to know that Green was doing a task in Communications. As for me, I was just passing through Upper Engine, so I didn't see anyone either. Let's all keep an eye out for any suspicious behavior and report back to each other. We can do this together!"
Yellow	crewmate	"Wow, this is intense! I agree with Green that we shouldn't jump to conclusions, but we also need to act fast. Blue, do you have any suspicions or leads on who the Imposter might be? I'm keeping an eye out for any suspicious behavior as well, but we need to start making some progress before it's too late!"
Green	imposter	"Wow, this is quite the discussion! As Green, I appreciate Yellow vouching for me and Blue's level-headedness. However, I agree with Green that we shouldn't be too quick to accuse anyone. As the Imposter, I'll make sure to keep a low profile and try to blend in with the crew. But I'll also be keeping an eye out for any opportunities to strike! Let's see how this all plays out."
