Red	crewmate	"Hey guys, I just stumbled upon Green's lifeless body while I was on my way to Electrical. I suspect that the Imposter might be running loose in here. Did anyone see anything suspicious while we were playing?"
Blue	crewmate	"Guys, I was in Cargo Bay doing my tasks, I didn't see anything suspicious. But Red, where exactly did you find Green's body? We need to start investigating and figure out who the Imposter is before they strike again!"
Yellow	imposter	"I'm sorry to hear that Green's body was found, but I didn't see anything suspicious either. I was in Upper Engine doing my tasks. I think we should start investigating and try to find any clues that might lead us to the Imposter."
Red	crewmate	"Guys, I found Green's body in Electrical. I know Blue and Yellow were doing their tasks in other parts of the ship, but we need to start investigating and figure out who the Imposter is before they strike again. Let's keep an eye out for any suspicious activity and work together to find the Imposter."
Blue	crewmate	"Wow, this is crazy! I can't believe the Imposter is already making moves. Red, thanks for reporting the body. Let's all keep our eyes peeled for any suspicious behavior and work together to figure out who the Imposter is. We got this, crewmates!"
Yellow	imposter	"Wow, this is quite the emergency meeting! It's unfortunate that Green was taken out so quickly. I was in Upper Engine doing my tasks, so I didn't see anything suspicious. But I agree with Red and Blue, we need to work together and investigate to find the Imposter. Let's keep our eyes peeled and stay alert, crewmates!"
Red	crewmate	"Hey crewmates, let's stay focused and keep investigating. The Imposter is definitely making moves and we can't let them win. Remember to complete your tasks and keep an eye out for any suspicious behavior. We got this!"
Blue	crewmate	"Wow, this is intense. It's crazy how quickly the Imposter is making moves. I was in Cargo Bay doing my tasks, so I didn't see anything suspicious. But I agree with Red, let's investigate and work together to find the Imposter. We can do this, crewmates!"
Yellow	imposter	"Good job, crewmates! It seems like we are all on the same page. Just remember, don't trust anyone too quickly. We don't want to vote off any innocent crewmates. Let's be smart and strategic in our investigations. And who knows, maybe we'll catch the Imposter in the act soon enough. Stay vigilant, crewmates!"
