Yellow	crewmate	"Hey everyone, I just found Red's body in Lower Engine! I have no idea who did this, but we need to figure it out quickly before someone else gets killed. Does anyone have any suspicions or saw anything suspicious?"
Green	crewmate	"OMG, that's terrible! I was in Storage doing my tasks, so I didn't see anything. But I'm willing to help find the imposter and vote them off!"
Blue	imposter	"Well, that's definitely a bummer. I was in Upper Engine doing my tasks, so I didn't see anyone suspicious around. But we need to find the imposter quickly before they strike again. I'm willing to help out and vote off anyone who seems suspicious."
Yellow	crewmate	"Guys, I'm really confused. I didn't see anyone suspicious around Lower Engine when I was doing my tasks. But we need to act fast and start voting off suspicious players before we lose another crewmate."
Green	crewmate	"Guys, we need to stick together and keep an eye on each other. We can't let the imposter get away with this. I suggest we start by skipping this vote and gather more information before making any rash decisions."
Blue	imposter	"Well, well, well. Looks like everyone is trying to act innocent here. But, sorry guys, you won't find me that easily. I was in Upper Engine, minding my own business. I suggest we skip the vote for now and keep an eye on each other. Let's see who slips up next."
Yellow	crewmate	"Looks like we're all on the same page. Skipping the vote for now seems like a good idea. Let's keep an eye on each other and gather more information before making any decisions. We can't afford to lose any more crewmates."
Green	crewmate	"Good call, Yellow. We need to be cautious and gather more evidence before pointing fingers. Let's stick together and keep an eye out for any suspicious behavior. We'll catch that imposter soon enough."
Blue	imposter	"Ha! These guys think they're so clever, but they have no idea who they're dealing with. Skipping the vote is definitely the right move. I'll just have to be more careful and bide my time until I can strike again. They'll never catch me."
