Yellow	crewmate	"Hey guys, I just want to call this meeting to report a tragic loss. Red is dead in Admin, and I have a hunch that it might be Blue. I saw Blue walking suspiciously around the area just before the body was reported. Let's discuss this and try to figure out who the Imposter is before they strike again!"
Green	crewmate	"Whoa, that's a big accusation, Yellow! I don't think we should jump to conclusions so quickly. We need more evidence before we start voting people off. Did anyone see Blue do anything else suspicious besides just walking around Admin?"
Blue	imposter	"Guys, I was just doing my tasks in Admin. I wasn't even near Red when they died. I don't have anything to do with this tragic loss. I think we should listen to Green and not jump to conclusions so quickly. We need to gather more evidence before we start pointing fingers."
Yellow	crewmate	"Okay, I hear what everyone is saying, but I still think we should keep an eye on Blue. Maybe we can follow them around and see if they do anything else suspicious. We can't afford to let the Imposter get away with this."
Green	crewmate	"Guys, I agree with Green. We shouldn't jump to conclusions so quickly. Let's gather more evidence before we start accusing anyone. Yellow, can you tell us more about why you think it's Blue? Did anyone see anything else suspicious?"
Blue	imposter	"Hey guys, I totally understand where Yellow is coming from, but let's not forget that accusing someone without evidence could also lead us to lose an innocent crewmate. As for me, I didn't see anything suspicious from anyone else. I think we should all keep an eye out for any suspicious behavior and report back during the next emergency meeting."
Yellow	crewmate	"I agree with Green and Blue. We need to gather more evidence before we start accusing anyone. Let's focus on completing our tasks and keeping a watchful eye. Remember, the Imposter could be anyone."
Green	crewmate	"Guys, great discussion! It's important to keep a level head and not accuse anyone without evidence. Let's all focus on completing our tasks and keep our eyes peeled for any suspicious behavior. Remember, the Imposter could be anyone, so let's stay vigilant and work together to figure this out."
Blue	imposter	"I agree with my fellow crewmates. We shouldn't jump to conclusions and accuse anyone without evidence. I'll keep an eye out for any suspicious behavior and report back during the next emergency meeting. Let's work together and complete our tasks to catch the Imposter."
