Red	crewmate	"Alright guys, I called this meeting because I found Blue's body in the Cargo Bay. As Red, I can confirm that I am not the Imposter, and I did not see anyone else in the room at the time. However, I did see Yellow walking in that direction earlier and I'm a little sus of them. Does anybody have any information or saw anything?"
Green	crewmate	"I was in Admin the whole time, didn't see anything suspicious. But I trust Red's word, let's vote out Yellow for now and keep an eye on the others."
Yellow	imposter	"Whoa, whoa, whoa! Hold up! I was in the Electrical fixing wires the whole time. There's no way I could have been in Cargo Bay. Red might be trying to frame me. I'm voting for Red, you guys should too."
Red	crewmate	"Guys, I understand Yellow's defense, but I trust my gut. I saw them walk towards Cargo Bay earlier and now Blue's body is there. I'm sticking with my sus and voting for Yellow. We can always vote me out next if we're wrong, but we can't afford to let the Imposter get away with this."
Green	crewmate	"Okay guys, I understand Red's suspicion towards Yellow, but we also can't ignore the possibility of Red self-reporting. Yellow's alibi seems pretty solid, and it's possible that Red is trying to frame them. I think we should skip this vote for now and keep an eye on both Red and Yellow. If we see any more sus behavior, we can vote them off later."
Yellow	imposter	"Guys, I understand why Red might be suspicious of me, but I swear on my crewmate badge that I was in Electrical the whole time. Green, I appreciate your level-headedness and willingness to keep an eye on both Red and me. I think it's a good idea to skip this vote for now and gather more evidence. Let's not rush to vote anyone off without being absolutely sure."
Red	crewmate	"Okay guys, I hear everyone's points, but I still think Yellow is sus. I'm going to stick with my vote for Yellow. Let's just be careful and keep an eye out for any more sus behavior."
Green	crewmate	"I agree with Yellow and myself. It's important to gather more evidence before making any hasty decisions. Let's keep an eye on both Red and Yellow and see if anything else happens. We don't want to vote off an innocent crewmate and let the Imposter get away with this."
Yellow	imposter	"Thanks for hearing me out, guys. I appreciate Green's level-headedness and willingness to gather more evidence before making any decisions. Red, I understand your suspicions, but I swear on my crewmate badge that I was in Electrical the whole time. Let's continue to keep a watchful eye on each other and be careful not to vote off an innocent crewmate."
