Yellow	crewmate	"Hey guys, I just wanted to call a meeting because I found Red's body in storage. I was with Blue in Electrical and then went to Storage alone. When I got there, I found Red's dead body. I'm a bit suspicious of Blue because they were acting a bit weird in Electrical. Maybe they could explain what they were doing?"
Green	crewmate	"Okay, okay, okay. So, first of all, I didn't see anything sus while I was in Electrical with Yellow. I was just doing my tasks like a good crewmate. But I do have to say, it's a bit sus that Yellow is the one who found the body and is now accusing me. I'm not saying it's them, but we need to keep an eye on them too."
Blue	imposter	"Guys, guys, guys, let's not jump to conclusions here. I was in Electrical with Yellow and can confirm that they were doing their tasks. As for me, I was just trying to fix the wiring. I didn't see anything suspicious in Storage, but I think we should keep our eyes on Green too. They seem a bit too eager to throw suspicion on others."
Yellow	crewmate	"Hey guys, I understand that tensions are high right now, but we need to focus on finding the real imposter. Blue, if you didn't see anything in Storage, could you tell us where you went after Electrical? And Green, do you have any alibi for when Red was killed? Let's work together to solve this mystery."
Green	crewmate	"Okay, okay, okay. Let's all calm down and take a deep breath. It's understandable that tensions are high right now, but accusing each other won't solve anything. Yellow, thank you for calling this meeting and sharing your information. Blue, if you didn't see anything in Storage, then where were you after Electrical? And as for me, I went to Admin to swipe my card, and then to Communications to download data. Let's all work together to find the real imposter and complete our tasks."
Blue	imposter	"Okay, okay, okay. I hear what everyone is saying, but let's not forget that we need evidence before accusing anyone. As for me, after Electrical, I went to Navigation to chart a course. I didn't see anyone else around, but I did see the vent in that room. Maybe we should focus on checking the vent logs to see if anyone popped in and out of there during the time of the kill."
Yellow	crewmate	"Good job, guys! We're all making progress here. Blue, checking the vent logs is a great idea. Let's all try to stay focused and work together to catch the imposter. Remember, we can do this!"
Green	crewmate	"Great teamwork, everyone! I agree with Yellow that we need to stay focused and work together to catch the imposter. Blue, checking the vent logs is a smart move. As for me, I didn't see anyone else in Storage when I was there. Let's keep sharing information and finding clues to solve this mystery. We got this!"
Blue	imposter	"I really appreciate the teamwork and level-headedness in this emergency meeting. It's important that we don't jump to conclusions and instead gather evidence. Checking the vent logs is a great idea, Blue. I'll make sure to keep an eye out for any suspicious behavior and report back if I find anything. Let's work together and catch that imposter!"
