Green	crewmate	"AYO CREWMATES! GREEN HERE. I JUST CAME ACROSS BLUE'S LIFELESS BODY IN THE SECURITY ROOM! WE NEED TO GET TO THE BOTTOM OF THIS AND FIND WHO THE IMPOSTER IS. I'VE GOT NO SUSPICIONS AS I WAS BUSY CHECKING THE CAMS AND DIDN'T SEE ANYTHING SUSPICIOUS. WHAT DID YOU GUYS SEE?"
Red	crewmate	"OMG! BLUE IS DEAD?! THAT'S SO SUS! I WAS IN THE CARGO BAY DOING MY TASKS AND DIDN'T SEE ANYTHING SUSPICIOUS EITHER. DID ANYONE CROSS PATHS WITH BLUE BEFORE HE WAS KILLED? WE NEED TO VOTE SOMEONE OFF QUICK BEFORE THEY STRIKE AGAIN!"
Yellow	imposter	"Wow, so sad to hear about Blue's death. I was in Upper Engine doing my tasks and didn't see anything suspicious either. But we need to act fast and vote someone off before they strike again. Let's do this, crewmates!"
Green	crewmate	"Hey crewmates, this is really sus. It's worrying that we have no leads on who the imposter could be. But I agree with Red and Yellow, we need to vote someone off before they strike again. Any leads or suspicions from anyone else?"
Red	crewmate	"Wow, this is really sus. It's so sad to hear about Blue's death. I was in the Cargo Bay doing my tasks and didn't see anything suspicious. But we need to act fast and find some leads on who the imposter could be. Let's vote someone off before they strike again and get to the bottom of this, crewmates!"
Yellow	imposter	"I'm sorry to hear about Blue's death, crewmates. I didn't see anything suspicious while I was in Upper Engine doing my tasks. But I agree with everyone, we need to vote someone off quickly before they strike again. Let's keep an eye out for any suspicious behavior and work together to catch the imposter!"
Green	crewmate	"Wow, this is really sus. It's alarming that we have no leads on who the imposter could be. I was in Security doing my tasks and didn't see anything suspicious. But I agree with Red and Yellow, we need to vote someone off quickly before they strike again. Let's keep an eye out for any suspicious behavior and work together to catch the imposter, crewmates!"
Red	crewmate	"Wow, this game is getting intense! It's really sus that we don't have any leads on who the imposter could be. I was in Cargo Bay doing my tasks and didn't see anything suspicious. I agree with Green, Red, and Yellow, we need to vote someone off quickly before they strike again. Let's stick together, crewmates, and catch that imposter!"
Yellow	imposter	"I know it's sad to lose Blue, but we need to stay focused on finding the imposter. I was in Upper Engine doing my tasks and didn't see anything suspicious. But let's keep an eye out for anyone who might be acting suspiciously. We'll catch them soon, crewmates!"
