Red	crewmate	"Guys, we've got a dead body here in Shields. Yellow's dead!"
Blue	crewmate	"OMG, not Yellow! Where was everyone?"
Green	imposter	"Wow, that's so sus! I was in Storage doing some tasks. Did anyone see anything?"
Red	crewmate	"Guys, I was in Electrical fixing some wires. I didn't see anyone around Shields when I passed by. But I did see Green coming out of Storage, so they could be sus."
Blue	crewmate	"Wow, this is crazy! I was in Lower Engine doing my tasks, so I didn't see anything. But I'm willing to skip this vote for now and keep a close eye on both Green and Red."
Green	imposter	"Guys, I think Red is self-reporting. I didn't see anyone around Storage when I was there, but I did see Red coming from Electrical. It's Red, trust me. We need to vote them out ASAP."
Red	crewmate	"Okay, first of all, let's not jump to conclusions here. Green, just because I passed by Shields doesn't mean I was anywhere near the body. And Blue, thanks for being the voice of reason. Skipping the vote for now seems like a good idea. Let's keep an eye on each other and gather more information before making any drastic decisions."
Blue	crewmate	"Wow, this is getting intense! I trust Blue's decision to skip the vote for now and gather more information. Let's keep an eye on each other and try to complete our tasks to win this game!"
Green	imposter	"Wow, this is quite the discussion! It's interesting to see everyone's perspective. I understand why Red is defending themselves, but I still have a strong feeling that they're the imposter. Let's keep an eye on each other and see where this goes."
