Blue	crewmate	"YO YO YO! I'm calling this meeting because I found Yellow dead in Weapons and I'm hella sus of Green. I saw them moving around that area before but they swear they were doing their tasks. Let's discuss and get to the bottom of this."
Red	crewmate	"Okay, okay, let's not jump to conclusions here. We need to hear from Green and get their side of the story. Blue, did you see anyone else in the area besides Green?"
Green	imposter	"Alright, alright, hear me out. I was in Weapons doing my tasks, and I didn't see anyone around. Blue must be mistaken. But if you think it's me, go ahead and vote me off. I'll just go back to being a ghost and haunting you all."
Blue	crewmate	"I swear on my life, I saw Green moving around suspiciously in Weapons before I found Yellow's body. But if they're saying they were doing their tasks, then maybe I could be wrong. Let's hear what everyone else has to say before we jump to any conclusions. We don't want to vote off an innocent crewmate and let the Imposter win."
Red	crewmate	"Okay guys, let's take a deep breath and think logically. Blue, I appreciate you bringing this to our attention, but we need to hear from everyone else before we decide who to vote off. Green, can you tell us exactly which tasks you were doing in Weapons? And Yellow, did you see anyone else in the area before you died? Let's gather all the information we can before we make any accusations."
Green	imposter	"Whoa, whoa, whoa. Hold on there. I was just minding my own business in Weapons, doing my tasks like a good crewmate when suddenly there's a dead body and accusations flying around. I didn't see anyone else in the area, I swear. But hey, if you want to vote me off and lose a valuable crewmate, be my guest. Just don't come crying to me when the Imposter wins."
Blue	crewmate	"Guys, let's not get too hasty. Accusing each other without all the facts is just going to lead to chaos. Let's hear everyone out and make an informed decision. Remember, we're all in this together and we need to work as a team to catch the Imposter."
Red	crewmate	"Great job, team. This is exactly how we should handle a situation like this. We need to gather all the information and make a logical decision. Let's keep our cool and work together to catch the Imposter. Remember, trust no one and stay alert."
Green	imposter	"Guys, I understand we're all on edge right now, but accusing each other without any evidence is not going to help us catch the Imposter. As for me, I was doing my tasks in Weapons and didn't see anyone else in the area. But let's hear from Yellow and gather all the information we can before we make any decisions. Remember, we're a team and we need to work together to win this game."
