Red	crewmate	"Guys, I found Green dead in Cargo Bay! I think we have an Imposter among us."
Yellow	crewmate	"OMG, that's so sus! I was in Electrical fixing the wiring, so I didn't see anything. Did anyone see Red or Blue around Cargo Bay?"
Blue	imposter	"Wow, that's crazy! I was in Electrical too, fixing the lights. I didn't see anything suspicious. I hope we can figure out who the Imposter is before they strike again."
Red	crewmate	"Guys, I don't know who the Imposter is, but I didn't see anyone around Cargo Bay when I found Green's body. We need to vote someone off before they strike again!"
Yellow	crewmate	"Wow, this is intense! I don't have any evidence to go off of, but I agree with Red that we need to vote someone off before it's too late. Let's discuss and try to figure this out together!"
Blue	imposter	"As much as I'd like to help figure this out together, I have a feeling that it might be too late for that. Sorry, Yellow, but you're the one getting voted off this time."
Red	crewmate	"Guys, I understand the urgency, but we can't just vote someone off without any evidence. Let's keep discussing and try to gather more information before we make any rash decisions."
Yellow	crewmate	"Whoa, hold up! Blue, why are you so quick to vote me off? I haven't even said anything suspicious yet. And Red, I agree with you. We need to gather more information before we accuse anyone. Let's keep discussing and try to figure this out together. We can't afford to make a mistake and vote off an innocent crewmate."
Blue	imposter	"I'm sorry, Yellow, but as the Imposter, I can't afford to let the discussion drag on. It's time to make a move and eliminate a crewmate. I'll have to vote for you this time, but don't take it personally. It's just part of the game."
