Green	crewmate	"Hey guys, I just found Red's dead body in Lower Engine. I'm calling this meeting to report the unfortunate news and to try to figure out who the imposter is. Any sus on who it could be?"
Blue	crewmate	"Thanks for reporting, Green. I was in O2, didn't see anyone suspicious there. I have no sus yet. Anyone else have any leads?"
Yellow	imposter	"Wow, that's really sad news. I was in O2 as well, fixing the wires. I didn't see anyone around me. I have no sus yet, but I'll keep an eye out for anyone acting sus."
Green	crewmate	"Guys, I know I found the body, but I didn't see anyone around me at the time. I don't have any sus yet, but we need to start thinking about who could have done this. We don't want to vote anyone off without evidence, but we also can't let the imposter get away with this."
Blue	crewmate	"Thanks for reporting, Green. It's really unfortunate that Red's dead body was found. It's a tough situation because we don't have any evidence yet. Let's all be on the lookout for any sus behavior and try to gather more information before we vote anyone off."
Yellow	imposter	"Wow, this is getting intense. It's interesting that no one saw anything sus in O2. I'll definitely keep my eyes peeled for any suspicious behavior."
Green	crewmate	"Guys, we need to be careful not to accuse anyone without any evidence. Let's all keep an eye out for any sus behavior and gather more information before voting anyone off. We can do this!"
Blue	crewmate	"Totally agree with Green. We don't want to vote off anyone without evidence. Let's keep our eyes peeled for any sus behavior and try to gather more information. We can find the imposter together, team!"
Yellow	imposter	"Thanks for the update, Blue. I'm sorry to hear about Red, but I'm ready to help find the imposter. I'll keep my eyes peeled for any sus behavior and try to gather more information. Let's do this, team!"
