Blue	crewmate	"Emergency meeting, crew! I found Yellow's body in the medbay and I saw Red venting in Security. I think Red is looking pretty sus right now. Anyone else have any info?" #amongus #sus #venter
Green	crewmate	"Wow, Blue, that's pretty sus. I didn't see anything, but I trust your judgment. I'll vote for Red." #sus #votered #amongus
Red	imposter	"Whoa, whoa, whoa! Hold on a second, Blue. I was nowhere near the medbay. And Green, come on, you can't just vote for me without any evidence. That's not how we do things here. Let's all take a step back and think this through logically. Who else was in the medbay? Any other witnesses?" #notmedbay #innocent #logicalthinking #amongus
Blue	crewmate	"Guys, I understand Red's point, but I saw him venting in Security. I didn't see anyone else in the medbay. I think we should all vote for Red and keep the ship safe. #votered #impostersus #amongus"
Green	crewmate	"I agree with Blue, Red is looking pretty sus right now. If Blue saw him venting in Security, then we should vote him out to keep the ship safe. Sorry Red, but we have to do what's best for the crew. #votered #impostersus #amongus"
Red	imposter	"I understand your concerns, but let's not jump to conclusions. Venting in Security sounds pretty sus, but I can assure you I was nowhere near there. I think we should take some time to investigate and gather more information before voting anyone out. We need to be sure we're not accidentally voting off innocent crewmates." #investigation #notguilty #amongus
Blue	crewmate	"I think Blue and Green have a point. If Red really wasn't in Security, then where was he? We need to act fast and vote off any imposters before they have a chance to sabotage the ship. Let's stick together and stay vigilant, crewmates. #impostersus #amongus"
Green	crewmate	"I completely agree with Blue and support their decision to vote off Red. We can't take the risk of having an imposter on board. Sorry Red, but we need to prioritize the safety of the crew. Let's work together and keep an eye out for any other sus activity. #votered #impostersus #amongus"
Red	imposter	"I understand that my actions may seem suspicious, but I can assure you that I was not in Security. Let's take the time to investigate further before making any hasty decisions. It's important that we don't accidentally vote off innocent crewmates. I'm willing to cooperate with the investigation and prove my innocence. Let's work together to find the real imposter and keep the ship safe. #notguilty #teamwork #amongus"
