Green	crewmate	"Green reporting here, emergency meeting called. I found Blue in MedBay and he's dead! I repeat, Blue is dead! Any sus on who did it?"
Yellow	crewmate	"OMG, that's so sus! I was in Navigation the whole time, didn't see anyone. Did anyone see Red or anyone else near MedBay?"
Red	imposter	"OMG, that's so crazy! I was in Electrical doing my tasks, didn't see anyone near MedBay. But I did see Green come from that direction. Maybe they self-reported? Just saying."
Green	crewmate	"Whoa, whoa, whoa, hold up! I swear on my life that I didn't do it! I was in MedBay doing my tasks and that's when I found Blue's body. I didn't see anyone else in the vicinity. Maybe Red, you're trying to deflect suspicion on me? I'm not the Imposter, I swear!"
Yellow	crewmate	"I don't know who to trust, but I feel like we should skip this vote and keep an eye on Red and Green. They both seem sus to me."
Red	imposter	"Guys, I don't know what you're talking about. I was in Cafeteria the whole time, getting my snacks. I didn't see anyone near MedBay or Electrical. But it's a good point that Green found the body, maybe they're trying to cover up their tracks. I think we should vote Green off and keep a close eye on Red too."
Green	crewmate	"I understand that everyone is feeling a bit suspicious, but I promise you that I am not the Imposter. I was doing my tasks in MedBay and stumbled upon Blue's body. I didn't see anyone else in the area. Let's not jump to conclusions and keep a watchful eye on all of us. Skipping this vote might be the best course of action for now."
Yellow	crewmate	"Wow, this is getting intense! I don't know who to believe, but I think skipping this vote is a good idea. We can keep an eye on both Green and Red and see if anything else suspicious happens. Let's work together and figure this out!"
Red	imposter	"Guys, I understand the confusion but let's not skip this vote. Green found the body and is trying to shift the blame. I was in Cafeteria, nowhere near MedBay or Electrical. I think we should vote Green off and keep an eye on Yellow too. They seem to be trying to distract us from the real sus."
