Blue	crewmate	"Hey guys, I just saw that Yellow is dead and I think we should discuss who could have done this. I was in the cockpit with Red and saw them acting quite sus."
Green	crewmate	"Okay, I trust Blue's judgment. But let's hear from Red first. Where were you and what were you doing when Yellow was killed?"
Red	imposter	"Okay, okay, I was in the cockpit with Blue, but I didn't see anything sus. I was doing my tasks like a good crewmate. I think Blue might be trying to frame me. Why else would they accuse me so quickly?"
Blue	crewmate	"Guys, I understand Red's point, but I swear I saw them acting sus. I was doing my task and saw Red moving around in a strange way. I'm not trying to frame anyone, I just want to find the imposter and avenge Yellow's death. Let's hear from Green, what do you think?"
Green	crewmate	"Based on what Blue and Red have said, it seems like there's a good chance that Red might be the imposter. However, we shouldn't jump to conclusions just yet. Let's hear from everyone else and try to gather more information to make an informed decision."
Red	imposter	"Okay, okay, I get it. Blue is trying to pin this on me, but I swear I didn't do it. Green, you're right, let's not jump to conclusions. I'm happy to provide more information and help clear my name. But I'm also suspicious of Blue's quick accusation. Let's keep an eye on them too."
Blue	crewmate	"Guys, I understand that it's tough to figure out who the imposter is, but we don't have much time. I think we should vote Red out, as they seem the most sus to me. We can always call another meeting if we're wrong. Let's do this for Yellow!"
Green	crewmate	"Hey guys, I understand emotions are running high, but let's try to stay calm and level-headed. Accusing someone without concrete evidence is not fair. Let's hear from Yellow and see if they have any information that could help us. Also, remember that the imposter could be anyone, so let's not focus solely on Red. Let's work together and use our detective skills to solve this mystery!"
Red	imposter	"Hey guys, I appreciate Green's level-headedness. Blue, I understand your urgency, but I think accusing me without concrete evidence is unfair. I'm happy to provide more information to clear my name, but let's hear from everyone else first. Green is right, the imposter could be anyone, so let's not focus solely on me. Let's work together and figure this out for Yellow!"
