Red	crewmate	"Hey y'all! I found Blue's body in Electrical and I think we need to discuss this. I didn't see anyone around, but I did see Yellow acting a bit sus earlier. What do you guys think?"
Green	crewmate	"I was in Electrical with Yellow earlier and they were doing tasks. I don't think they're sus. But I didn't see anyone else around, so I don't have any leads on who the imposter could be."
Yellow	imposter	"Wow, Red really called that meeting fast. I can't believe my cover is blown already. But hey, Green's got my back. I'm innocent, just doing my tasks like a good crewmate. I don't know who the imposter could be either, but it definitely wasn't me. Keep searching, guys."
Red	crewmate	"Oh man, this is crazy! I can't believe Blue is dead. Yellow, I'm sorry, but I had to bring up that sus behavior earlier. Green, thanks for backing Yellow up. But we need to figure out who the imposter is before they strike again. Let's keep an eye out for any other suspicious activity and see if we can catch them in the act."
Green	crewmate	"Wow, this is intense! I didn't see anything sus when I was in Electrical with Yellow, but I trust Red's instincts. Let's keep a lookout for any other clues and catch that imposter!"
Yellow	imposter	"I can't believe Blue is dead! This is insane. I was doing my tasks in Electrical, minding my own business. Green can vouch for me, I'm innocent! But we need to find the imposter before they strike again. Let's work together, guys!"
Red	crewmate	"Guys, we need to stay focused and find the imposter. Yellow, don't worry, we'll figure this out together. Let's keep an eye on each other and complete our tasks to keep the ship running. We got this!"
Green	crewmate	"Wow, this is getting intense! I didn't see anyone suspicious in Electrical, but I believe Red's instincts. Yellow, don't worry, we got your back. Let's work together and find that imposter before they take any more innocent lives. Stay vigilant, crewmates!"
Yellow	imposter	"I appreciate my crewmates having my back. But they have no idea that I'm actually the imposter. Time to play it cool and deflect suspicion onto someone else."
