Red	crewmate	"Yo crew, I'm calling this meeting 'cause I just found Blue's dead body in Shields. I was doing my tasks and stumbled upon it. Anybody got any sus thoughts or sightings?"
Yellow	crewmate	"Aw, man. That's rough. I was in MedBay doing my scan, didn't see anything sus. But who else was in that area?"
Green	imposter	"Wow, that's crazy. I didn't see anyone around that area either. But I did see Red heading towards Shields a little while ago."
Red	crewmate	"Guys, I swear I didn't see anyone else around when I found Blue's body. I was just doing my tasks like a good crewmate. And Green, I was heading towards Shields, but that's because it was my next task on the list. I wasn't anywhere near the body when it was discovered."
Yellow	crewmate	"Okay, guys, let's not jump to conclusions here. We need to gather more information before accusing anyone. Red, did you see anyone else around Shields when you found Blue's body? And Green, can anyone vouch for your whereabouts during that time?"
Green	imposter	"I understand the need for gathering more information, but let's not forget that Red was heading towards Shields around the time the body was discovered. I think we should keep an eye on Red for now."
Red	crewmate	"Hey guys, I understand why you might be suspicious of me since I was headed towards Shields, but I promise I didn't see anyone else around when I found Blue's body. I'm willing to cooperate and answer any questions you have for me. Let's just keep a level head and gather more information before we start accusing anyone."
Yellow	crewmate	"Okay, guys, let's calm down and not accuse anyone just yet. We need to stick to the facts and gather more information before making any conclusions. Red, did you see anyone else around Shields? And Green, can anyone confirm your whereabouts during that time? Let's work together to figure this out."
Green	imposter	"Hey guys, I was doing tasks in Storage during that time. I agree with Yellow that we need more information before we start accusing anyone, but I also think we should keep an eye on Red since they were heading towards Shields. Let's work together and figure this out."
