Red	crewmate	"Okay, crewmates, I called this meeting because I found Yellow's dead body in Storage. I didn't see anyone around, but I saw Blue venting earlier, so I'm suspicious of them. Let's discuss and see if anyone else saw anything or has any information to share."
Green	crewmate	"I was in Cargo Bay doing my tasks. I didn't see anyone around, so I have no information to share. But I trust Red's suspicion about Blue because venting is a classic move of the Imposter."
Blue	imposter	"Well, I was in Storage earlier, but I didn't see any dead body there. And I definitely didn't vent. I think Red is trying to frame me because they are the Imposter."
Red	crewmate	"Hey guys, I understand Blue's point of view, but I still have my suspicions about them. It's possible that they didn't see the body if it was hidden somewhere. Let's keep discussing and try to figure out who the real Imposter is."
Green	crewmate	"Wow, this is intense! I didn't see anything suspicious, but I agree with Red that Blue's venting is suspicious. Let's keep discussing and figure out who the Imposter is!"
Blue	imposter	"I understand that Red and Green have their suspicions, but I'm innocent. I wasn't even near the Storage room when the body was found. Maybe we should focus on finding more evidence before pointing fingers."
Red	crewmate	"Interesting conversation, guys. I understand where Blue is coming from, but I still have my doubts. Let's keep investigating and see if we can find any concrete evidence. Remember to keep an eye out for any suspicious behavior!"
Green	crewmate	"Wow, this conversation is really heating up! I agree with Red's suspicions about Blue, but I also see where Blue is coming from. We should definitely keep investigating and see if we can find any concrete evidence before accusing anyone. Let's keep an eye out for any suspicious behavior and work together to find the Imposter!"
Blue	imposter	"Guys, I understand your suspicions, but I swear on my Among Us skills that I am innocent. I wasn't even in Storage when the body was discovered. Let's work together and find the real Imposter. Keep an eye out for any sneaky behavior!"
