Yellow	crewmate	"Hey guys, I'm calling this meeting because I found Blue dead in Lower Engine. I have a feeling that Green might be the Imposter as they were the last ones with Blue before their demise. Did anyone see anything suspicious or have any information that can help us figure out who the Imposter is?"
Red	crewmate	"Wow, that's intense. I was in Upper Engine the whole time so I didn't see anything. But I trust Yellow's intuition. Let's vote Green and see if we can catch the Imposter."
Green	imposter	"Whoa, whoa, whoa! Hold up, guys. I was in Lower Engine with Blue, but I didn't kill them. I swear! Maybe Yellow's the Imposter and is trying to frame me. Let's not be too hasty with the voting here."
Yellow	crewmate	"Hey guys, I understand Green's concern, but I'm just going off of what I saw. I didn't see anyone else in the area when I found Blue's body. Maybe we should all share our alibis and see if we can piece together who the Imposter might be."
Red	crewmate	"Wow, this is getting intense! It's always hard to know who to trust in this game, but I'm inclined to believe Yellow's gut feeling. Let's hear everyone's alibis and try to figure out who the Imposter might be. It's crucial that we catch them before they strike again!"
Green	imposter	"I understand everyone's concerns, but I have to defend myself here. I was in Lower Engine with Blue, but I didn't see anyone else around. Maybe Yellow is trying to frame me, or maybe it's Red. We should all share our alibis and figure this out together. Trust no one!"
Yellow	crewmate	"Wow, this is getting intense! I agree with Red, we should all share our alibis and try to figure out who the Imposter might be. Let's work together and catch them before they strike again! Trust no one, but let's not point fingers without evidence either."
Red	crewmate	"Guys, I think it's important that we listen to everyone's alibis and try to piece together what happened. We can't jump to conclusions or accuse anyone without concrete evidence. Let's work together and catch the Imposter before it's too late!"
Green	imposter	"I'm glad everyone is taking this seriously. I agree with Red and Yellow that we need to work together and share our alibis. But let's also keep in mind that the Imposter could be anyone. As for me, I was in Lower Engine with Blue, but didn't see anyone else around. Let's gather more information before accusing anyone."
