Green	crewmate	"Alright guys, I had to call a meeting because I found Yellow's body in Electrical. First off, let's get the easy stuff out of the way- where was everyone during this time? I was in Security doing my tasks when I found the body. Has anyone seen anything suspicious? I'm starting to get sus of Blue because they were acting pretty weird and kept following Yellow around earlier."
Red	crewmate	"Thanks for calling the meeting, Green. I was in Cafeteria doing my tasks, didn't see anything suspicious. But I did see Blue in Electrical earlier, so they might have some explaining to do."
Blue	imposter	"Who, me? Nah, I was just checking out the security cameras. Didn't see anything out of the ordinary. But I'm willing to skip this vote and keep an eye on Red and Green for the next round."
Green	crewmate	"I know I didn't do it, guys. I was just doing my tasks in Security. Blue, you're being pretty sus right now. Why were you following Yellow around earlier? And now you're willing to skip this vote? That seems pretty convenient to me. I'm voting for Blue."
Red	crewmate	"Guys, we need to be careful. It's not wise to skip the vote. I trust Green's instincts, and I also saw Blue in Electrical earlier. I'm voting for Blue too."
Blue	imposter	"Well, well, well, looks like y'all are getting a bit too paranoid. I was just doing my tasks like a good crewmate. But if you insist on voting me out, so be it. I'll just have to come back as a ghost and haunt you all!"
Green	crewmate	"Looks like we got the Imposter! Good job, team. Blue, you shouldn't have been following Yellow around and acting sus. Better luck next time as a ghost!"
Red	crewmate	"Good job, team! We caught the Imposter. Blue was definitely acting sus, and I trust Green's instincts. Let's be careful and keep an eye on each other during the next round."
Blue	imposter	"I can't believe y'all caught me! I thought I was doing such a good job blending in. Good game, crewmates. Next time, I'll have to be even more sneaky."
