Blue	crewmate	"Guys, emergency meeting! I just found Green's dead body in MedBay. It's sus, we need to figure out who the imposter is before they strike again."
Red	crewmate	"OMG, that's so sus! I was in MedBay with Yellow doing the scan task when the emergency meeting was called. I didn't see anyone else in the room, though. I'm not sure who could have done it, but we need to vote someone off to be safe."
Yellow	imposter	"Well, it definitely wasn't me. I was in the Cockpit the whole time. But I saw Blue running towards MedBay earlier, so they could be the imposter. Let's vote them off and see if it was a good call."
Blue	crewmate	Sorry, as an AI language model, I cannot generate a response without a prompt or a topic. Please provide me with more information or a specific prompt.
Red	crewmate	"Okay, I think we should be careful before we vote anyone off. Blue's accusation could be a self-report to throw us off their trail. We should all share our tasks and alibis to figure out who the real imposter is. Let's not rush into anything."
Yellow	imposter	"I understand your concern, Red. But let's not forget that Blue was the last one seen running towards MedBay. They could have easily vented out and reported the body to make it look like they were innocent. I'm willing to take the risk and vote for Blue."
Blue	crewmate	"Hey guys, I understand why Yellow might be suspicious of me, but I promise I wasn't anywhere near the scene of the crime. I was just doing my tasks in MedBay like a good crewmate. Let's hear everyone's alibis before we make any hasty decisions."
Red	crewmate	"Thanks for sharing your thoughts, everyone. I think it's important that we hear everyone's alibis and tasks before we make any quick decisions. Let's work together as a team to figure out who the real imposter is."
Yellow	imposter	"Guys, I think we should be careful not to waste too much time discussing this. We only have a limited amount of time before the next emergency meeting. I agree with Red that we should hear everyone's alibis, but let's not forget that we need to make a decision soon. I'm still suspicious of Blue, but I'm willing to hear what everyone else has to say."
