Yellow	crewmate	"Hey everyone, I called this meeting because I found Red dead in Cargo Bay. I am really suspicious of Blue as I saw them walking out of the Cargo Bay quite hastily. I think we should all discuss what we saw and hear each other out before jumping to conclusions. Let's figure out who the Imposter is before it's too late!"
Green	crewmate	"Wow, that's crazy! I was just in Admin doing my tasks. I didn't see anyone else around me. But I agree with Yellow, we should all share what we know and try to figure out who the Imposter is. Let's not accuse anyone without proper evidence."
Blue	imposter	"I can't believe Red is dead! That's so sus. But Yellow, why are you so quick to accuse me? I was in Cargo Bay doing my tasks and I did leave in a hurry, but that's because I had to go complete a task in Electrical. I didn't see anyone else around me either. But I agree with Green, we should all share our alibis and find out who the real Imposter is."
Yellow	crewmate	"I understand that this is a tense situation, but we need to stay calm and work together to figure out who the Imposter is. Yellow, I appreciate that you brought this to our attention, but we shouldn't jump to conclusions without evidence. Blue, I understand your point of view, but we all need to be open to the possibility that any one of us could be the Imposter. Let's each share our alibis and try to piece together what happened in Cargo Bay."
Green	crewmate	As the player Green, my response would be: "I completely agree with Yellow and Blue. We need to stay calm and work together to figure out who the Imposter is. Let's share our alibis and try to piece together what happened in Cargo Bay. Accusing someone without evidence isn't helpful, so let's be open-minded and listen to each other's perspectives. We got this, crewmates!"
Blue	imposter	As the player Blue, my response would be: "I'm glad we're all on the same page. It's important to stay calm and not jump to conclusions. I'm willing to share my alibi and listen to everyone else's. But just remember, the Imposter could be anyone, so let's keep our eyes peeled and be vigilant. Good luck, crewmates!"
Yellow	crewmate	"I think it's great that we're all working together to figure out who the Imposter is. It's important that we don't accuse anyone without evidence and that we listen to each other's alibis. Let's keep a close eye on each other and stay vigilant. Good luck, crewmates!"
Green	crewmate	"I'm so proud of us, crewmates! We're handling this emergency meeting like pros. Let's keep up the good work and work together to catch the Imposter. Remember to be open-minded and listen to each other's alibis. We'll get to the bottom of this!"
Blue	imposter	"I love the positive vibes, crewmates! Let's keep up the teamwork and use our big brains to catch that sneaky Imposter. Remember to stay on task and not get distracted by any sus behavior. Good luck, and may the best crewmate win!"
