Red	crewmate	"'Emergency meeting, crewmates! I found Yellow's body in Upper Engine and I saw Blue coming from that direction. I think Blue might be the Imposter. Anyone see anything suspicious?"
Green	crewmate	"Okay, I was in O2 doing tasks. I didn't see anything suspicious. But I trust Red's instincts. Let's vote Blue and see what happens."
Blue	imposter	"Oh no! That's a really sus accusation, Red. But honestly, I was just doing my tasks in Upper Engine like a good crewmate. I didn't see anything or anyone out of the ordinary. I think we should hear from Yellow before we vote."
Red	crewmate	"Thanks for backing me up, Green! I'm pretty sure I saw Blue coming from Upper Engine, but I understand we need more information. Unfortunately, Yellow can't speak for themselves since they're dead. But I'm willing to skip this vote if we don't have enough evidence to confidently vote someone off."
Green	crewmate	"Wow, this is getting intense! I trust Red's instincts too, but it's important to hear from everyone. Blue, did you see anyone else in Upper Engine with you? And Red, did you see anyone else leaving the area after you saw Blue? We need to gather more information before making a decision."
Blue	imposter	"Wow, this is getting pretty heated. I understand why Red might be suspicious of me, but I swear I was just doing my tasks in Upper Engine. I didn't see anyone else around. I agree with Green that we should hear from Yellow, but unfortunately, they're dead. Let's keep investigating before we make any rash decisions."
Red	crewmate	"I appreciate Green's level-headedness and willingness to gather more information before making a decision. I know I saw Blue in Upper Engine, but I could be mistaken. Let's keep investigating and gather more evidence before voting anyone off."
Green	crewmate	"I totally agree with Red and Blue, we need to gather more information before making any conclusions. It's unfortunate that Yellow is dead, but we can still listen to what they did before they died to get more clues. Let's keep an eye out for any suspicious behavior and make sure to communicate with each other."
Blue	imposter	"I'm glad everyone is taking a level-headed approach and not jumping to conclusions. It's unfortunate that Yellow is dead, but we should definitely listen to any information they might have left behind. As for me, I was just doing my tasks in Upper Engine and didn't see anyone else around. Let's keep investigating and communicating with each other to figure out who the real imposter is."
