Blue	crewmate	"Yo, crewmates! I found Yellow's lifeless body in Electrical, and I'm pretty sus of Green. I was in Admin when I saw Green venting as soon as the lights went out. Also, I noticed them moving weirdly throughout the game. So, I think it's definitely worth discussing and seeing if anyone else has any info on this. What do you guys think?"
Red	crewmate	"I was in MedBay the entire time, didn't see anything. But I trust Blue's instincts. Let's discuss and vote out whoever is sus."
Green	imposter	"Wait, what? I was in Admin the whole time, I definitely did not vent. I think Blue is trying to frame me. And Red, how can you trust Blue's instincts without any evidence? I think we should discuss this more and not jump to conclusions."
Blue	crewmate	"Hey guys, I understand that it's tough to trust someone without evidence, but I saw Green venting with my own eyes. And their movements were definitely suspicious. I think it's worth voting them out and if they're not the imposter, we can continue to discuss and figure out who it might be. Let's work together on this!"
Red	crewmate	"Wow, this is getting intense! Blue's evidence is pretty convincing, but I understand Green's hesitation to jump to conclusions. Let's discuss this more and see if anyone else saw anything suspicious. We need to work together to figure out who the imposter is and make sure they don't win!"
Green	imposter	"Guys, I'm sorry but Blue's lying. I didn't vent and my movements were not sus. I think we should discuss this more and not just vote me out based on one person's word. Let's work together to figure out who the real imposter is."
Blue	crewmate	"I know it's tough to make a decision without concrete evidence, but I trust my instincts and what I saw. Let's all work together to gather more information and figure out who the imposter really is. We can't let them win!"
Red	crewmate	"Wow, this is getting heated! I appreciate Blue's input, but I also understand Green's perspective. Let's all work together to gather more information and figure out who the real imposter is. We can do this, team!"
Green	imposter	"I understand that tensions are running high, but I think we should take a step back and evaluate all the evidence before making any rash decisions. Let's work together and communicate effectively to figure out who the real imposter is. We got this, guys!"
