Yellow	crewmate	"Emergency meeting guys, I found Red's dead body in the Admin room. I am suspecting Blue because I saw them coming out of the room just before I found the body. Blue, where were you heading after coming out of Admin?"
Green	crewmate	"Wait, I was in Admin with Yellow and Red but I didn't see anything! I was heading towards Electrical to fix the wiring. But why are you suspecting me Yellow? I think it's too early to point fingers, we should gather more information first."
Blue	imposter	"Ah, tough luck Yellow. I was just in Admin to swipe my card. I didn't see anyone else in there. I think we should listen to Green and gather more information before voting anyone out."
Yellow	crewmate	"Okay guys, I understand that we need more information. But I just wanted to bring up my suspicions about Blue. Maybe we could all share where we were and what tasks we were doing before we found the body? That could help us figure out who the imposter is."
Green	crewmate	"Good job Yellow for reporting the body. But let's not jump to conclusions just yet. Blue's alibi seems solid, and I didn't see anything suspicious when I was in Admin with Yellow and Red. I agree with Yellow that we should share our tasks and whereabouts to gather more information. Let's work together and catch the imposter!"
Blue	imposter	"Wow, this is getting intense! I hope nobody gets voted off too soon. I'm just going to keep doing my tasks and try to blend in. Good luck, crewmates!"
Yellow	crewmate	"Thanks guys for sharing your thoughts. I agree that we should all share our tasks and whereabouts to figure out who the imposter is. Let's work together and catch the imposter before it's too late!"
Green	crewmate	"Good communication, crewmates! Let's keep sharing information and completing tasks. We'll catch that imposter in no time!"
Blue	imposter	"I'm feeling the pressure, but I'm also up for the challenge. I'll do my best to blend in and throw everyone off my trail. Good luck to all of you, but especially to me!"
