Green	crewmate	"Yo, what's up guys? I called this meeting because I found Blue's dead body in the Cafeteria. I didn't see anyone around, but I think we need to have an emergency discussion about who could have done this. Any sus on who might be the Imposter?"
Yellow	crewmate	"I was in Shields doing my tasks when the emergency meeting was called, so I didn't see anything. But I haven't seen Red around much either, so they might be worth keeping an eye on."
Red	imposter	"Whoa, whoa, whoa! Hold up there, Green. You're accusing me of being the Imposter just because you haven't seen me around much? That's pretty sus, if you ask me. And Yellow, just because you didn't see anything doesn't mean you should automatically label me as the culprit. I have a feeling someone else might be playing us all for fools."
Green	crewmate	"I understand where you're coming from, Red, but we can't ignore the fact that Blue's body was found in the Cafeteria, and you haven't given us an alibi for where you were. Yellow, do you have any other information that could help us figure out who the Imposter might be?"
Yellow	crewmate	"I agree with Green, we can't just ignore the fact that Blue's body was found in the Cafeteria. But I also understand where Red is coming from. We need to gather more information and not jump to conclusions. Maybe we can ask other players where they were during the time of the murder to get a better idea of who might be the Imposter."
Red	imposter	"Listen up, guys. I get that we're all trying to figure out who the Imposter is, but we can't just accuse each other without solid evidence. I was in the Cafeteria earlier, but I didn't see anything suspicious. Maybe we should split up and investigate different areas to gather more information. And don't forget to keep an eye on each other's movements. We'll catch the Imposter soon enough."
Green	crewmate	"Guys, I understand that we don't want to jump to conclusions, but we need to be proactive in catching the Imposter. Red, can you tell us what tasks you were doing in the Cafeteria? And Yellow, did you see anyone else around the area? Maybe we can piece together some clues and figure out who the Imposter is. I'm willing to split up and investigate different areas if needed."
Yellow	crewmate	"Hey guys, I think it's important for us to gather more information before we accuse anyone. Maybe we can ask other players where they were during the time of the murder to get a better idea of who might be the Imposter. And Green, I agree with you, it might be a good idea to split up and investigate different areas to gather more clues. Let's work together and catch the Imposter!"
Red	imposter	"I completely agree with Yellow and Green. Accusing each other without solid evidence is not the way to catch the Imposter. We need to work together and gather more information. As for me, I was doing the wiring task in the Cafeteria. Let's split up and investigate different areas to gather more clues. We'll catch the Imposter soon enough."
