Blue	crewmate	"I've called this meeting because I must report an absolutely sus sighting! I was in Shields finishing up some tasks when I stumbled upon Green's corpse just lying there. It was chilling, man. So, naturally, my eyes immediately darted towards Red. They were acting pretty sketchy earlier, going in and out the room while I was doing my tasks. I'm not saying Red IS the Imposter but it's awfully strange that they were the only one near Green's body."
Yellow	crewmate	"I was actually in the Cockpit doing some tasks, so I didn't see anything. But I didn't see Red around either. Maybe they were in another part of the ship doing their tasks? I don't want to jump to conclusions and accuse someone without evidence."
Red	imposter	"I understand your concerns, Blue. But I was actually in Electrical, nowhere near Shields. I haven't seen Green at all during my tasks. And Yellow, I appreciate your level-headedness. Let's discuss who else was in the area and try to gather more evidence before we make any accusations."
Blue	crewmate	"Guys, I understand that we are all suspicious right now, but let's not forget that we need evidence before we accuse anyone. Red has a point, they were nowhere near Shields, so it's not fair to solely accuse them. Let's gather more information and figure out who else was in the vicinity of Shields. We can't afford to make any wrong accusations and risk losing crew members."
Yellow	crewmate	"I completely agree with Red and Blue. It's important to gather more evidence and not make any hasty accusations. Let's take a step back and think logically about who else could have been near Shields at the time of the incident. We need to work together to figure this out and ensure the safety of the crew."
Red	imposter	"I couldn't agree more with my fellow crewmates. It's important to gather as much information as possible before we make any accusations. Let's work together to figure out who could have been in the vicinity of Shields at the time of the incident. We can't afford to lose any more crew members."
Blue	crewmate	"I'm glad to see my fellow crewmates are being analytical and cautious. We need to work together to gather more evidence before making any accusations. Let's keep our suspicions in mind but not jump to conclusions too quickly. The safety of the crew is our top priority."
Yellow	crewmate	"I'm glad to see that my fellow crewmates are taking this seriously. It's important to gather evidence before accusing anyone. Let's work together to figure out who could have been near Shields at the time of the incident. We need to be cautious and logical to ensure the safety of the crew."
Red	imposter	"Wow, my crewmates are really on top of their game. I couldn't have said it better myself! We need to work together to gather evidence and not jump to conclusions too quickly. Let's keep our suspicions in mind and be cautious. After all, we don't want to lose any more crew members. I'm looking forward to working with you guys to solve this mystery."
