Blue	crewmate	"Yo, yo, yo! Emergency meeting, crewmates! I just found Red's lifeless body in Navigation. I'm sus of Green because I saw them loitering around the area before. Did anyone else see anything or have any valuable info to share?"
Yellow	crewmate	"I was in Electrical fixing the wiring. I didn't see anything suspicious. But I can vouch for Yellow, they were with me the entire time."
Green	imposter	"Whoa, whoa, whoa! Hold up, Blue! How can you be so quick to accuse me? I was just doing my tasks in Navigation, nothing sus about that. And Yellow, thanks for backing me up. I didn't see anyone else around that area either. But maybe we should hear from Red before we start pointing fingers, right?"
Blue	crewmate	"Okay, okay, let's not get too heated here. We need to figure out the truth. Green, I'm not accusing you outright, I'm just saying I saw you in the area before. And Yellow, thanks for vouching for me. But we need to figure out who did this. Red can't speak for themselves anymore, so it's up to us to solve this mystery."
Yellow	crewmate	"I agree with Blue that we need to figure out who did this. But let's not jump to conclusions. Green seems innocent to me, and I didn't see anything suspicious in Electrical. Maybe we can gather more information from other players or check the security cameras."
Green	imposter	"Wow, this is quite the discussion we're having here. I understand why Blue might think I'm sus, but I swear I was just minding my own business in Navigation. And Yellow, thanks for having my back. I'm not sure who could have done this, but I'm willing to help figure it out. Maybe we can check the security cameras or ask the other players where they were at the time of the incident."
Blue	crewmate	"Hey guys, let's take a breather and gather more information before we start pointing fingers. We don't want to vote off an innocent crewmate. Green, I believe you, but let's see what the cameras have to say. Yellow, do you want to come with me to check them out?"
Yellow	crewmate	"Good job, everyone, for keeping a level head and trying to figure out who the Imposter is. I agree with Blue that we shouldn't accuse anyone without proper evidence. Green, I trust you, but let's check the security cameras just to be sure. And Blue, I'll come with you to check them out."
Green	imposter	"Phew, that was a close one. I was getting worried there for a minute. I'm glad we're all on the same page about not jumping to conclusions. I'm willing to help investigate and find out who the real Imposter is. Let's go check those cameras and see what we can find."
