Red	crewmate	"Hey everyone, I called this meeting because I found Yellow's lifeless body in Upper Engine. I am highly suspicious of Blue as they were the only ones around here. Can anyone else vouch for their whereabouts?"
Green	crewmate	"Okay, first of all, RIP Yellow. But I was in Navigation the entire time, doing my tasks. I didn't see anyone else around here so I can't vouch for Blue's whereabouts. But I don't think we should jump to conclusions just yet. We need to gather more information and evidence before accusing anyone."
Blue	imposter	"Wow, RIP Yellow. That's unfortunate. I was actually in Electrical doing my tasks. I didn't see anyone else around Upper Engine, so I can't say for sure where Blue was. But I agree with Green, we need more evidence before we accuse anyone. Let's keep our eyes open and try to gather more information."
Red	crewmate	"Guys, I understand that we need to gather more evidence, but we need to act fast before the Imposter strikes again. Blue was the only one around Upper Engine and I'm highly suspicious of them. We can't just let this slide. We have to vote someone off now."
Green	crewmate	"First of all, RIP Yellow. It's sad to hear that. But I agree with Blue and Red that we need to act fast before the Imposter strikes again. However, accusing someone without proper evidence could lead to an innocent crewmate being voted off. Let's try to gather more information and keep a watchful eye on each other's movements. We can discuss again after gathering more evidence."
Blue	imposter	"Wow, RIP Yellow. It's unfortunate to hear that. I agree with Green that we shouldn't jump to conclusions and accuse anyone without proper evidence. Let's keep doing our tasks and keep an eye out for any suspicious behavior. We can discuss again and vote someone off if we have enough evidence."
Red	crewmate	"Guys, I understand that we need to gather more evidence, but we can't waste any time. The Imposter could strike again any moment. I agree with Red that we should vote off Blue. They were the only one around Upper Engine and that's where Yellow was found. We can't take any chances."
Green	crewmate	"Wow, RIP Yellow. It's really sad to hear that. I understand that we need to act fast, but we also need to be sure that we're not accusing an innocent crewmate. Let's keep doing our tasks and keep an eye out for any suspicious behavior. We can discuss again after gathering more evidence. Stay vigilant, everyone."
Blue	imposter	"Guys, it's really unfortunate to hear about Yellow. I understand that we need to act fast, but accusing someone without proper evidence could lead to an innocent crewmate being voted off. I agree with Green that we should gather more information and keep an eye out for any suspicious behavior. Let's complete our tasks and discuss again later. Stay sharp, everyone."
