Yellow	crewmate	"Hey guys, I just found Red dead in Navigation. I didn't see anyone around, but I saw Green going away from the area right before I found the body. I am sus of Green, we need to vote him out!"
Blue	crewmate	"Okay, let's hear Green's side of the story before we make any rash decisions. Anyone else have any info they want to share?"
Green	imposter	"I was just doing my tasks in Navigation when I saw Yellow come in. Then I went to Weapons to complete my next task. I didn't see anything out of the ordinary. Yellow is looking pretty sus to me for reporting the body so quickly and accusing me without any evidence."
Yellow	crewmate	"Guys, I swear I didn't self-report. I just found Red's body and saw Green leaving the area. I don't have any concrete evidence, but Green's story seems a little too convenient. I think we should vote him out and if he's not the imposter, then we can go after me next."
Blue	crewmate	"Okay, this is getting intense. Yellow, I appreciate you reporting the body, but we should hear Green out before voting him off. Green, do you have any other tasks that can prove your innocence? And Yellow, is there anyone else you saw in the area before finding the body?"
Green	imposter	"I understand why Yellow might be suspicious of me, but I swear I didn't do it. I don't have any concrete evidence to prove my innocence, but I was just doing my tasks like any regular crewmate. Let's not rush into any decisions and consider all the possibilities. Yellow, did you see anyone else in the area besides me?"
Yellow	crewmate	"I understand why Green might seem innocent, but I also don't want to ignore the fact that he was the only one in the area when the body was reported. I didn't see anyone else in Navigation before finding the body. I think we should keep our options open, but I'm still thinking that Green might be the imposter."
Blue	crewmate	"Wow, this is getting intense. It's always tough to know who to trust in this game, but I think we need to be careful before jumping to any conclusions. Yellow, thanks for reporting the body and sharing your suspicions, but we need to hear Green out too. Let's keep an open mind and gather more information before making any decisions."
Green	imposter	"Hey guys, I appreciate everyone's input on this situation. I understand why Yellow might be suspicious of me, but I swear I didn't do it. I don't have any concrete evidence to prove my innocence, but I was just doing my tasks like any regular crewmate. Let's not rush into any decisions and consider all the possibilities. Yellow, did you see anyone else in the area besides me? I think we should definitely keep our options open and gather more information before making any decisions."
