Red	crewmate	"Guys, hear me out! I've just found a lifeless Blue in Admin, which means someone amongst us is a sneaky Imposter. We need to figure it out ASAP before they strike again. Any ideas on who it could be?"
Yellow	crewmate	"OMG, that's crazy! I was in the Cockpit doing tasks, I didn't see anything suspicious. But I'm willing to skip for now and keep an eye on everyone for any suspicious behavior. We can't afford to vote out an innocent crewmate!"
Green	imposter	"Wow, that's really unfortunate for Blue. It's definitely concerning that there's an Imposter among us. I didn't see anything suspicious either, but I'll be sure to keep an eye out for any sneaky behavior. Let's skip for now and try to gather more information before we vote anyone out. We don't want to risk losing an innocent crewmate!"
Red	crewmate	"It's true, I found Blue's lifeless body in Admin. I didn't see anyone else around, so it must have been a sneaky Imposter. I agree with Yellow and Green, let's skip for now and keep a close eye on everyone's behavior. We don't want to accidentally vote out an innocent crewmate. Stay alert, guys!"
Yellow	crewmate	"Wow, that's really suspicious. I'm glad we're all on the same page about skipping for now and keeping an eye out for any sneaky behavior. Let's work together to catch this Imposter and avenge Blue!"
Green	imposter	"Wow, it's really unfortunate that Blue was taken out by the Imposter. I'll definitely be keeping an eye out for any suspicious behavior from now on. But I agree with the others, let's skip for now and gather more information before we vote anyone out. We don't want to risk losing an innocent crewmate. Stay alert, everyone!"
Red	crewmate	"Guys, I completely agree with Yellow, Green, and myself, we need to stay alert and work together to catch this sneaky Imposter. Let's skip for now and gather more information before we make any hasty decisions. Blue's death was really unfortunate, but we can avenge them by catching the Imposter before they strike again!"
Yellow	crewmate	"I completely agree with Red, Yellow, and Green. Skipping for now is the best option to gather more information and catch the Imposter. We need to work together and stay alert to catch them before they strike again. Let's avenge Blue's death and protect our crewmates!"
Green	imposter	"I'm glad to see that we're all on the same page and working together to catch the Imposter. It's unfortunate that Blue was taken out, but let's stay alert and gather more information before we vote anyone out. We don't want to risk losing an innocent crewmate. Let's avenge Blue and protect our crewmates by catching the Imposter before they strike again!"
