Yellow	crewmate	"Hey guys, I just found Blue's body in Reactor! I'm sus of Red because I saw them leave the room before the body was reported. Can anyone confirm their alibi?"
Green	crewmate	"Okay, I didn't see Red leave the Reactor, but I was doing my tasks and didn't have my eyes on everyone. I'm not sus of anyone yet, but we need to figure this out before another innocent crewmate gets eliminated!"
Red	imposter	"Wait, what? I was nowhere near Reactor! I was doing my tasks in Electrical. Yellow, you're being sus by accusing me without any real evidence. I think we should skip for now and keep an eye on Yellow, they're the only one who found the body and are trying to deflect suspicion onto me."
Yellow	crewmate	"Guys, I swear I saw Red leaving Reactor before I found Blue's body. I understand there might not be enough evidence, but we can't skip this vote, we need to find the imposter before it's too late. I'm not the imposter, I'm just trying to help the crewmates win!"
Green	crewmate	"Okay, okay, let's not get too sus of each other just yet. Yellow, I believe you saw what you saw, but Red, do you have any tasks in Reactor that could explain why you were there? If not, we might need to vote you out just to be safe. But let's keep an eye on Yellow too, they could be trying to frame Red. We have to work together to figure this out, crewmates!"
Red	imposter	"Guys, I don't know what to say. I understand Yellow's suspicion, but I swear I wasn't near Reactor. Maybe it was just a misunderstanding. Green, you're right, we shouldn't get too sus of each other just yet. Let's skip for now and keep an eye on Yellow and anyone else who might seem sus. We can figure this out together, crewmates!"
Yellow	crewmate	"Hey crewmates, I understand that we don't have concrete evidence, but we can't just skip this vote. If we skip, the imposter might get another chance to kill one of us. I trust Yellow's judgement and I believe we should vote Red out. But let's keep an eye on everyone else too, just to be safe. We can still win this, crewmates!"
Green	crewmate	"Wow, this is getting intense! I understand Yellow's concern, but we can't just vote out Red without solid evidence. Let's keep an eye on both of them and see if anyone else seems sus. It's important that we work together and communicate with each other to figure this out. We got this, crewmates!"
Red	imposter	"Hey crewmates, I totally get why Yellow might be sus of me, but I swear I wasn't in Reactor. Let's all keep an eye out and work together to figure out who the real imposter is. Skipping this vote might be the best option for now, but let's make sure to keep an eye on Yellow too, just in case they're trying to frame me. We can do this, crewmates!"
