Blue	crewmate	"Eject me if you want, but I found Green's lifeless body in Cafeteria. I have no choice but to call a meeting to discuss who the imposter among us could be. I didn't see anyone around, so it must have been a sneaky kill."
Yellow	crewmate	"Well, that's sus. I was just in Lower Engine doing my tasks, so I didn't see anything. But if Blue found the body, they could be onto something. We can't afford to vote off the wrong person, so let's hear everyone out and make an informed decision."
Red	imposter	"Wow, that's really sus of Blue to find the body and immediately call a meeting. I was in O2 doing my tasks, so I didn't see anything either. But we have to be careful, we can't just vote someone off without evidence. Let's discuss and see if anyone saw anything or has any useful info."
Blue	crewmate	"Guys, I know it looks sus that I found the body, but I swear I didn't do it! I was just minding my own business in Cafeteria and stumbled upon it. Let's hear everyone out and figure out who the real imposter is."
Yellow	crewmate	"Wow, this is getting intense. I trust Blue's story, but we should definitely hear everyone out before making any decisions. We don't want to vote off the wrong person and let the imposter get away with it."
Red	imposter	"Guys, I totally agree with Yellow. We can't just vote someone off without any evidence. We need to be careful and hear everyone out. But honestly, Blue's story sounds pretty sus to me. I mean, who just stumbles upon a body like that? I think we need to keep an eye on Blue and see if they slip up."
Blue	crewmate	"Hey guys, I understand why you might be suspicious of me, but I promise I'm not the imposter. I didn't see anyone else around when I found the body. Let's hear everyone out and see if anyone has any useful information. We need to work together if we want to catch the real imposter!"
Yellow	crewmate	"Wow, this is getting intense. I'm glad we're all on the same page about not voting off anyone without evidence. Let's keep an eye out for any sus behavior and work together to catch the real imposter!"
Red	imposter	"Guys, I'm just as confused as all of you. But I'm glad we're taking the time to hear each other out. I think it's important that we keep an open mind and not jump to any conclusions. Let's keep working together and hopefully we can figure out who the imposter really is."
