Yellow	crewmate	"Emergency meeting guys! I found blue's lifeless body in Upper Engine. We need to discuss who was in the vicinity and try to figure out who could be the Imposter."
Green	crewmate	"OMG, that's terrible! I was in Reactor with Red doing my tasks. Did anyone see anything suspicious?"
Red	imposter	"Wow, that's really unfortunate news. Upper Engine you say? Well, I was in the Cafeteria doing my tasks. I didn't see anyone suspicious around there. Maybe we should ask Yellow if they saw anyone around Upper Engine before they found the body?"
Yellow	crewmate	"I didn't see anyone around Upper Engine before I found the body. But I did see Blue with Red earlier in the game, so maybe we should keep an eye on Red."
Green	crewmate	"Wow, this is really intense! It's so sad that Blue is dead. I was in Reactor with Red the whole time, so I know they couldn't have done it. But Yellow, did you see anyone else around Upper Engine before you found the body?"
Red	imposter	"I understand that this is a tough situation, but I want to clarify that I was not near Upper Engine at all. Yellow can confirm that. As for being with Blue earlier, it was just a coincidence. I was doing my tasks and happened to run into them. But if everyone wants to keep an eye on me, that's fine. I have nothing to hide."
Yellow	crewmate	"Hey guys, I didn't see anyone else around Upper Engine before I found the body. But let's not jump to conclusions just yet. Maybe we should focus on finishing our tasks and gathering more information before we accuse anyone."
Green	crewmate	"Wow, this is getting really intense! I agree with Yellow, we should gather more information before accusing anyone. Let's focus on finishing our tasks and keep an eye out for any suspicious behavior."
Red	imposter	"Guys, I don't mean to be that person, but we only have a limited time to figure out who the imposter is. We need to start being more decisive and vote someone off. I'm not saying we should accuse anyone without evidence, but we can't just keep doing tasks and hoping the imposter will reveal themselves. Let's focus on finding more evidence and make a decision before it's too late."
