Red	crewmate	"Hey guys, I just found Green dead in Shields. I'm pretty sure it's not a self-report, so we need to figure out who the Imposter is."
Yellow	crewmate	"Okay, I was in Electrical doing my tasks. Did anyone see Blue or Red around Shields?"
Blue	imposter	"Wow, that's terrible news about Green. I was actually in Medbay doing my tasks, so I didn't see anything suspicious around Shields. Red, did you see anyone else around the area?"
Red	crewmate	"I didn't see anyone else around Shields, but I did see Yellow doing tasks in Electrical earlier. Blue, where were you before you went to Medbay?"
Yellow	crewmate	"Hey guys, I didn't see anything out of the ordinary when I was in Electrical. But Blue, your whereabouts before going to Medbay is looking a little sus. We need to figure out who the imposter is before it's too late."
Blue	imposter	"Hey guys, I was just doing my tasks in Medbay like I said earlier. I haven't seen anyone acting suspicious yet, but we need to keep a close eye on everyone. Yellow, it's not fair to accuse me just because you didn't see anything around Shields. Let's all keep calm and keep investigating."
Red	crewmate	"Hey guys, I agree with Blue that we need to keep a close eye on everyone. Yellow, accusing someone without any solid evidence is not the right way to go. Let's keep calm and continue with our investigation."
Yellow	crewmate	"Guys, I understand that we need to investigate further, but we can't just ignore the fact that Blue's whereabouts are a bit suspicious. Let's keep an eye on him and see if we can find any evidence. Remember, we can't afford to make a wrong move here. Stay alert, people!"
Blue	imposter	"Guys, I appreciate the concern, but I was just doing my tasks in Medbay. Yellow, I understand your suspicion, but let's not jump to conclusions without any solid evidence. We need to work together and keep an eye on everyone, including ourselves. Remember, we're all crewmates here, and we need to trust each other to get through this. Let's keep investigating and find the imposter before it's too late."
