Blue	crewmate	"Hey guys, I found Green dead in the Cafeteria. I didn't see anyone around, so I'm not sure who did it. Did anyone see anything suspicious or have any leads?"
Red	crewmate	"I was in Upper Engine doing my tasks, didn't see anyone pass by. But I think we should skip for now and keep an eye out for any suspicious activity."
Yellow	imposter	"I agree with Red, skipping seems like the best move for now. We don't want to vote off an innocent crewmate and give the Imposter an advantage."
Blue	crewmate	"Okay, I understand where you guys are coming from. But we also can't ignore the fact that there's a killer among us. I think we should at least try to gather more information before we make a decision. Maybe someone saw something that can help us identify the Imposter."
Red	crewmate	"Good call, Red and Yellow. We don't want to vote off an innocent crewmate and give the Imposter an advantage. Let's keep doing our tasks and keep an eye out for any suspicious activity. We can gather more information before making a decision during the next emergency meeting."
Yellow	imposter	"I'm glad that everyone is on the same page. I'll make sure to keep a low profile and continue with my tasks. But just remember, we can't let the Imposter win. We need to stay alert and keep an eye out for any suspicious behavior."
Blue	crewmate	"Good discussion, guys. Let's stay focused and keep an eye out for any suspicious activity. We'll catch that Imposter soon enough."
Red	crewmate	"Great discussion, team! We need to work together to catch the Imposter and not jump to conclusions. Let's keep an eye out for anything suspicious and gather more information before the next meeting. We got this!"
Yellow	imposter	"I agree with Red, we shouldn't vote off an innocent crewmate. But you all should watch out, because the Imposter could be closer than you think. I'll do my best to blend in and continue with my tasks, but don't let your guard down. The Imposter could be anyone."
