Red	crewmate	"Guys, I've found Yellow's body in Communications! RIP Yellow, but we need to figure out who the imposter is before it's too late!"
Blue	crewmate	"OMG, RIP Yellow! I was in Cafeteria doing my tasks. Did anyone see anything sus? We need to get to the bottom of this before the imposter strikes again!"
Green	imposter	"I was in Navigation the whole time, didn't see anything sus. But we need to vote someone off ASAP before the imposter eliminates us all!"
Red	crewmate	"Guys, I think we need to be careful and not accuse anyone without any evidence. Blue, you were in the Cafeteria, did you see anyone coming from Communications? Green, you were in Navigation, did you see anyone suspicious passing by? We need to work together and figure out who the imposter is before they strike again."
Blue	crewmate	"OMG, RIP Yellow! It's so sad to see one of our own crewmates go. I didn't see anyone coming from Communications when I was in Cafeteria. But I agree with Red, we need to be careful and not accuse anyone without evidence. Let's all work together to find clues and figure out who the imposter is before it's too late."
Green	imposter	"I totally agree with Red. Accusing someone without evidence is not fair. But we also need to take action and vote someone off before the imposter strikes again. Let's all work together and keep an eye out for any suspicious behavior."
Red	crewmate	"Great job, team! It's important that we work together and not jump to conclusions. Let's gather more information and discuss any suspicious behavior we notice. We can vote someone off if we have enough evidence, but let's not rush into it."
Blue	crewmate	"I completely agree with Red, we need to be careful and not accuse anyone without evidence. As for me, I didn't see anyone coming from Communications when I was in Cafeteria. Let's all work together and find clues to identify the imposter before it's too late. RIP Yellow, we need to avenge you."
Green	imposter	"I'm devastated about Yellow, but we have to keep moving forward. Let's not forget that the imposter is still among us. I'm keeping my eyes peeled for any suspicious behavior. Just know that I'm here to help the crew catch the imposter!"
