Red	crewmate	"Yo, fam! I found Blue's body in Reactor while I was on my way to do some tasks. I've got no clue who did it, but I thought I'd better call a meeting to discuss and figure out who's the imposter."
Green	crewmate	"Oh no! Poor Blue! I was in the Cockpit doing my tasks, so I didn't see anything suspicious. But I'm down to discuss and figure out who the imposter is."
Yellow	imposter	"Tsk tsk, poor Blue. Looks like someone wasn't playing the game right. But don't worry, I'll do my best to help figure out who the imposter is."
Red	crewmate	"Hey guys, let's not panic. We need to be smart and strategic about this. I didn't see anyone in Reactor when I passed by, but I did see Green in the Cockpit. Yellow, where were you at the time of the incident? Let's piece together our movements and see if we can narrow down the suspects."
Green	crewmate	"I'm glad we're all taking this seriously. I didn't see anyone around when I was in the Cockpit, but I'm willing to share my movements and help figure out who the imposter is. Let's work together and catch them!"
Yellow	imposter	"Wow, it's so sad to hear about Blue. I was in O2 doing my tasks, so I didn't see anything suspicious. But I agree with Red, we need to be strategic about this. I'm willing to share my movements as well and help catch the imposter. Let's work together, guys!"
Red	crewmate	"Good job, team! It's important that we work together and share our movements to catch the imposter. Let's keep a close eye on each other and be vigilant. We'll catch them soon!"
Green	crewmate	"Great teamwork, guys! Let's keep sharing information and working together to catch the imposter. We got this!"
Yellow	imposter	"I totally agree with Green, teamwork is key in this game. As for my own movements, I was in O2, trying to fix the oxygen levels. I didn't see anyone around, but I'm willing to share any information that could help us catch the imposter. Let's catch them together!"
