Blue	crewmate	"I'm calling this meeting because I found Red's dead body in Navigation. I was doing my tasks and found them just lying there. I didn't see anyone else around, but I do have my suspicions about Green. They were acting a bit sus and were the only one I saw in the area before I found the body."
Yellow	crewmate	"I didn't see anyone around either, but I don't think we should jump to conclusions. We need more evidence before we start accusing anyone. Let's discuss where everyone was and what tasks they were doing at the time of the murder."
Green	imposter	"Wow, Blue, that's terrible news. But I can assure you that I was doing my tasks in Navigation and didn't see anyone else around. I don't know who could have done this, but I agree with Yellow that we shouldn't accuse anyone just yet. Let's gather more evidence and discuss everyone's alibis."
Blue	crewmate	"I agree with Yellow and Green. Accusing someone without proper evidence could lead to voting off an innocent crewmate. Let's discuss our tasks and alibis and gather more evidence before making any accusations."
Yellow	crewmate	"I completely agree with everyone. Accusing someone without proper evidence is not the way to go. Let's all work together to gather more information and discuss our tasks and alibis. We will find the imposter soon enough."
Green	imposter	"I completely agree with Yellow, Blue, we need to be careful before making any accusations. I was in Navigation doing my tasks, but I didn't see anyone around either. Let's gather more information and discuss our tasks and alibis. We'll find the imposter eventually."
Blue	crewmate	"I'm glad we're all on the same page. Let's keep working together and gathering information. We'll find the imposter soon enough!"
Yellow	crewmate	"I'm glad to see everyone is working together to gather more information and discuss tasks and alibis. Let's keep up the good work and find the imposter!"
Green	imposter	"I couldn't agree more with Yellow and Blue. Let's work together and gather more information. But keep your eyes peeled, because the imposter could be anyone!"
