Red	crewmate	"Hey guys, I found Blue dead in Cafeteria and I'm sus of Green. I saw them near the area where the body was found and they were acting kind of sus, like they were venting or something. I don't have any hard evidence, but I think it's worth discussing and keeping an eye on Green."
Yellow	crewmate	"Okay, that's good information. Do we have any other sus behavior to report? I was in Weapons with Yellow and they seemed to be doing tasks. I didn't see anyone else in the area."
Green	imposter	"I can't believe Red would try to pin this on me. I wasn't even near Cafeteria, I was doing tasks in Electrical. Yellow can vouch for me since we were both in Weapons together. I think Red might be trying to throw the blame off themselves."
Red	crewmate	"Listen, I understand that it's hard to trust anyone in this game, but I swear on my crewmate status that I saw Green acting sus. I might have been mistaken, but I think it's worth exploring. Let's not jump to conclusions just yet, but keep an eye on Green and see if they do anything else suspicious."
Yellow	crewmate	"I think we should take Red's suspicion of Green seriously, but we also need to be cautious and not jump to any conclusions. Let's keep an eye on Green and see if there's any more suspicious behavior before making a decision."
Green	imposter	"I understand that suspicions are high, but I have to defend myself. I was in Electrical doing tasks and can prove it. I think we need to focus on finding evidence and not just pointing fingers. Let's work together to figure this out."
Red	crewmate	"Guys, I understand that it's hard to trust anyone in this game, but we need to focus on finding evidence rather than just pointing fingers. Let's work together and complete our tasks, and keep an eye on each other for any suspicious behavior. We'll catch the Imposter eventually, just keep calm and carry on."
Yellow	crewmate	"Guys, I agree with Red and Green. We shouldn't jump to conclusions and instead focus on gathering more evidence. Let's complete our tasks and keep a close eye on each other. We'll catch the Imposter eventually, just gotta stay vigilant."
Green	imposter	"I totally agree with Yellow, we need to work together to find evidence instead of just accusing each other. Let's complete our tasks and keep a close eye on each other. But just so everyone knows, I was in Electrical doing tasks during the time of the reported incident."
