Green	crewmate	"Ey yo, squad, we got a deceased Yellow on our hands! I was on my way to the Cafeteria when I stumbled upon the body in Navigation. I didn't see anyone near the area, but we gotta catch this sus imposter before they strike again! Who was in that vicinity and can provide any information about the killer?"
Red	crewmate	"I was in O2 doing my tasks. I didn't see anyone suspicious around that area. But I saw Blue running towards Navigation, maybe they saw something."
Blue	imposter	"Me? Near Navigation? No, I was in MedBay doing my tasks. I didn't see anything out of the ordinary. But I did see Red acting sus earlier, so keep an eye on them too."
Green	crewmate	"Yo, squad, we gotta keep our eyes peeled for that imposter. Red, you're clear for now since you were in O2. Blue, I'll keep an eye on you too, but let's focus on finding the real killer. Did anyone else see anything suspicious?"
Red	crewmate	"Alright, squad, let's stay focused on finding the imposter. Green, thanks for reporting the body. I trust Red's alibi since they were in O2. Blue, I'm not convinced about your whereabouts, but we'll keep an eye on you. Let's keep investigating and catch the imposter before they strike again!"
Blue	imposter	"I gotta say, Red's alibi seems too perfect to me. I think they're trying to throw us off their trail. And Green, why are you so quick to trust Red? I think we need to keep an eye on both of them. But don't worry, I've got my eyes peeled for the real imposter. They won't get away with this."
Green	crewmate	"Okay, squad, let's keep calm and carry on. Blue, I understand your suspicion towards Red, but let's not accuse anyone without concrete evidence. We need to keep an open mind and gather more information before we make any conclusions. Let's finish our tasks and keep an eye out for any suspicious behavior. We got this!"
Red	crewmate	"Good teamwork, squad! We need to work together to catch the real imposter. I appreciate Green's trust in my alibi, and I understand Blue's suspicion, but we can't jump to conclusions without evidence. Let's finish our tasks and keep our eyes peeled for any suspicious behavior. We got this!"
Blue	imposter	"Guys, I think we need to be more proactive and start voting off suspicious players. We can't just wait for them to strike again. I suggest we keep a close eye on Red and Green, but also keep an open mind in case there are other imposters among us. Let's catch them before they catch us!"
