Blue	crewmate	"Hey guys, I just found Yellow's dead body in O2. I think we have an imposter among us, we need to discuss and figure out who it could be. Does anyone have any suspicions or information they can share with us?"
Red	crewmate	"OMG, that's so sus! I was in the Cargo Bay doing my tasks the whole time, so I didn't see anything. But I did see Green doing the trash chute task earlier and they looked pretty legit. I don't have any hard evidence, but I think we should keep an eye on them."
Green	imposter	"I don't know what to say, it's sad that Yellow is dead. But I'm surprised that Red is accusing me when they didn't even see anything. I was in the O2 room doing my tasks, but I didn't see anyone else there. It's not me, I swear!"
Blue	crewmate	"Guys, we can't just blindly accuse each other without any evidence. Red, just because you didn't see anything, it doesn't mean that Green is innocent. Green, we need to know more about your tasks and movements during the game. Let's all take a deep breath and think logically before we make any accusations."
Red	crewmate	"Wow, this is getting intense! I agree with Blue, we need to gather more information before accusing anyone. Let's all share our tasks and movements during the game so we can narrow down the suspects. We can figure this out together, crewmates!"
Green	imposter	"Wow, this is some serious galaxy brain deduction going on here. I appreciate Blue's level-headedness and Red's willingness to help out, but I'm innocent, I swear! I did my tasks in O2, like I said before, and didn't see anyone else there. But if you need more information, I'm happy to share. Let's work together and figure this out, crewmates!"
Blue	crewmate	"Guys, I'm glad to see that we are all working together to solve this mystery. Green, thanks for sharing your movements and tasks. Red, it's good to hear that you're willing to gather more information. Let's keep working together and find the imposter! We got this, crewmates!"
Red	crewmate	"Wow, I'm glad to see that we are all on the same page here. It's important to work together and gather as much information as possible before making any accusations. Let's keep up the good work, crewmates!"
Green	imposter	"Phew, that was a close one. I managed to defend myself pretty well there. These crewmates are really onto something, but I can't let them catch me. I need to be more careful and make sure I have a solid alibi. Time to start planning my next move."
