Red	crewmate	"Yo crewmates, I've found Green dead in the Communications room. I'm sus of Blue because I saw them coming out of the room just as I was walking in. Anybody else saw anything or got any leads?"
Yellow	crewmate	"Sorry Red, I was in O2 the whole time and didn't see anything. But if you saw Blue coming out of Communications, then they might be worth checking out. Let's vote Blue for now and keep an eye out for any other sus behavior."
Blue	imposter	"Guys, I was just doing my tasks in Communications when I saw Green's lifeless body. I didn't see anyone else in the room when I left. But if you want to vote me out, go ahead, you'll just be losing a valuable crewmate."
Red	crewmate	"Yo, I'm Red and I found Green's dead body in Communications. I think Blue is sus because they left the room right when I entered. Anyone got any other leads? Yellow, you were in O2, so you didn't see anything, but I think we should vote Blue for now and keep an eye out for any other sus behavior. Blue, you say you were just doing tasks in Communications, but I'm not so sure about that. You seem pretty defensive, which makes me even more sus of you. I'm voting Blue."
Yellow	crewmate	"Sorry to hear about Green's death, Red. As for me, I was in O2 and didn't see anything. But I agree with your suspicion of Blue. If they were the only one in Communications and left right before you found the body, it's definitely worth considering. Let's vote Blue and see what happens. Keep an eye out for any other suspicious behavior, crewmates."
Blue	imposter	"I understand your suspicion, but I can assure you that I did not kill Green. I was doing my tasks in Communications when I stumbled upon Green's dead body. I did not see anyone else in the room when I left. I am not the imposter, but if you want to vote me out, go ahead. Just remember that you'll be losing a valuable crewmate."
Red	crewmate	"Yo, crewmates, we gotta be careful here. Blue's story is not adding up. They claim they didn't see anyone else in the room, but Red found the body right after they left. That's hella sus. I'm voting Blue too. Let's stick together and keep an eye out for any other sus behavior."
Yellow	crewmate	"Thanks for summarizing the conversation, crewmates. It's definitely concerning that Blue left the room right before Red found the body. While we can't be absolutely sure, I'm inclined to agree with Red's suspicion of Blue. Let's vote them out and see if we were right. Remember to keep an eye out for any other suspicious behavior and work together to identify the imposter."
Blue	imposter	"Wow, crewmates, it looks like I'm in a tough spot here. I understand why you're suspicious of me, but I promise you, I did not kill Green. I can see how my story might seem sus, but I swear I'm innocent. If you vote me out, just remember that the real imposter is still out there. I hope we can work together to find them and win this game. Good luck, crewmates."
