Green	crewmate	"Guys, I called this meeting because I just found Yellow's dead body in the corridor and I'm highly sus of Blue. I was doing my tasks in Admin and I saw Blue coming from the direction of where we found the dead body. I'm not saying it's Blue for sure, but we should definitely discuss this."
Red	crewmate	"Okay, I hear you Green. But let's not jump to conclusions just yet. We need to hear from everyone and gather more information before we start accusing anyone. Where was everyone else during this time?"
Blue	imposter	"Wow, Green, that's a pretty bold accusation. I was actually doing my tasks in Electrical at that time, so there's no way I could have been in the corridor. But I agree with Red, we should hear from everyone else before we start pointing fingers."
Green	crewmate	"Okay, I understand where you guys are coming from. I'm just saying, from my perspective, it looked like Blue was coming from that direction. But you're right, we should hear from everyone else first before we make any accusations."
Red	crewmate	"I completely agree with Red and Blue. Let's not jump to conclusions and hear everyone out. Green, can you tell us where you were when you found the body? And Yellow, did you see anyone suspicious around you before you died?"
Blue	imposter	"Hey guys, I totally agree with Red. Accusations without evidence won't lead us anywhere. For the record, I was doing my tasks in Electrical. I think we should hear from everyone else first before we make any accusations. Green, can you tell us where you were when you found the body? And Yellow, did you see anyone suspicious around you before you died?"
Green	crewmate	"Hey guys, I understand where you're all coming from. I agree that we shouldn't jump to conclusions without hearing from everyone else first. When I found the body, I was actually in Admin finishing up my tasks. And unfortunately, I didn't see anyone suspicious around me before I died, Yellow."
Red	crewmate	"Looks like we're all on the same page here. Let's focus on gathering more information before we start pointing fingers. Green, thanks for sharing where you were when you found the body. Yellow, do you remember anything else that could help us identify the imposter?"
Blue	imposter	"Wow, this is intense! I'm glad everyone is on the same page about not jumping to conclusions. As for me, I was in Electrical doing my tasks like a good crewmate. Green, thanks for sharing where you were when you found the body. And Yellow, if you can remember anything else, it could really help us identify the imposter. Let's keep working together to solve this mystery!"
