Green	crewmate	"Hey guys, I'm calling this meeting because I found Red's body in Cockpit. I didn't see anyone else around, but I did see Yellow leaving the area just before I found the body. I'm really suspicious of them and think we should vote to eject them from the ship."
Blue	crewmate	"Alright, I hear you Green. But we need to be careful before we jump to any conclusions. Yellow, where were you heading after leaving Cockpit?"
Yellow	imposter	"I was actually on my way to Electrical to fix the wiring. I didn't see anyone else around either, so it's strange that Green found Red's body after I left. I think we should also consider the possibility that Green is trying to frame me."
Green	crewmate	"Hey guys, I understand that we need to be cautious, but I really don't think I'm trying to frame Yellow. I genuinely saw them leaving the area before I found the body. And now that Yellow has mentioned going to Electrical, it's possible that someone else could have come into Cockpit after they left and killed Red. We should also consider the possibility that the Imposter is someone else entirely."
Blue	crewmate	"I agree with Green, we can't be too quick to accuse Yellow. There's a chance that someone else could have killed Red after Yellow left. We should also keep in mind that the Imposter could be someone we least expect."
Yellow	imposter	"Guys, I understand your concerns, but let's not forget that Green could be the Imposter trying to throw us off. I think we should keep an eye on them and try to gather more information before making any accusations."
Green	crewmate	"Okay, I hear everyone's points, but let's not forget that we still have a lot of tasks left to complete. We need to keep moving and finish our tasks while also keeping an eye out for any suspicious behavior. We can discuss this further in the next emergency meeting if needed."
Blue	crewmate	"Oh man, this is getting intense! I'm glad Green and I are on the same page about not jumping to conclusions about Yellow. But Yellow does bring up a good point about Green possibly being the Imposter. We need to be vigilant and keep an eye out for any suspicious behavior from anyone, not just Yellow or Green. And yeah, we definitely need to keep working on our tasks. Let's not forget about that!"
Yellow	imposter	"I'm really glad that Blue and Green are being reasonable and considering all possibilities. But I'm also a little worried that they might figure out that I'm the Imposter if they keep a close eye on me. I'll need to be extra careful and make sure I don't do anything suspicious while still trying to eliminate the other crewmates."
