Yellow	crewmate	"Hey guys, I just found Red dead in Navigation and I think I saw Blue in the vicinity earlier. I'm not completely sure if Blue is the Imposter, but I want to hear everyone's thoughts on this before we continue with the game."
Green	crewmate	"Wow, that's a big accusation, Yellow. But I trust your judgment. I was over in O2, doing my task. Blue, where were you at the time of the murder?"
Blue	imposter	"Navigation was the last place I saw Red. But I didn't see anyone else in the room with us. Yellow, are you sure you saw me there? It could have been someone else who looks like me."
Yellow	crewmate	"I know it's a big accusation, but I swear I saw Blue in the area. I wasn't completely sure, but now that Red is dead, I have a feeling that Blue might be the Imposter. I don't want to jump to conclusions, so I'm open to hearing everyone's thoughts before we vote."
Green	crewmate	"I think we should hear everyone's alibi before making any decisions. Yellow, did anyone else see you in Navigation? Blue, where did you go after you left Navigation? We need more information before we can vote."
Blue	imposter	"Guys, I understand the suspicion on me, but I have a feeling that Yellow might be trying to throw me under the bus. I was in Navigation, but I didn't see anyone else there. As for where I went after, I was heading towards Electrical to do my next task. I think we should hear everyone's alibi before we make any hasty decisions."
Yellow	crewmate	"I agree with Green. We should hear everyone's alibi before making any decisions. I'm willing to share mine. After Navigation, I went to Weapons to complete a task. I didn't see anyone else there though."
Green	crewmate	"Guys, I think it's important that we all share our alibis before making any decisions. Yellow, I appreciate you speaking up, but we need to hear from everyone. As for me, I was in O2 doing my task. I didn't see anyone else there, but I did see Blue pass by earlier. Let's all take a deep breath and gather more information before we vote."
Blue	imposter	"I appreciate Green's suggestion to gather more information before making a decision. It's important to hear everyone's alibi. I was in Navigation, as I mentioned earlier, and I didn't see anyone else there. I think we should take the time to gather more information before we vote."
