Blue	crewmate	"Hey guys, I called this meeting because I found Yellow's dead body in the Admin room! I was doing my task and stumbled upon it. Has anyone seen anything suspicious? Any leads on who the imposter might be?"
Red	crewmate	"OMG, not Yellow! I was in Shields doing my task, didn't see anything suspicious. Anyone else have any info or saw anyone near Admin?"
Green	imposter	"Wow, that's crazy! I didn't see anyone near Admin either, but I did see Blue acting a little sus earlier. I think we should keep an eye on them." *winks*
Blue	crewmate	"Whoa, hold on Green! I can assure you I'm not the imposter. I was just doing my task in Admin and found the body. We can't just accuse people without any evidence. Let's focus on finding the real culprit."
Red	crewmate	"Wow, this is intense! I didn't see anything suspicious either, but I trust Blue's word. We need to find some evidence before we start accusing people. Let's all stick together and keep an eye out for any suspicious behavior."
Green	imposter	"I totally agree with Red, we need to find evidence. But Blue, I have my eyes on you. Don't even try to pull off any sneaky moves while we're all together." *smirks*
Blue	crewmate	"Thanks for trusting me, Red. I'm just trying to help us find the imposter. And Green, I understand your skepticism, but I'm innocent. Let's work together to find the real culprit and clear my name."
Red	crewmate	"Guys, let's all calm down and work together to solve this. Accusing people without evidence won't help us catch the imposter. Let's keep an eye on each other and gather some solid proof before pointing fingers."
Green	imposter	"Wow, this is a real whodunit! I agree with Red and Blue, we need to work together and find some solid evidence. But I'm not the imposter, so you can trust me. Let's stick together and catch the real culprit!"
