Green	crewmate	"Emergency meeting guys! I found Red's lifeless body in Upper Engine! I was doing my tasks in Cafeteria when I decided to check out Upper Engine and there it was. Has anyone seen or heard anything suspicious?"
Yellow	crewmate	"OMG! That's so sus. I was in Storage doing my tasks, didn't see anything unusual. I know for sure it's not me, but we should keep an eye on Green, since they found the body."
Blue	imposter	"Wow, that's really unfortunate about Red. I was in Cargo Bay doing my tasks, didn't see or hear anything out of the ordinary. But I agree with Yellow, we should definitely keep an eye on Green since they found the body. It's pretty sus."
Green	crewmate	"Guys, I know it looks sus that I found the body, but trust me, I was just doing my tasks. I didn't see or hear anything suspicious. Let's not jump to conclusions and keep an eye on everyone, not just me."
Yellow	crewmate	"I agree with Blue and Yellow, it's definitely sus that Green found the body. But we should also keep an eye on Blue and ourselves during this emergency meeting. Let's not accuse anyone without evidence, but let's also not ignore the sus behavior."
Blue	imposter	"Wow, this is a tough one. I definitely didn't see anything in Cargo Bay, but I'm willing to vote for Green if that's what everyone else thinks. Let's make sure we're keeping an eye on everyone, though. We don't want to miss any sus behavior."
Green	crewmate	"I understand that it looks sus that I found the body, but I swear I was just doing my tasks in Upper Engine. Let's not jump to conclusions and make sure to keep an eye on everyone, including Blue. We don't want to miss any sus behavior."
Yellow	crewmate	"I agree with everyone that we shouldn't jump to conclusions and accuse anyone without evidence. Let's keep an eye on all of us and look for any sus behavior. Remember, trust no one!"
Blue	imposter	"Guys, I think we should be careful with our accusations. Green's explanation seems plausible, but at the same time, we can't ignore the possibility. Let's keep an eye on everyone, including ourselves. Remember, we're all sus until proven innocent."
