Red	crewmate	"Yo guys, I found Yellow's dead body in MedBay. Looks like we got a body here! I didn't see anyone nearby, so I'm not sure who could have done it. Did anyone see anything suspicious? We gotta figure out who the imposter is, and fast!"
Green	crewmate	"Wow, that's crazy! I didn't see anything suspicious, but we gotta get to the bottom of this. We can't let the imposter get away with this. Let's all work together and figure this out!"
Blue	imposter	"Wow, that's really unfortunate. I was in Communications doing some tasks, so I didn't see anything either. But I'm willing to help figure out who did it. Let's work together and get to the bottom of this. It's time to catch the imposter in action!"
Red	crewmate	"Guys, we need to be careful. The imposter could be among us right now. Let's all stick together and keep an eye out for any suspicious behavior. We can't afford to make any mistakes if we want to catch them."
Green	crewmate	"Wow, this is getting intense! We need to be careful and keep an eye out for any sus behavior. Let's work together and find the imposter before they strike again. I'm with you guys, let's catch this imposter!"
Blue	imposter	"Looks like everyone is on high alert and ready to catch the imposter. I'll keep my eyes open and try to gather any information that could help us figure out who did it. Let's work together and catch this imposter red-handed!"
Red	crewmate	"Guys, we've got this! Let's stick together and keep an eye out for any sus behavior. We'll catch this imposter in no time!"
Green	crewmate	"Looks like we're all on the same page here. Let's be vigilant and catch that imposter before they can harm any more of us. I'll keep my eyes peeled in the Cafeteria, just in case."
Blue	imposter	"Wow, everyone seems to be doing their tasks really diligently. It's going to be tough to catch the imposter, but I'll do my best to blend in and sabotage as much as I can. Let's see how long I can go undetected!"
