Blue	crewmate	"Guys, I just found Red's dead body in the Cafeteria! We gotta discuss who among us is the Imposter! Any sus?!"
Yellow	crewmate	"I was in the Cargo Bay doing tasks, didn't see anything suspicious. Any intel on where everyone else was?"
Green	imposter	"Whoa, that's crazy! I was in the Reactor doing my tasks. I didn't see anyone else around there. But I have a feeling that it could be Yellow, because they are trying to play it cool and not giving any intel. What do you guys think?"
Blue	crewmate	"I agree with Yellow that we need more intel on where everyone else was. But I also think it's too early to start accusing each other. Let's discuss where we were and what tasks we were doing to gather more information before we make any accusations."
Yellow	crewmate	"Thanks for sharing, Blue. I was in the Cargo Bay doing tasks like I said earlier, so I didn't see anything. Green, I'm not trying to play it cool, just trying to give an honest answer. I agree with Blue that we need more information before we start accusing anyone. Let's all share where we were and what tasks we were doing to figure out what happened to Red."
Green	imposter	"I totally understand where everyone's coming from, but let's not waste any time. We need to figure out who the imposter is before they strike again. I was in the Reactor, but I didn't see anyone else around. We should keep track of each other's movements from now on."
Blue	crewmate	"Hey guys, I appreciate everyone sharing their whereabouts and tasks. Let's focus on gathering more information before we start accusing anyone. We don't want to vote off an innocent crewmate and let the imposter win. Stay alert and keep an eye on each other's movements."
Yellow	crewmate	"Thanks for sharing, everyone. It's important that we gather as much information as possible before making any accusations. Let's keep track of each other's movements and tasks to figure out what happened to Red."
Green	imposter	"Guys, I was in the Reactor, but I didn't see anyone else around either. I agree with Yellow that we need to gather more information before accusing anyone. Let's keep an eye on each other's movements and tasks, and try to complete all the tasks quickly to win the game."
