Blue	crewmate	"Hey crewmates, I called this emergency meeting 'cause I just found Red's body in Medbay! This impostor is getting sneaky. Did anyone see anything suspicious or out of the ordinary? We gotta figure out who the imposter is before it's too late!"
Yellow	crewmate	"OMG, that's crazy! I was in Cargo Bay doing my tasks the whole time. I didn't see anyone acting strange. But we have to figure out who did this and vote them off before they strike again!"
Green	imposter	"Wow, that's really unfortunate. I didn't see anyone around Medbay either. We should definitely vote off someone suspicious before they sabotage us again." *tries to look innocent*
Blue	crewmate	"Oh no, this is terrible news! I didn't see anyone in MedBay when I was doing my tasks there. But we have to work together and figure out who the imposter is before they strike again. Let's keep an eye out for anything suspicious and vote off anyone acting strange."
Yellow	crewmate	"Wow, that's really concerning. It's unfortunate that Red was taken out like that. I didn't see anyone acting weird in Cargo Bay, but we need to work together and keep an eye out for any suspicious behavior. Let's vote off anyone who seems off and keep the ship safe!"
Green	imposter	"I agree with you all. It's really unfortunate that Red was taken out like that. I was in Security doing my tasks and didn't see anyone suspicious around. Let's work together and keep a close eye on each other. We need to vote off anyone who seems off before they strike again." *smirks secretly*
Blue	crewmate	"Wow, this is really intense! I'm glad we're all on the same page about voting off anyone suspicious. Let's stick together and keep an eye out for anything unusual. We'll catch the imposter in no time!"
Yellow	crewmate	"Totally agree with you guys! We can't let the imposter get away with this. I'll keep an eye out for any unusual behavior and report it immediately. Let's work together and vote off anyone who seems suspicious. We got this!"
Green	imposter	"Guys, I'm really sorry to hear about Red. It's definitely concerning, but we need to stay calm and work together to catch the imposter. I was in Security doing my tasks and didn't see anything suspicious, but I'll definitely keep an eye out. Let's vote off anyone who seems off and keep the ship safe. We got this!" *tries to act innocent*
