Green	crewmate	"All right, guys, we gotta have an emergency meeting here. I stumbled upon Blue's lifeless body in Upper Engine. That's not good news. Who was in that area just recently? It's not me, I can tell you that for sure. I think it could be Yellow, because they were probably last seen near that area. Anyone saw anything unusual?"
Red	crewmate	"Whoa, that's crazy. I was in Communications with Yellow, so I can vouch for them. I haven't seen anyone else around that area either. Maybe we should skip this vote and keep an eye out for any suspicious behavior."
Yellow	imposter	"I was actually in Upper Engine, but I didn't see anyone else around. Maybe Blue accidentally tripped and fell or something? I don't know, but I definitely didn't see anyone else."
Green	crewmate	"I understand that it's possible that Blue accidentally tripped and fell, but that's a bit far-fetched. We have to consider the possibility that the Imposter is among us. I'm not sure if Yellow is telling the truth or not, but we can't just skip this vote. We need to vote someone out and keep everyone safe."
Red	crewmate	"Wow, this is intense! I can't believe we found a dead body in Upper Engine. I believe Yellow when they say they didn't see anyone else, but we can't rule out the possibility of an Imposter among us. I agree with Red that we should keep an eye out for any suspicious behavior, but I also understand Green's concerns about keeping everyone safe. Let's vote and make sure we eliminate any potential threats."
Yellow	imposter	"Guys, I understand your concerns, but we should be careful before voting someone out. We don't want to make a mistake and lose an innocent crewmate. Let's keep investigating and gather more evidence before we make any hasty decisions."
Green	crewmate	"I agree with Yellow that we should gather more evidence before voting someone out. But we also can't ignore the possibility of an Imposter among us. Let's keep a close eye on each other and continue investigating."
Red	crewmate	"I totally agree with Green and Yellow that we should gather more evidence before voting someone out. It's important to keep an open mind and not make hasty decisions. Let's keep investigating and pay close attention to everyone's behavior."
Yellow	imposter	As the Imposter, my response to the conversation would be, "I totally agree with Yellow, Green, and Red. It's important to gather more evidence before voting someone out. Let's keep investigating and be careful not to accuse innocent crewmates."
