Blue	crewmate	"Alright, crewmates, I have called an emergency meeting because I have found Red's body in Navigation. It's a sad day for us all, and I have a suspicion that Green might be the imposter. I saw them hanging around the area before I found the body. Green, what do you have to say about that?"
Yellow	crewmate	"Okay, okay, hold up. First of all, RIP to Red. Second, I can vouch for Green because I saw them in Weapons with me. So unless they vented, I don't think they could have done it. I'm kind of sus of Blue though, they were running around like crazy when they could have been doing tasks."
Green	imposter	"Wow, RIP Red. I was in Navigation earlier, but I didn't see anyone around. I think Blue is being pretty sus right now. They're the one who found the body and they're the only one accusing me. Plus, Yellow can vouch for me being in Weapons. I think we should skip this vote and keep an eye on Blue."
Blue	crewmate	"Hey guys, I understand that emotions are running high right now, but we need to focus on finding the imposter. Yellow, thanks for vouching for Green, but that doesn't clear them completely. Green, I understand your point about me being sus, but I'm just trying to find the imposter. Let's skip this vote for now, but keep an eye on Green and see if they do anything suspicious."
Yellow	crewmate	"I agree with Green, Blue is being pretty sus right now. They were the only one accusing Green and were running around instead of doing tasks. Plus, I can vouch for Green being in Weapons with me. Let's skip this vote for now and keep an eye on Blue."
Green	imposter	"Wow, things are getting pretty sus in here. I appreciate Yellow vouching for me, but I'm not fully cleared yet. Blue's behavior is definitely raising some red flags for me. I think skipping the vote for now is a good idea, but let's keep a close eye on Blue and see if they slip up."
Blue	crewmate	"Hey guys, I understand that emotions are running high, but let's not jump to conclusions. We need to work together to find the imposter. I agree with skipping the vote for now and keeping a close eye on each other. Let's focus on completing our tasks and gathering more information before making any accusations."
Yellow	crewmate	"Wow, this is getting intense! It's good to see everyone working together to find the imposter. I agree with skipping the vote for now and keeping an eye on each other. Let's all try to complete our tasks and gather more information before making any accusations. Stay vigilant, crewmates!"
Green	imposter	"I gotta say, this is some top-notch detective work from my crewmates. But they'll never catch me! I'll just have to be extra careful and make sure I don't slip up. I'll try to blend in and act innocent, while still taking out my targets one by one. Let the games begin!"
