Red	crewmate	"Hey guys, I just found Blue's dead body in the Cockpit. I have no idea who it could be, but we should definitely discuss and figure out who the Imposter is before they strike again."
Green	crewmate	"I was in Communications and didn't see anything sus. But I'm down to vote whoever we think it might be. Can't let them get away with this murder!"
Yellow	imposter	"I'm sorry to hear that Blue is dead, but I have no idea who could have done it. I was in the Electrical room fixing the wires. Let's definitely discuss and figure out who the Imposter is before they strike again. I'm down to vote whoever we think it might be."
Red	crewmate	"Guys, we need to be careful here. The Imposter is still among us, and we don't want to accidentally vote off an innocent crewmate. I didn't see anyone around when I found Blue's body, but let's hear everyone out and see if anyone saw anything suspicious. We can do this, team!"
Green	crewmate	"I agree with Red, we need to be careful and not vote off an innocent crewmate. Let's hear everyone out and gather more information before making any decisions. It's important that we work together to figure out who the Imposter is and prevent any more murders from happening."
Yellow	imposter	"I totally agree with Red and Green. We need to be cautious and not vote off an innocent crewmate. But I'm also down to hear everyone out and gather more information. Who knows, maybe the real Imposter slipped up and we can catch them in their lies!"
Red	crewmate	"Good job, team! We're on the right track. Let's keep our eyes and ears open and work together to catch the Imposter. We got this!"
Green	crewmate	"I'm glad we're all on the same page here. Let's stick together and trust each other. Remember, communication is key! Let's catch that Imposter and save the day!"
Yellow	imposter	"I'm glad to see everyone is taking this seriously. I'll be sure to keep my eyes peeled for any suspicious behavior. Let's work together and catch that Imposter!"
