Red	crewmate	"Hey guys, emergency meeting! I found Blue dead in Cockpit. I was doing my tasks in electrical and I didn't see anyone in the area. Did anyone else see anything suspicious or have any information on who the imposter could be?"
Green	crewmate	"Okay, I was in Navigation doing my tasks. I haven't seen anyone suspicious around that area. But we need to vote someone off, we can't afford to lose another crewmate."
Yellow	imposter	"Wow, that's terrible news about Blue. I was in Electrical doing my thing, didn't see anyone around. But I agree, we need to vote someone off to make sure we don't lose any more crewmates. Red, did you see anyone near Cockpit before you found Blue's body?"
Red	crewmate	"Guys, I'm really sorry to hear about Blue. I didn't see anyone near Cockpit when I was doing my tasks in Electrical. But I'm inclined to agree with Green and Yellow, we need to vote someone off to make sure we're not risking the safety of any more crewmates. Let's discuss any suspicions we have and come to a decision together."
Green	crewmate	"Guys, this is really sad news about Blue. But we need to focus on finding the imposter. I don't have any suspicions yet, but we need to be careful and keep an eye on each other's movements. Let's vote for someone to make sure we're not risking the safety of our crewmates."
Yellow	imposter	"Wow, it's really sad to hear about Blue. I was in Electrical doing my tasks and didn't see anyone around. But I agree with Green, we need to focus on finding the imposter. Let's keep an eye on each other's movements and make sure we vote someone off to protect our crewmates."
Red	crewmate	"Wow, it's really sad to hear about Blue. I was in Electrical doing my tasks and didn't see anyone around. But I agree with Green and Yellow, we need to focus on finding the imposter. Let's keep an eye on each other's movements and vote someone off to protect our crewmates. Stay alert, guys!"
Green	crewmate	"Guys, it's heartbreaking to lose Blue, but we need to stay focused on finding the imposter. Red, I appreciate your input, but we can't rule out the possibility that you might be the imposter. Let's keep an eye on each other and vote someone off to ensure the safety of the crew."
Yellow	imposter	"I'm sorry to hear about Blue, but as the Imposter, I'll have to do what I have to do to win. I'll make sure to keep an eye on everyone and try to blend in as much as possible. Let's see who gets voted off first."
