Red	crewmate	"Hey guys, I've called this meeting because I found Green's body at the Security room. I didn't see anyone around but I did see Blue vent nearby. So I'm quite suspicious of Blue right now. Does anyone have any information to share?"
Yellow	crewmate	"I was in Electrical doing my tasks, I didn't see anything suspicious. But I do trust Red's word on this. I think we should vote Blue off and see if we were right."
Blue	imposter	"I was in Medbay doing my tasks, nowhere near Security. It's interesting that Red saw me vent nearby when I was nowhere near there. I think Red might be trying to frame me. I'm not the Imposter, but if you want to vote me off, go ahead. You'll see that you're wrong."
Red	crewmate	"Guys, I understand that Blue is denying it, but I'm positive that I saw them vent. I wouldn't have called this meeting if I wasn't sure. I don't think I'm trying to frame anyone, I just want to catch the Imposter. Let's vote Blue off and see if we were right."
Yellow	crewmate	"Based on Red's testimony, I think we should vote off Blue. It's possible that Red might be wrong, but we won't know until we try. Let's catch that Imposter!"
Blue	imposter	"Guys, I understand why you might be suspicious of me, but I promise you that I'm not the Imposter. I think it's possible that Red might be mistaken. But if you want to vote me off, go ahead. Just know that you'll be losing a valuable crewmate."
Red	crewmate	"As much as I understand Blue's denial, I trust Red's testimony. Let's vote off Blue and see if they were the Imposter."
Yellow	crewmate	"I agree with Red and Yellow. We should vote off Blue and see if they were the Imposter. We need to catch them before they sabotage us again!"
Blue	imposter	"Guys, I understand why you might be suspicious of me, but I promise you that I'm not the Imposter. I think we should take a closer look at Red's testimony before making any rash decisions. Let's not vote off a valuable crewmate without being absolutely sure. It could cost us the game."
