Green	crewmate	"Hey crewmates, I found Yellow's dead body in Navigation. I'm calling this emergency meeting to discuss any suspicious behavior or anyone who might have been in the area at the time of their death. Let's figure out who the Imposter is before they take any more of us out!"
Blue	crewmate	"I was in MedBay doing a scan, didn't see anyone suspicious around that area. But I did see Red coming from Storage, just saying."
Red	imposter	"Oh no, that's terrible news about Yellow! I was actually in O2 fixing the sabotage when the body was found, so I didn't see anything suspicious. And Blue, I was just doing a task in Storage, nothing out of the ordinary. We should definitely try to figure out who the Imposter is before they strike again."
Green	crewmate	"Oh man, this is so sad. Yellow was such a great player. Blue, I trust you on this one, let's keep an eye on Red. But we shouldn't jump to conclusions just yet. I was in Navigation just before I found the body, but I didn't see anyone around. Maybe someone vented out? Let's all share what tasks we were doing and try to piece together who might be the Imposter."
Blue	crewmate	"I agree with Green, we need to share what tasks we were doing and gather more information. It's possible that someone vented out of Navigation after killing Yellow. Red's alibi seems solid, but we can't rule out anyone just yet. Let's keep an eye on each other and be vigilant."
Red	imposter	"Wow, this is crazy! I can't believe Yellow is gone. I was in O2 fixing the sabotage when the body was found, so unfortunately I don't have any information about who the Imposter might be. But we should definitely keep an eye out for any suspicious behavior. Let's all share our tasks and see if we can figure out who the Imposter is before they strike again!"
Green	crewmate	"Wow, this is a tough situation. I'm so sorry to hear about Yellow. I agree with Blue and Red that we need to keep an eye out for any suspicious behavior. It's possible that whoever did this vented out, so we should be careful. Let's all share our tasks and try to piece together who might be the Imposter. We can't let them get away with this!"
Blue	crewmate	"Guys, this is really sad. I can't believe Yellow is gone. I was doing a task in MedBay when the emergency meeting was called, so I don't have any information about who might be the Imposter. But I agree with Green, Blue, and Red that we need to be careful and share our tasks to figure out who might be the culprit. Let's stay alert and keep an eye on each other."
Red	imposter	"Wow, this is a tragic turn of events. I was in O2 fixing the sabotage when the body was discovered, so unfortunately I don't have any information about who the Imposter might be. But I'm willing to share my tasks and help in any way I can to figure out who did this. Let's work together and catch the Imposter before they strike again!"
