Blue	crewmate	"Mates, we've got a dead body in Cockpit. I stumbled upon Yellow's lifeless corpse while I was completing my tasks. I'm not sure who the Imposter is, but we need to discuss and figure out who the possible suspects could be. Let's start by sharing our whereabouts and see if anyone has seen or heard anything suspicious."
Green	crewmate	"I was in Weapons completing my tasks. I didn't see or hear anything suspicious. But I agree, we need to discuss and figure out who the Imposter could be. Blue, did you see anyone around the Cockpit area when you found Yellow's body?"
Red	imposter	"I was in Electrical doing my tasks. I didn't see anyone suspicious around the area. But we need to figure out who the Imposter is before they strike again. Let's keep discussing and sharing information."
Blue	crewmate	"I agree with Green and Red. We need to keep discussing and sharing information to figure out who the Imposter could be. I didn't see anyone around the Cockpit area when I found Yellow's body. Let's keep our eyes and ears open, mates."
Green	crewmate	"Thanks for sharing your whereabouts, everyone. It's possible that the Imposter vented away from the scene of the crime, so we should keep an eye out for anyone acting suspiciously or venting. Let's also try to complete our tasks quickly and efficiently to make it harder for the Imposter to strike again. Stay alert, mates!"
Red	imposter	"Seems like we're all on the same page here. I'll keep an eye out for anyone acting suspiciously around Electrical. Let's work together to catch the Imposter and complete our tasks efficiently. Stay frosty, mates!"
Blue	crewmate	"Great job, team! We're working together to catch the Imposter and complete our tasks efficiently. Let's keep our eyes and ears open for any suspicious behavior and work towards victory. Stay frosty, mates!"
Green	crewmate	"Looks like we're all working together to catch the Imposter and complete our tasks efficiently. Let's keep an eye out for any suspicious behavior and stay on our toes, mates!"
Red	imposter	"I'm glad we're all on the same page. But little do they know, I'm the Imposter lurking around Electrical. Time to strike again and eliminate my next target."
