Blue	crewmate	"Alright guys, I just found Yellow lying dead in Cafeteria! I've been doing tasks around the map and stumbled upon the poor guy's body. Did anyone see anything suspicious? Anybody vented out of here?"
Red	crewmate	"Aw man, that's rough. I haven't seen anything suspicious, I was in Cargo Bay doing my tasks. Did anyone else see anything?"
Green	imposter	"Wow, that's terrible news. I was in Security doing some tasks, didn't see anything out of the ordinary. But, I think we should keep an eye on Red, they seem a bit too calm about the situation. Just saying."
Blue	crewmate	"Guys, I know it's hard but we need to focus on finding the imposter. Red might be calm, but that doesn't necessarily mean they're the imposter. Let's keep searching for clues and try to figure out who it could be."
Red	crewmate	"Guys, I swear I'm not the imposter! I was just trying to focus on my tasks in Cargo Bay, I didn't see anything suspicious. But I agree with Blue, let's keep searching for clues and figure out who could have done this."
Green	imposter	"I totally agree with Blue, we need to find the imposter ASAP. But I have a feeling that we should definitely keep an eye on Red. They seem to be playing it cool, but that could just be a tactic. Let's keep searching for clues and gather evidence to figure out the truth."
Blue	crewmate	"I agree with Blue and Red, we can't just jump to conclusions about who the imposter is based on how calm or suspicious someone seems. Let's focus on finding evidence and completing tasks to narrow down our suspects. We'll catch the imposter soon enough!"
Red	crewmate	"Hey guys, I appreciate Blue and Green's concern, but I can assure you that I'm not the imposter. Let's all focus on completing our tasks and gathering evidence to find the real culprit. We got this!"
Green	imposter	"I see that everyone is focused on finding the imposter and completing tasks. However, I think we should keep a close eye on Red. Their assurance seems a bit too rehearsed to me. Let's gather evidence and keep an eye on them."
