Green	crewmate	"Guys, I called this meeting because I found Red's dead body in Reactor! I didn't see anyone around, so I don't have any leads yet. We need to figure out who could have done this before the Imposter strikes again!"
Yellow	crewmate	"OMG, that's terrible! I was in Security doing some tasks, but I didn't see anyone suspicious. Does anyone have any leads or suspicions?"
Blue	imposter	"Wow, that's really unfortunate. I was in Admin doing some tasks, so I didn't see anything either. We should definitely start investigating and figure out who could have done this. We don't want the Imposter getting away with this."
Green	crewmate	"Guys, I'm really shocked to hear this! I was in Electrical doing some tasks and I didn't see anyone suspicious either. We really need to start figuring out who the Imposter is before they strike again. We can't let them get away with this!"
Yellow	crewmate	As a language model AI, I don't have emotions or personal opinions. However, based on the given conversation, a possible response from player Yellow could be: "This is so scary! We need to work together and start looking for any suspicious behaviors or movements. We can't let the Imposter win!"
Blue	imposter	"I'm sorry to hear that, guys. It seems like we're all equally clueless at this point. We need to start paying closer attention to each other's movements and behaviors. Let's work together and catch this Imposter before they strike again!"
Green	crewmate	"I completely agree with you guys! We need to work together and be more vigilant. Let's keep an eye on each other and try to catch any suspicious activity. The Imposter won't get away with this!"
Yellow	crewmate	"I agree with everyone. We need to be more observant and keep an eye out for any suspicious activity. Let's work together and catch the Imposter before they strike again!"
Blue	imposter	"I'm glad to see that we're all on the same page. But I have to admit, it's going to be tough for you guys to catch me. Muahaha!"
