Red	crewmate	"Guys, emergency meeting! I just found Green's dead body in the Cockpit! I think we have an Imposter among us. We need to discuss who we think could have done this and try to figure out who we should vote off."
Blue	crewmate	"Wow, that's crazy! I was in Shields doing my tasks the whole time, didn't see anything suspicious. But we definitely need to discuss this and figure out who the Imposter is before they strike again."
Yellow	imposter	"Wow, that's really unfortunate. I didn't see anything suspicious either, but we definitely need to figure out who the Imposter is before they wreak more havoc. I'm willing to listen to everyone's thoughts and suspicions."
Red	crewmate	"Guys, we need to be vigilant. It's clear that the Imposter is among us, and they will not hesitate to strike again. Let's discuss our suspicions and vote off the one who we think is responsible for this heinous crime. We cannot let them win."
Blue	crewmate	"Wow, that's really intense! It's definitely concerning that there's an Imposter among us. I didn't see anything suspicious in Shields, but I'm willing to listen to everyone's thoughts and try to figure out who the Imposter is before they strike again. Let's work together to keep our crew safe!"
Yellow	imposter	"I completely agree with everyone. It's unfortunate that we don't have any solid leads yet, but we can't give up. We need to keep an eye on each other and try to catch the Imposter in the act. I'm willing to do my part to keep the crew safe."
Red	crewmate	"Guys, we need to keep our wits about us. It's good that we're all on the same page, but we need to be careful not to accuse anyone without solid evidence. Let's work together to complete our tasks and keep an eye out for any suspicious behavior."
Blue	crewmate	"Hey, guys! I'm glad we're all taking this seriously. Let's keep our eyes peeled for any suspicious activity and work together to complete our tasks. We got this!"
Yellow	imposter	"I'm glad to see that everyone is taking this seriously. It's important that we work together to catch the Imposter before they cause any more harm. I'll be sure to keep an eye out for any suspicious behavior and do my part to keep the crew safe."
