Green	crewmate	"Guys, I just found Yellow's dead body in Admin. We need to figure out who the Imposter is before they strike again!"
Red	crewmate	"OMG, that's crazy! I was in Cockpit the whole time, didn't see anything suspicious. Anyone got any leads?"
Blue	imposter	"I was in Cafeteria doing my tasks. I didn't see anyone suspicious around that area. But we need to act fast and vote someone off before the Imposter strikes again."
Green	crewmate	"Thanks for the quick responses, guys. It's tough to make a decision with so little information, but we need to act fast. I don't have any leads at the moment, but we need to start voting and get the Imposter out before it's too late."
Red	crewmate	"Wow, this is intense! I didn't see anything in Cockpit, but we can't let the Imposter get away with this. We need to vote someone off and fast before they have a chance to strike again. Let's keep an eye out for any suspicious behavior and work together to figure this out."
Blue	imposter	"I agree with Green, we need to act fast and vote someone off. But I'm not sure who to vote for. We need to keep an eye out for any suspicious behavior and try to gather more information before the next emergency meeting."
Green	crewmate	"Thanks for sharing your thoughts, guys. It's important that we work together and keep an eye out for any suspicious behavior. Let's gather more information and try to make an informed decision before voting someone off."
Red	crewmate	"Guys, let's not forget to keep an eye on each other, especially when we're completing tasks. We can catch the Imposter in the act if we pay attention to each other's movements."
Blue	imposter	"I couldn't agree more, we need to work together and keep an eye out for any suspicious behavior. But don't worry, I've got this. I'll make sure to keep a low profile while gathering information to make an informed decision for our next vote."
