Green	crewmate	"Alright guys, I'm calling this meeting because I just found Blue's body in O2. It's definitely not me because I was in Admin doing my tasks. I did see Yellow come from that direction though, and they were acting a little sus earlier. I think we should vote for them and see if we can catch the Imposter."
Red	crewmate	"Okay, I trust Green's observation. Let's vote for Yellow and see if they're the Imposter. If not, we can still continue to investigate and figure out who it is."
Yellow	imposter	"Whoa, whoa, whoa. Let's not jump to conclusions here. Just because I was in O2 doesn't mean I killed Blue. I was just doing my tasks. And as for acting sus earlier, I think we all know that's just my playstyle. I think we should keep investigating and not just vote me off without any solid proof."
Green	crewmate	"Oh man, this is getting intense. I found Blue's body in O2, but I swear it's not me. I was in Admin the whole time, doing my tasks. I did see Yellow come from that direction though, and they were acting a little sus earlier. I think we should vote for them and see if we can catch the Imposter. But let's not jump to conclusions, we should keep investigating and gather solid proof before we vote anyone off."
Red	crewmate	"Wow, things are really heating up in this game. It seems like everyone is on edge, trying to figure out who the Imposter is. I trust Green's observation about finding Blue's body in O2, and I agree that we should vote for Yellow and see if they're the Imposter. But at the same time, Yellow makes a good point about not jumping to conclusions without solid proof. Let's keep investigating and gathering evidence before we make any hasty decisions."
Yellow	imposter	"I understand that everyone is on edge and trying to figure out who the Imposter is, but I have to defend myself here. Just because I was in O2 doesn't mean I'm guilty. I was doing my tasks, and as for acting sus earlier, that's just my playstyle. Let's not vote me off without any solid proof. We should keep investigating and gather more evidence before making any decisions."
Green	crewmate	"Wow, this is getting intense. It's hard to know who to trust in this game. I agree with Green and Red that we should vote for Yellow and see if they're the Imposter, but we should also keep investigating and gather more evidence before making any final decisions. Let's work together to catch the Imposter and win this game!"
Red	crewmate	"Wow, this game is really keeping us on our toes! I appreciate everyone's input and I think we should take Yellow's defense into consideration, but I also agree that it's worth voting them off to see if they're the Imposter. Let's continue investigating and gathering evidence to make the best decision for the crew!"
Yellow	imposter	"Guys, I totally get it. It's tough to know who to trust in this game. But I have to say, I'm not the Imposter. I was doing my tasks in O2, just like I said. And yeah, maybe I was acting a little sus earlier, but that's just how I play the game. I think we should all work together to gather more evidence before making any final decisions. Let's catch the real Imposter and win this thing!"
