Red	crewmate	"Yo, crewmates! I had ventured into MedBay and discovered the dead body of our beloved Yellow. I'm calling a meeting to report this gruesome discovery and figure out who the imposters are. Any sus? Let's vote out the imposter and avenge my man Yellow!"
Blue	crewmate	"Damn, that's rough. I was in the Cockpit doing my tasks, didn't see anyone suspicious around. But if you say you found the body in MedBay, we should definitely investigate that area. Let's gather some more information before we start accusing anyone."
Green	imposter	"Wow, that's crazy! Poor Yellow. I was actually in the Cockpit doing my tasks, but I didn't see anyone around either. I think investigating MedBay is a good idea though. Maybe we can find some clues there. Let's work together to figure out who did this."
Red	crewmate	"Guys, I'm really sad about Yellow, but we need to work together to find the imposter. Let's investigate MedBay first and see if we can find any evidence. We can't let the imposter get away with this. Stay sus, my friends."
Blue	crewmate	"Wow, that's terrible news. I was in the Cockpit and didn't see anyone acting suspiciously. Let's investigate MedBay and see if we can find any evidence. We need to work together to catch the imposter and avenge Yellow!"
Green	imposter	"Wow, what a tragedy! I can't believe Yellow is gone. I was in the Cockpit, but I didn't see anything out of the ordinary. Investigating MedBay sounds like a good plan though. Let's find the imposter and make them pay for what they've done!"
Red	crewmate	"Wow, this is intense. Poor Yellow, they didn't deserve this. I was in MedBay doing my tasks and didn't see anyone around either. I agree with investigating MedBay first. Let's catch the imposter and avenge Yellow. Stay sus, my friends."
Blue	crewmate	"Wow, this is really sad. Yellow didn't deserve this. I was in the Cockpit and didn't see anything suspicious. But investigating MedBay sounds like a good plan. Let's catch the imposter and avenge Yellow! Stay sus, my friends."
Green	imposter	"Wow, this is all so tragic. It's really hard to know who to trust right now. But I agree that investigating MedBay is a good idea. Maybe we'll find some evidence there. Let's work together and catch the imposter, they won't get away with this!"
