Green	crewmate	"OMG guys, we have an emergency meeting! I found Yellow's body in Shields. I was just passing by and I saw it lying there lifeless. I'm pretty sure someone vented out of the room before I got there so we need to discuss who was in the area and try to figure out who the Imposter could be. We can't let them get away with this!"
Red	crewmate	"Okay crewmates, let's focus up and start with the basics. Green, did you see anyone else in the area when you found Yellow's body? And did you see which direction they went? Let's piece together all the information we have and figure out who the Imposter is before they strike again!"
Blue	imposter	"I was in Navigation when the emergency meeting was called, so I didn't see anyone in the Shields area. But I agree with Red, we need to gather all the information we have and figure out who the Imposter is before they strike again. I'm willing to skip this vote if we don't have enough evidence, but we need to make sure we're all on the same page moving forward."
Green	crewmate	"Guys, I didn't see anyone around when I found Yellow's body. But I'm sure someone vented out of the room before I got there. We need to be careful and not skip this vote. We can't let the Imposter get away with this. Let's gather all the information we have and vote wisely. Stay alert crewmates!"
Red	crewmate	"I agree with Blue and Green, we need to gather as much information as possible and not skip this vote. Let's keep an eye out for any suspicious behavior and work together to catch the Imposter. Stay alert and stay safe, crewmates!"
Blue	imposter	"Looks like we have a smart and vigilant crew here. I'll make sure to keep my eyes and ears open for any useful information. Let's work together and catch the Imposter before they cause any more chaos. Good luck everyone!"
Green	crewmate	"Good job, crewmates! It's important we don't skip this vote and gather all the information we can. Let's catch that sneaky Imposter and keep our ship safe. Remember, trust no one!"
Red	crewmate	"Great teamwork, crewmates! It's important to trust each other, but also keep a watchful eye for any suspicious behavior. Let's catch that Imposter and secure our ship. Good luck everyone!"
Blue	imposter	"I'm glad to see my fellow crewmates taking this seriously. But they have no idea I'm the Imposter. Time to play it cool and continue gathering information to throw them off my scent. Let the chaos ensue."
