Yellow	crewmate	"Hey guys, I just found Green's body in Storage. It was a total drive-by situation, I didn't see anybody around. Anyone got any suss on who they saw near there recently?"
Red	crewmate	"Wow, that's a tough one. I was in Electrical fixing some wires, so I didn't see anything suspicious around Storage. Did anyone else see anything?"
Blue	imposter	"Wow, that's really sus. I was in Communications doing some tasks. I didn't see anyone around Storage. We should definitely vote someone off though, we can't afford to let the imposter win!"
Yellow	crewmate	"Guys, I understand this is tough but we need to figure this out. I trust both Red and Blue, they were in different locations. We can skip the vote if we don't have enough evidence, but let's keep an eye out for any suspicious behavior."
Red	crewmate	"Wow, that's a tough situation. Yellow, thanks for reporting the body. I believe both Red and Blue's alibi since they were in different locations. It's really hard to make a decision without any evidence, but we should keep an eye out for any suspicious behavior. Skipping the vote might be the best option for now."
Blue	imposter	"Oh man, this is getting intense. I'm glad Yellow trusts me and Red, but we need to be careful. Skipping the vote might not be the best option, we need to find the imposter before they strike again. I'll keep my eyes peeled for any suspicious behavior."
Yellow	crewmate	"I agree with Red and Blue, skipping the vote might be the best option for now. We don't have enough evidence to make a decision. Let's keep an eye out for any suspicious behavior and try to gather more information before voting someone off."
Red	crewmate	"I totally agree with my fellow crewmates. It's tough without evidence, but we can't just vote someone off without proper reasoning. Let's keep an eye out for any suspicious behavior and gather more information before making any hasty decisions. We got this, team!"
Blue	imposter	"I'm relieved that Yellow trusts me and Red, but I need to be careful. I'll have to play it cool and try to blend in with the crewmates. I'll keep sabotaging and causing chaos until I can take them all out one by one. This is going to be fun!"
