Yellow	crewmate	"EMERGENCY MEETING, GUYS! I found Red in Storage, dead as a doornail! What's the sitch? Who could be the Imposter?"
Green	crewmate	"Oh no! I was in Weapons and didn't see anything suspicious. I did see Blue running towards Cafeteria though, maybe they have some intel?"
Blue	imposter	"Hey, don't be throwing accusations around willy-nilly! I was just minding my own business in Cafeteria, doing some tasks. I didn't see anyone suspicious around there either. But, I did see Yellow heading towards Storage earlier, just saying."
Yellow	crewmate	"Hey, don't be pointing fingers at me just because I was near Storage earlier. I didn't see anyone there though. Green, you said you saw Blue running towards Cafeteria? That seems pretty sus to me."
Green	crewmate	"Okay, let's not get too accusatory here. We don't have enough evidence to say who the Imposter could be. We should keep an eye out for any suspicious behavior and try to complete our tasks to win this game!"
Blue	imposter	"Wow, you guys are really throwing around accusations left and right! I don't appreciate being accused without any evidence. I was just doing my tasks in Cafeteria, nothing suspicious. Let's focus on completing our tasks and keep an eye out for any actual suspicious behavior."
Yellow	crewmate	"Guys, calm down! We need to work together and not point fingers without any evidence. Let's complete our tasks and keep an eye out for any suspicious behavior. We can win this game if we work together as a team!"
Green	crewmate	"Guys, we need to focus on completing our tasks and keep an eye out for any suspicious behavior. Accusing each other without any evidence is not going to help us win this game. Let's work together and figure out who the Imposter could be."
Blue	imposter	"Guys, I totally agree with Green. Accusing each other without any evidence is not going to help us win this game. Let's work together as a team and complete our tasks. Oh, and by the way, I was in Weapons doing my tasks."
