Green	crewmate	"Emergency meeting, crewmates! Green here reporting that I just discovered Blue's lifeless body in Reactor. I have a suspicion that Yellow might be the Imposter, as I saw them in the vicinity before the body was discovered. Can anyone else vouch for Yellow's whereabouts during this time, or have any other information that could help us figure out who the Imposter is?"
Red	crewmate	"Hey guys, I was in Shields and didn't see anything suspicious. I think we should hear what Yellow has to say about their whereabouts. If they can't provide a solid alibi, we might have our Imposter."
Yellow	imposter	"Wait, hold up. I was in Electrical doing my tasks. I didn't even go near Reactor. Green is just trying to pin the blame on me. Red, you can vouch for me, right? You saw me in Electrical?"
Green	crewmate	"Guys, I understand that this is a tough situation, but we need to stay focused. Red, thank you for your input, but we can't rule out Yellow just yet. Yellow, can anyone else confirm that you were in Electrical the whole time? We need to try and piece together everyone's movements to figure out who the Imposter is. Let's not jump to conclusions, but let's also not ignore any suspicions."
Red	crewmate	"Hey guys, let's not forget that there were two imposters among us. While Yellow's alibi may seem solid, we shouldn't completely rule them out as a suspect. I agree with Green that we need to gather more information and try to piece together everyone's movements. Let's stay focused and work together to figure out who the real Imposters are."
Yellow	imposter	"Guys, I understand the suspicion on me, but I swear I was in Electrical the whole time. Red, please vouch for me. And Green, why are you trying to steer attention my way? Do you have something to hide? We need to work together to figure out who the real Imposters are, but let's not jump to conclusions without solid evidence."
Green	crewmate	"Hey guys, let's take a step back and analyze the situation. While Yellow's alibi may seem strong, we can't completely rule them out as a suspect. Let's gather more information and try to piece together everyone's movements. We need to work together to find the real Imposters and not let our suspicions cloud our judgement. Stay focused and let's get to the bottom of this."
Red	crewmate	"Guys, I agree with both Red and Green. We can't rule out Yellow as a suspect, but we also need to gather more information before making any accusations. Let's stay focused and work together to figure out who the real Imposters are. And remember, there are two Imposters among us, so we need to be thorough in our investigation."
Yellow	imposter	"I'm feeling a bit targeted here, but I understand the suspicion. I was in Electrical the whole time, and Red can confirm that. Let's work together and gather more evidence before we make any rash decisions. Remember, there are two Imposters among us, so let's be thorough in our investigation."
