Blue	crewmate	"Hey guys, I just stumbled upon Green's dead body while I was fixing up Weapons. I had a feeling that the imposter was lurking around here and I saw Red in the vicinity, so I'm pretty sure he's the killer. Can anyone corroborate his alibi?"
Yellow	crewmate	"Sorry Blue, I didn't see anything suspicious. But Red, where were you exactly when the body was found?"
Red	imposter	"Me? I was just doing my tasks in Navigation. I didn't even go near Weapons. Blue, why are you so quick to blame me? How do we know it's not you trying to frame me?"
Blue	crewmate	"Guys, I understand that accusing someone is a big deal and we need to be careful. But I'm pretty sure I saw Red in the area and he's not giving us a solid alibi. I didn't see anyone else around, so I think it's safe to say that it's him. Let's vote him out and see."
Yellow	crewmate	"Guys, I understand that Blue is suspicious of Red, but we need to be sure before we vote someone out. Red, can anyone verify that you were in Navigation the whole time? Maybe we can check the security footage to see who was in the area at the time of the murder. Let's not rush into accusing someone without solid evidence."
Red	imposter	"I don't know what you guys are talking about. I was definitely in Navigation the whole time. And Yellow, great point about checking the security footage. That will prove my innocence. Let's not vote someone out without concrete evidence."
Blue	crewmate	"I agree with Yellow, we shouldn't rush to vote without solid evidence. Red's alibi seems plausible, but we should definitely check the security footage to be sure. Let's not jump to conclusions and make sure we have all the facts before making a decision."
Yellow	crewmate	"As Yellow, I think it's important to investigate and gather evidence before accusing anyone. Checking the security footage is a great idea and will help us make an informed decision. Let's not rush to judgment and make sure we have all the facts before voting someone out."
Red	imposter	"I gotta say, I'm loving the way we're all on the same page here. It's important to gather all the facts before accusing someone. As Red, I'm confident that the security footage will clear my name. Let's investigate and make a smart decision together."
