Yellow	crewmate	"Guys! Emergency meeting! I found Red's dead body in Weapons! It was not me, I swear. I was just completing my tasks over there when I saw the dead body lying on the floor. Did anyone see anything suspicious? We need to find out who did this, or we might end up voting off one of our own crewmates."
Blue	crewmate	"Wow, that's crazy! I was doing my tasks in Navigation, so I didn't see anything suspicious. But we definitely need to figure out who the Imposter is before they strike again!"
Green	imposter	"Wow, that's really unfortunate. I was in Lower Engine fixing the wiring. I didn't see anyone around that area. But we definitely need to find out who did this before they sabotage our mission."
Yellow	crewmate	"Oh my god, this is insane! I can't believe Red is dead. I swear it wasn't me, I was just doing my tasks in Weapons. Let's think logically here, guys. Who was last seen with Red? We need to narrow down our suspects and find the Imposter before they kill again."
Blue	crewmate	"Guys, this is really concerning. We need to be careful and keep an eye out for any suspicious activity. Yellow, did you see anyone else in Weapons when you found the body? We need to start narrowing down our suspects and figuring out who the Imposter might be."
Green	imposter	"I agree with Yellow, we need to start narrowing down our suspects and find the Imposter before they strike again. As for me, I was in Lower Engine fixing the wiring, so I didn't see anything suspicious. But I'll keep an eye out for any suspicious activity from now on."
Yellow	crewmate	"Guys, I think we should also consider the timing of Red's death. Was there a particular moment when we lost sight of him? That could give us a clue as to who the Imposter is. And Blue, to answer your question, no, I didn't see anyone else in Weapons when I found the body. But I think we should all be on high alert and keep an eye out for any suspicious behavior."
Blue	crewmate	"Wow, this is intense. Yellow, you make a good point about narrowing down our suspects. I think we should also keep in mind that the Imposter might try to frame innocent people. Green, thanks for keeping an eye out. Let's all work together and be vigilant. We can do this, guys!"
Green	imposter	"I totally agree with Blue and Yellow. We need to be careful and consider all possibilities. I was in Lower Engine fixing the wiring, but I'll definitely keep an eye out for any suspicious behavior. Let's work together and catch this Imposter before they strike again!"
