Green	crewmate	"Guys, we've got trouble in Reactor! I just found Blue's body lying there, cold as ice. This is not looking good, we've got an Imposter on the loose."
Yellow	crewmate	"Oh no! That's terrible news. I was in Weapons doing my tasks. I didn't see anyone suspicious around that area."
Red	imposter	"Wow, that's crazy. I can't believe the Imposter got Blue already. I was just in Admin doing my tasks, didn't see anyone around there either. We need to figure out who's responsible for this."
Green	crewmate	"Guys, we need to act fast and start voting. We can't let the Imposter get away with this. I was in Reactor with Blue earlier and didn't see anyone suspicious, but that doesn't mean anything. We need to start accusing and defending ourselves if we want to catch the Imposter."
Yellow	crewmate	"Wow, this is intense. I can't believe the Imposter got Blue so quickly. I didn't see anyone suspicious in Weapons, but I'll keep an eye out for anything unusual. Green, do you have any suspects in mind?"
Red	imposter	"Guys, I'm just as shocked as you are. Blue was one of my favorite crewmates. I didn't see anything suspicious in Admin, but that doesn't mean anything. I agree with Green, we need to start voting and accusing if we want to catch the Imposter. As for suspects, I don't have anyone in mind just yet. Let's keep our eyes and ears open."
Green	crewmate	"Okay guys, let's focus up and start accusing and defending ourselves. We don't have much time left and we can't afford to let the Imposter get away with this. Red, do you have any suspicions yet? Yellow, keep an eye out for anything unusual and report back. Let's catch this Imposter!"
Yellow	crewmate	"Wow, this is getting intense. I didn't see anyone acting suspicious in Weapons, but I'll definitely keep my eyes peeled for anything unusual. Green, I'm with you, we need to start accusing and defending ourselves if we want to catch the Imposter. Red, let us know if you have any suspicions. Let's do this, crewmates!"
Red	imposter	"Guys, I really don't have any suspects in mind yet. It's still early in the game and we don't have much to go on. But I agree with Green, we need to start accusing and defending ourselves if we want to catch the Imposter. Yellow, thanks for keeping an eye out in Weapons. Let's all stay alert and catch this Imposter together, crewmates!"
