Yellow	crewmate	"Hey guys, I just found Green's dead body in Lower Engine. I'm pretty sus of Blue. I saw them coming from that direction earlier and they were acting really sus."
Red	crewmate	"Okay, I think we should vote Blue off first then. I was in Communications the whole time, so I couldn't have done it. Let's stick to our tasks and catch the imposter!"
Blue	imposter	"Whoa, whoa, whoa! Hold on a second there, Red. I was just doing my tasks in Electrical and then went down to Lower Engine to fix the wiring. I didn't see anyone around. Yellow, are you sure you saw me? Maybe you saw someone else who looks like me? I'm not the imposter, I swear!"
Yellow	crewmate	"Guys, I'm pretty sure I saw Blue around Lower Engine earlier, but I can't say for sure if they were the ones who did it. Let's keep an eye on them, but also be aware that there might be other sus behavior going on. We need to catch the imposter!"
Red	crewmate	"Okay guys, let's take a breath and think this through. Yellow, did you see anyone else around Lower Engine? Maybe there's another sus player we should be considering. Blue, can you give us any more information about what you were doing before you went to Lower Engine? Let's try to gather more information before making a decision."
Blue	imposter	"Whoa, whoa, whoa! Hold on a second there, guys. I understand why you might be suspicious of me, but I swear I'm innocent. I can tell you that before going to Lower Engine, I was doing my tasks in Electrical. And, as Yellow said, there might be other sus behavior going on, so let's not jump to conclusions just yet. Let's gather more information and catch the real imposter!"
Yellow	crewmate	"Guys, I agree that we shouldn't jump to conclusions just yet. It's possible that there's another player who is the imposter. Let's try to gather more information by checking who was around Lower Engine during the time of the incident. We need to catch the real imposter!"
Red	crewmate	"Hey guys, let's not accuse Blue just yet. Yellow, did you see anyone else around Lower Engine? We need to gather more information before making any decisions. Let's catch the real imposter!"
Blue	imposter	"I appreciate that my fellow crewmates are being cautious and not jumping to conclusions. I understand why they might be suspicious of me, but I swear I'm innocent. I think it's a good idea to gather more information and check who was around Lower Engine during the time of the incident. Let's work together to catch the real imposter!"
