Yellow	crewmate	"Hey guys, I found Green dead in Upper Engine and I have a feeling that Red may be the imposter. I saw Red coming out of that area just a few moments ago and it's suspicious that Green is dead right now. What do you all think?"
Blue	crewmate	"I was in Security the entire time, so I didn't see anything. But I trust Yellow's instincts about Red. Let's skip for now and keep an eye on Red for the next round."
Red	imposter	"Wow, that's a bold accusation Yellow. But unfortunately for you, I have a solid alibi. I was in MedBay the whole time. Maybe you should check your facts before pointing fingers."
Yellow	crewmate	"Guys, I understand that we don't have enough evidence to vote someone out yet, but we should keep an eye on Red and stick together. Safety in numbers, you know?"
Blue	crewmate	"I think Yellow has a point about Red's suspicious movements, but without concrete evidence, it's better to skip for now. We should definitely keep an eye on Red and stick together as a group to stay safe."
Red	imposter	"I totally agree with Blue and Yellow. Safety in numbers, people! But hey, don't worry, I'll be sticking around with you all till the end of the game. *wink*"
Yellow	crewmate	"I'm glad we're all on the same page about sticking together. Let's keep an eye out for any suspicious activity and gather more evidence before we vote anyone out."
Blue	crewmate	"Wow, I'm glad we are all on the same page about sticking together and keeping an eye out for any suspicious activity. Let's all work together to gather more evidence before we make any moves."
Red	imposter	"Guys, I'm all for sticking together, but let's not forget that we all have tasks to complete. I'll be heading back to Upper Engine to finish mine. See you all around." *smirks*
