Red	crewmate	"Emergency meeting, guys! I found Green's dead body in the Cargo Bay while I was busy doing a task. I didn't see anyone around but I think we need to discuss and figure out who could have done this."
Blue	crewmate	"OMG, that's crazy! I was in Electrical doing wires the whole time, so I didn't see anything. But we need to figure out who could have done this. Any sus on anyone?"
Yellow	imposter	"Wow, that's really sus of Red. Maybe they self-reported to throw us off their trail. I was also in Electrical doing a task and didn't see anyone around. We need to be careful and keep an eye on each other."
Red	crewmate	"Guys, I swear on my crewmate status that I didn't do this. I was really focused on my task and just stumbled upon the body. I don't have any sus on anyone yet, but we need to figure this out before the Imposter strikes again."
Blue	crewmate	"Wow, this is intense! I believe Red when they say they didn't do it, but we need to keep an eye out for any sus behavior. Yellow's accusation towards Red is also sus, so let's keep an eye on them too. We need to work together to figure out who the Imposter is before they strike again."
Yellow	imposter	"I understand everyone's concerns, but I have to say that Red's story seems a little too convenient. I think we should still keep an eye on them. As for Blue, I don't think their reaction is sus at all. It's natural to be shocked and want to figure out who did this. Let's work together and keep our eyes peeled for any sus behavior."
Red	crewmate	"Guys, I understand that this is a stressful situation, but we need to keep a level head and work together. Red's story seems legit to me, and I don't have any sus on anyone yet. Let's keep an eye out for any sus behavior and try to figure out who the Imposter is before it's too late."
Blue	crewmate	"Wow, this is getting intense! I agree with Red that we need to keep a level head and work together to figure out who the Imposter is. I don't have any sus on anyone yet, but we need to be vigilant and keep an eye out for any sus behavior. Let's stick together and get to the bottom of this!"
Yellow	imposter	"Guys, this is all very sus. I agree with Red that we need to keep a level head, but I still think Red is the Imposter. Blue, I'm glad you're not sus, but let's not forget to keep an eye on everyone. Let's work together and catch that Imposter red-handed!"
