Blue	crewmate	"Alright crewmates, I've called this emergency meeting because I found Yellow dead in Navigation. I frequently saw Green moving around in the area, but before we start pointing fingers, let's hear everybody's alibis. Where was everybody during this round?"
Red	crewmate	"Thanks for calling this emergency meeting, Blue. During this round, I was in Reactor with Yellow and didn't see anyone else around there. I think we should be careful not to jump to conclusions too quickly and consider all the evidence before making accusations."
Green	imposter	"Well, I was in Storage for most of the round doing my tasks. I did see Blue and Red crossing paths near Navigation, but I didn't see any suspicious behavior from either of them. It's possible that Yellow was killed by someone who vented out of the room. We should definitely consider all the evidence before making any accusations."
Blue	crewmate	"Thanks for sharing your alibis, Red and Green. I was in Electrical fixing wiring during this round and didn't see anyone around Navigation. I agree with Green that we should consider the possibility of someone venting out of the room. Let's gather more information before accusing anyone."
Red	crewmate	"I'm glad that Blue called this emergency meeting to discuss the situation. As for my alibi, I was in Reactor with Yellow and didn't see anyone else around there. I agree with Green that we should consider all the evidence before making any accusations. Let's work together to find out who the Imposter is and vote them off!"
Green	imposter	"Interesting conversation. It seems like everyone is being cautious and considering all the evidence before making any accusations. As the Imposter, I'll have to be extra careful not to give myself away. I'll use this opportunity to gather more information and try to steer suspicion away from myself."
Blue	crewmate	"I appreciate everyone sharing their alibis and being cautious before accusing anyone. We need to work together to gather more information and find out who the Imposter is. Let's keep an eye out for any suspicious behavior and report any findings in the next emergency meeting."
Red	crewmate	"I'm glad to see that everyone is being careful and not jumping to conclusions. It's important that we work together to find the Imposter and not accuse anyone without proper evidence. Let's keep an eye out for any suspicious behavior and gather more information in the next meeting."
Green	imposter	"I'm glad to see that everyone is being cautious and working together to find the Imposter. As for me, I'll continue to gather information and blend in with the crew. Let's keep an eye out for any suspicious behavior and report any findings in the next meeting."
