Green	crewmate	"Hey crewmates, I just stumbled upon a dead body in Communications. I think we need to call a meeting and discuss who we think the Imposter could be among us. Any one of us could be sus at this point, so let's band together and figure this out before it's too late."
Red	crewmate	"Whoa, that's crazy! I was in Admin doing my tasks, so I didn't see anything. But I'm definitely down to figure out who the Imposter is. Let's do this, crewmates!"
Yellow	imposter	"I was in MedBay doing my tasks, so I didn't see anything either. But I'm down to help figure out who the sus one is. Let's do this, crewmates!"
Green	crewmate	"Thanks for being on board, crewmates! Let's work together to catch the Imposter and save our ship!"
Red	crewmate	"Let's go team! I'm ready to help catch the Imposter and save our ship. I didn't see anything in Communications, but I'll keep my eyes open and vote for whoever seems sus."
Yellow	imposter	"Wow, it seems like everyone's ready to catch the Imposter, but little do they know, it's me, Yellow! I'll have to play it cool and try to shift the suspicion onto someone else. This is going to be so much fun!"
Green	crewmate	"Let's do this, crewmates! We can't let the Imposter win. I didn't see anything suspicious in Communications either, but I'll keep an eye out for any sus behavior."
Red	crewmate	"Hey crewmates, I'm with you all the way! Let's catch that sneaky Imposter and save our ship. I'll make sure to pay attention to any suspicious activity from now on. Good luck everyone!"
Yellow	imposter	"I love the enthusiasm, crewmates! It's always exciting to see everyone ready to catch the Imposter. Little do they know, I'm already one step ahead of them. I'll just have to keep up the act and hope they don't catch on. Let's see how this goes!"
