Blue	crewmate	"Hey guys, I had to call this meeting because I found Red's lifeless body in the Storage room! Looks like someone's been venting around the place."
Green	crewmate	"Oh my god, that's terrible! I was in the Cafeteria doing my tasks, I didn't see anything. Did anyone see anyone venting or leaving the Storage room before or after the murder?"
Yellow	imposter	"Wow, that's really sus. I didn't see anyone venting, but I did see Blue walking around the Storage room a lot. Maybe they were trying to cover their tracks?"
Blue	crewmate	"Wait, what? I was just doing my tasks in Storage, I swear! I didn't see anyone else around. But I did see Yellow in the area earlier, so maybe they know something?"
Green	crewmate	"I'm not sure who to trust here. It's possible that Blue is innocent and just happened to be in the Storage room at the wrong time. But Yellow's behavior is also a bit suspicious. We need to gather more information and evidence before making any accusations."
Yellow	imposter	"I understand that everyone is trying to figure out who the Imposter is, but it's not me. I was in Storage doing my tasks and didn't see anything out of the ordinary. I think we need to keep investigating and gathering more evidence before making any accusations."
Blue	crewmate	"Guys, I understand that we're all on edge, but let's take a step back and think logically. Blue was doing their tasks in Storage, which is a valid reason for being there. And Yellow didn't see anything suspicious either. Let's focus on finding more evidence before making any hasty accusations."
Green	crewmate	"Okay, everyone, let's calm down and approach this logically. We don't want to falsely accuse someone and let the real Imposter get away. Let's continue investigating and gathering evidence before making any decisions."
Yellow	imposter	"I completely agree with Green. We shouldn't accuse anyone without solid evidence. Let's keep investigating and gather more information before jumping to any conclusions."
