Red	crewmate	"Hey guys, I had to call this emergency meeting because I stumbled upon Yellow's body in Weapons. I have a feeling that there might be an Imposter among us who could be responsible for this."
Green	crewmate	"Oof, that's rough. I was in Electrical fixing the wiring when the meeting was called. I didn't see anyone suspicious around that area. But we should definitely figure out who the Imposter is before they strike again."
Blue	imposter	"Wow, that's really unfortunate. It's crazy how these Imposters are always lurking around. I was in Security the whole time, so I didn't catch anyone moving around. But I agree with Green, we need to act fast and find out who that sneaky Imposter is before they do any more damage."
Red	crewmate	"Guys, I'm just glad we're all on the same page here. We need to be vigilant and keep an eye out for any suspicious behavior. Let's stick together and try to catch that Imposter red-handed!"
Green	crewmate	"Absolutely agree, Red. We can't let the Imposter get away with this. We need to work together and keep a close eye on each other. Let's stay focused and catch that sneaky Imposter!"
Blue	imposter	"I couldn't agree more, guys. The Imposter is getting bolder and we need to act fast. I was in Security the entire time, but I didn't see anything suspicious. Let's stick together and keep an eye out for any strange behavior. We'll catch that Imposter in no time!"
Red	crewmate	"Great discussion, guys! We're doing a fantastic job at catching that sneaky Imposter. Let's keep up the good work and stay alert. We'll catch them soon enough!"
Green	crewmate	"Wow, I'm impressed by our teamwork, guys. We're really on top of things here. Let's keep a close eye on each other and catch that Imposter before they have a chance to strike again!"
Blue	imposter	"I'm glad to see everyone is on the same page. I'll definitely keep an eye out for any suspicious activity and work with you guys to catch that sneaky Imposter!"
