Red	crewmate	"Alright crewmates, listen up. I found Green's body in the Cockpit and I'm sus of Blue. I saw them coming out of the room right before I found the body. Anybody see anything or have any evidence to share?"
Yellow	crewmate	"Sorry, Red. I was in Admin doing my tasks. I didn't see anything suspicious. But, Blue, what do you have to say about this?"
Blue	imposter	"Whoa, whoa, whoa! Hold up there, Red. I wasn't even near the Cockpit. I was in Electrical doing my tasks. You must be mistaken. And Yellow, I didn't see anything either. I was too busy trying to fix the wiring. This is a classic case of self-reporting if you ask me."
Red	crewmate	"Listen up, crewmates! Blue is 100% sus in my book. I saw them coming out of the Cockpit right before I found Green's body. And now they're trying to blame me? Classic Imposter move, if you ask me. We need to vote Blue off ASAP."
Yellow	crewmate	"Sorry, Red. I trust Blue on this one. I didn't see anything suspicious in Admin and Blue was busy with their tasks in Electrical. I think we should skip this vote and keep an eye on Red for now."
Blue	imposter	"Whoa, whoa, whoa! Hold up there, Red. I think you're jumping to conclusions. I was nowhere near the Cockpit and was busy completing my tasks in Electrical. I don't think we should vote off anyone just yet. Let's keep an eye on each other and see if anyone does anything sus."
Red	crewmate	"Listen up, crewmates! I understand that Yellow might be confused, but I saw Blue coming out of the Cockpit. I'm not jumping to conclusions here. We need to vote Blue off and continue to keep a close eye on each other. The Imposter is still among us, and we need to catch them before it's too late!"
Yellow	crewmate	"Hey guys, I understand that tensions are high, but let's take a step back and think logically. Red, you might have seen Blue near the Cockpit, but Yellow and I both saw Blue doing their tasks in Electrical. I think we should skip this vote for now and focus on completing our own tasks. Let's keep an eye on each other and gather more information before we accuse anyone else."
Blue	imposter	"Whoa, Red is really jumping the gun here. I was nowhere near the Cockpit, I swear! Let's not vote anyone off just yet. We need to be more careful and gather more evidence before we make any accusations. Stay vigilant, crewmates."
