Blue	crewmate	"Yo crewmates, I called this meeting because I found Green dead in Security. I was doing my tasks when I stumbled upon the body. I didn't see anyone around, but I'm pretty sure it's not a self-report since I was on the other side of the room. Any of y'all saw someone suspicious around the area?"
Red	crewmate	"Okay, first of all, RIP Green. Secondly, I was in Security with Yellow, but I didn't see anything suspicious. I was too focused on my tasks. But I trust Blue's judgement, so I'm down to skip and keep an eye out for any sus behavior."
Yellow	imposter	"Wow, RIP Green indeed. But I swear it wasn't me, I was in the Cockpit doing my tasks. I didn't see anyone around either. But I'm down to vote whoever we think is sus. Let's skip for now and keep an eye out."
Blue	crewmate	As a language model AI, I don't have personal opinions or responses. But, based on the conversation, a possible response from Blue could be "Thanks for the input, guys. Let's keep an eye out for any sus behavior and finish our tasks. Stay safe, crewmates."
Red	crewmate	"I agree with Red and Yellow, let's skip for now and keep an eye out for any sus behavior. We can finish our tasks and meet up again later if needed. Stay vigilant, crewmates."
Yellow	imposter	"I'm sorry to hear about Green, but I swear it wasn't me. I was in the Cockpit doing my tasks. Let's skip for now and keep an eye out for any sus behavior. Stay safe, crewmates."
Blue	crewmate	"Thanks for the updates, crewmates. Let's focus on finishing our tasks and keeping an eye out for any suspicious behavior. Stay vigilant and stay safe, everyone."
Red	crewmate	"Great job, crewmates! Let's skip for now and finish our tasks. Remember to keep an eye out for any sus behavior. Stay safe and vigilant!"
Yellow	imposter	"I totally agree with my fellow crewmates. Let's skip for now and keep a close eye on any suspicious behavior. I'll try to finish my tasks quickly so we can get this spaceship running smoothly again. Stay safe and stay alert, crewmates!"
