Blue	crewmate	"Guys, I had to call this emergency meeting because I found Yellow dead in Cafeteria. It's definitely not a self-report cause I was doing wiring in storage. Did anyone see anything suspicious or have any intel on who it could be?"
Green	crewmate	"OMG, that's so sus! I was doing weapons task and didn't see anyone around the cafeteria area. But, I did see Red coming from the left side of the map. Maybe they saw something?"
Red	imposter	"Ugh, this is so stressful. I can't believe Yellow is dead. I was in Electrical doing my tasks, so I didn't see anything. But, I did see Blue running around the Cafeteria area earlier. Maybe they know something?"
Blue	crewmate	"First of all, RIP Yellow. But, I swear on my crewmate status that I didn't see anything suspicious. I was doing the wiring task in Storage, like I said earlier. I didn't even see Red in Electrical. Green, did you see anything else around the time you were doing weapons?"
Green	crewmate	"Okay, here's what we know: Yellow is dead in Cafeteria, Blue found the body, and Red and I were on the left side of the map. It's possible that whoever did this vented out of Cafeteria. I didn't see anything suspicious, but I'll keep an eye out for anyone acting sus."
Red	imposter	"Guys, I'm really sorry about Yellow, but I swear I didn't see anything. Maybe we should skip this vote and keep an eye out for any suspicious behavior. We don't want to vote off an innocent crewmate."
Blue	crewmate	"Wow, this is intense. I can't believe Yellow is dead. I believe Green, it's possible that the imposter vented out of Cafeteria. Let's keep an eye out for anyone acting sus and skip the vote for now. We don't want to vote off an innocent crewmate."
Green	crewmate	"I agree with Blue and Red. Skipping the vote for now is the best option. We need to keep our eyes open for any sus behavior and finish our tasks to catch the imposter."
Red	imposter	As the imposter, I would respond, "Phew, that was close. I can't believe they didn't suspect me. I need to be more careful and make sure I don't leave any evidence behind. I'll have to find a new opportunity to strike."
