Green	crewmate	"I called this meeting because I just found Yellow's dead body in MedBay! I was doing a scan and I stumbled upon it. I didn't see anyone around, but we need to figure out who did this before they strike again!"
Blue	crewmate	"Wow, that's crazy! I was in Cargo Bay doing my tasks the whole time, so I didn't see anything suspicious. But we definitely need to figure out who the imposter is before they take out any more of us!"
Red	imposter	"I can't believe someone would do that to poor Yellow! I was in Navigation doing my tasks, but I didn't see anyone either. We have to work together to find the imposter before they take out any more of us!"
Green	crewmate	"Guys, we need to start accusing someone. I'm not sure who it is, but we can't just stand around doing nothing. We need to catch the imposter and avenge Yellow's death!"
Blue	crewmate	"Wow, this is so intense! I can't believe someone would do that to poor Yellow. I trust Green's instincts, but we need to be careful not to accuse the wrong person. Let's make sure we have solid evidence before we vote anyone off. We got this, team!"
Red	imposter	"Wow, this is really intense! I agree with Blue, we need to be careful not to accuse the wrong person. But I have to say, Green's instincts seem pretty spot on. As for me, I was in Navigation doing my tasks, so I didn't see anything suspicious either. Let's work together and figure out who the imposter is before they strike again!"
Green	crewmate	"I agree with Red and Blue, we need to be careful with our accusations. However, we can't just sit here and do nothing. Let's start by sharing any suspicious behavior we may have noticed. We need to work together and catch the imposter before they strike again."
Blue	crewmate	"I totally agree with Green, we need to start sharing any suspicious behavior we may have seen. But let's not jump to conclusions and make sure we have concrete evidence before we vote anyone off. We got this, team!"
Red	imposter	"I totally agree with my fellow crewmates, we need to be careful with our accusations and make sure we have solid evidence before we vote anyone off. As for me, I was in Navigation doing my tasks and didn't see anything suspicious. Let's work together and catch the imposter before they strike again, team!"
