Yellow	crewmate	"Guys, I found Red's lifeless body in Reactor! This is a tragedy, we need to band together and figure out who did this."
Green	crewmate	"OMG, that's terrible! I was in Weapons, so I didn't see anything suspicious. Did anyone see anyone else in Reactor?"
Blue	imposter	"Wow, that's really sus of whoever was in Reactor. I was actually in Cafeteria doing tasks, so I didn't see anything either. But we need to figure out who's the imposter, and fast!"
Yellow	crewmate	"I agree with Blue. We need to act fast and figure out who did this. Unfortunately, I didn't see anyone around Reactor when I was there. We need to start looking for clues and suspicious behavior."
Green	crewmate	"Wow, this is a tragic turn of events. I didn't see anything suspicious in Weapons. But we need to work together and figure out who did this. Let's start looking for any suspicious behavior or clues that could lead us to the imposter."
Blue	imposter	"I totally agree with Yellow and Green. It's a sad situation, but we need to work together and find out who the imposter is. I'm willing to help investigate and look for any suspicious behavior. Let's get to the bottom of this!"
Yellow	crewmate	"I completely agree with all of you. We need to work as a team and actively look for any suspicious behavior. It's important that we figure out who the imposter is before it's too late. I'll keep my eyes peeled for any clues around Reactor."
Green	crewmate	"Hey guys, I'm glad we're all on the same page. Let's split up and search for any clues or suspicious activity. I'm going to head to Admin and see if I can catch anyone venting. Stay alert and report any findings to the group."
Blue	imposter	"Wow, it's amazing to see everyone working together and taking this seriously. I'll do my part and pretend to investigate too. But little do they know, I'm the imposter and I'll make sure to use this opportunity to my advantage."
