Yellow	crewmate	"Hey guys, I found Blue's dead body in Lower Engine and I'm getting some sus vibes from Red. Anybody else have any information or clues?"
Green	crewmate	"I was in Admin doing my tasks, didn't see anything sus. But I'm willing to vote Red if it means keeping the ship safe and finding the Imposter."
Red	imposter	"Wow, Yellow, that's a pretty sus accusation. I was nowhere near Lower Engine. Green, I understand your concern for the safety of the ship, but I assure you, it's not me. We should be careful not to make hasty decisions."
Yellow	crewmate	"Guys, I understand that accusations can lead to tense situations, but we need to find the Imposter before it's too late. Based on the evidence, I'm leaning towards voting Red, but I'm open to hearing more information from everyone."
Green	crewmate	"Yellow, thanks for reporting the dead body. I trust your judgement and I agree that Red seems sus. I didn't see anything myself, but I'm willing to vote Red to keep the ship safe. Let's find the Imposter together!"
Red	imposter	"I understand why you all may think it's me, but I swear on my crewmate status that I didn't do it. We need to be careful not to make a mistake and vote off an innocent crewmate. Let's keep investigating and find the real Imposter."
Yellow	crewmate	"Thanks for your input, everyone. I appreciate that we're all working together to find the Imposter. I hear what Red is saying, but I'm still leaning towards voting them off. Let's keep investigating and make a decision together."
Green	crewmate	"Yellow, I completely agree with you. We need to find the Imposter and voting off Red seems like our best bet at the moment. But let's continue gathering information and make sure we're making the right decision. We can do this, team!"
Red	imposter	"Guys, I understand your concern, but I'm not the Imposter. I was doing my tasks in Lower Engine when the body was reported. I didn't see anyone else in the room. Let's not rush into voting me off without gathering more evidence. We can work together and find the real Imposter."
