Green	crewmate	"Hey guys, I found Blue's dead body in Communications, and I have a feeling that Yellow might be the Imposter. I don't have any concrete evidence, but I saw them acting sus earlier."
Red	crewmate	"Okay, I trust Green on this one. I didn't see anything sus myself, but let's keep an eye on Yellow."
Yellow	imposter	"Guys, you're making a big mistake. I wasn't even near Communications when Blue got killed. I can vouch for Red, they were with me in Electrical the whole time. Green, what were you doing near Communications?"
Green	crewmate	"Listen, I understand that Yellow might not be the Imposter, but I swear I saw them acting sus earlier. I was doing my tasks in Communications and Yellow was lurking around there. I didn't think much of it at the time, but now that Blue's dead body is there, it's really making me suspicious. Red can vouch for me too, I was with them in Storage before I found the body. I think we need to keep an eye on Yellow, just to be safe."
Red	crewmate	"Wow, this is a tough one. I trust Green's instincts, but I also want to give Yellow the benefit of the doubt. Yellow, do you have any other information to share with us? Maybe something that could help clear your name?"
Yellow	imposter	"I understand why you guys might be suspicious of me, but I swear I didn't have anything to do with Blue's death. As the imposter, I had to fake some tasks in Communications earlier, but I swear I didn't kill anyone. I don't have any concrete evidence to clear my name, but I hope you can trust me."
Green	crewmate	"Guys, I understand Yellow's explanation, but we can't ignore the fact that they were acting sus earlier. I trust my gut feeling and I'm sticking to my vote. Sorry, Yellow."
Red	crewmate	"I'm really torn on this one, guys. On one hand, I trust Green's instincts and I did see Yellow lurking around earlier. But on the other hand, Yellow's explanation seems plausible and I don't want to falsely accuse an innocent crewmate. I think we should take some time to think this over and gather more information before we vote."
Yellow	imposter	"I know it looks bad for me, but trust me, I did not kill Blue. I faked tasks in Communications because I had to stay alive as the Imposter. I understand if you still want to vote me off, but just remember that you might be accusing an innocent crewmate."
