Red	crewmate	"Yo, crewmates! I called for an emergency meeting because I found Blue's dead body in Navigation. I am convinced that it could be Yellow who did it. I saw them getting all sus around the area before I found the body. We can't take any chances here, so let's discuss and vote off the imposter."
Green	crewmate	"'Whoa, Red! That's pretty sus to just blame Yellow like that. Did you see them vent or something? We need more evidence before we vote someone off. Let's hear from everyone else before we make any rash decisions.'"
Yellow	imposter	"Wait, Red! That's a bit sus of you to just point fingers at me like that. I was in Navigation, but I didn't see anyone else there. Maybe we should hear from everyone else before we make any accusations."
Red	crewmate	"Okay, okay, let's all calm down here. I understand that accusing someone without evidence is not a good move. But let's not forget that we have to vote off someone before they kill us all. I am not saying that Yellow is for sure the imposter, but we should definitely keep a close eye on them for now. And if anyone else has any information or saw anything sus, please speak up now."
Green	crewmate	"Hey guys, let's not jump to conclusions here. It's important that we all share any information or suspicions we have, but we need to be careful not to accuse someone without evidence. Red, did you see anyone else in the area? Yellow, were you doing any tasks in Navigation? Let's hear from everyone else and gather more information before we make a decision."
Yellow	imposter	"I agree with Green. Accusing someone without evidence is not a smart move. Red, did you see anyone else in Navigation? I was doing my tasks there, but I didn't see anyone else. Let's hear from everyone else and gather more information before we make a decision."
Red	crewmate	"Guys, I appreciate the discussion and I agree that we should gather more information before we vote. As for me, I was in Navigation with Yellow and didn't see anyone else either. Let's hear from Blue and see if they saw anything sus."
Green	crewmate	"Wow, this is getting intense. I agree with Red that we need to vote someone off before it's too late, but accusing someone without evidence isn't the way to go. Let's keep an eye on Yellow, but also hear from everyone else and gather more information. Good point, Yellow and Red. Blue, what do you have to say?"
Yellow	imposter	"I totally agree with Green. We need to be careful before accusing someone without evidence. As for me, I was doing my tasks in Navigation and didn't see anyone else. Red and I seem to have the same story. Let's hear from Blue and gather more information before we vote someone off."
