Green	crewmate	"Yo crewmates! I just found Blue's dead body in Navigation. I didn't see anyone around, but I have a strong suspicion about Yellow. They were acting quite sus during our last task together. So, I wanted to call an emergency meeting to discuss the matter and figure out who the imposter really is. What do you guys think?"
Red	crewmate	"Okay, I trust your judgment, Green. I didn't see anything suspicious in Shields, but I'll definitely keep an eye on Yellow. Let's discuss and try to figure out who the imposter is before it's too late!"
Yellow	imposter	"Wow, Green, that's quite an accusation to make. I was just doing my tasks in Navigation and didn't see Blue's body or anyone else around. But if you really think it's me, I guess we can talk it out. Let's figure out who the real imposter is together."
Green	crewmate	"I appreciate the support, Red. And Yellow, I'm not trying to accuse you, I just think we need to discuss and figure out who the imposter is. Let's all work together and share any information we have to solve this mystery and win the game!"
Red	crewmate	"I'm glad we're taking this seriously, crewmates. Let's work together and catch that imposter!"
Yellow	imposter	"Guys, I understand your concern but I was genuinely doing my tasks in Navigation. I haven't seen anything suspicious yet. Let's all work together and find the real imposter. Trust me, I'm not the one."
Green	crewmate	"Hey crewmates, let's keep our cool and work together. Yellow, I hear you and I believe you. But let's still keep an eye out for any suspicious activity. We can do this, let's catch that imposter together!"
Red	crewmate	"Great job, team! I'm happy to see that we're all working together to find the imposter. Let's keep our eyes peeled and stay vigilant. We got this!"
Yellow	imposter	"Hey crewmates, I appreciate that we're working together to catch the imposter. But to be honest, I think Red is being a bit too enthusiastic. We should be careful not to accuse anyone without evidence. Let's keep an open mind and do our best to find the real imposter."
