Green	crewmate	"Hey guys, I called this meeting because I found Blue's dead body in the Cockpit. I'm sus of Red because I saw them near the scene of the crime and they were acting kinda sus."
Yellow	crewmate	"Okay, let's hear what Red has to say. Did anyone else see them acting sus around the Cockpit?"
Red	imposter	"Who, me? Acting sus? No way! I was just doing my tasks in the Electrical room. Green is clearly trying to frame me. We should vote them off instead."
Green	crewmate	"Listen, I know what I saw. Red was definitely acting sus near the Cockpit. And now they're trying to turn it around on me? That's pretty sus too, if you ask me. I'm voting for Red."
Yellow	crewmate	"Wow, this is a tough one. I think we should definitely hear more from Red, but I also understand why Green is sus of them. It's important that we all stay calm and think logically here. Let's take a closer look at the evidence and try to make an informed decision. We don't want to vote off an innocent crewmate and let the Imposter get away with this!"
Red	imposter	"Listen, I understand why Green might think I'm sus, but I swear I was doing my tasks in Electrical. Let's not jump to conclusions here. We need to be careful not to vote off an innocent crewmate. I'm willing to listen to everyone's opinions and evidence before making a decision."
Green	crewmate	"Guys, I understand that this is a tough decision, but we need to vote someone off to make progress. I still think Red is sus based on what I saw near the Cockpit. Let's trust our instincts and vote for Red. We can't afford to let the Imposter continue to sabotage our mission."
Yellow	crewmate	"I agree with Yellow that we shouldn't jump to conclusions and should carefully consider all the evidence before making a decision. While Green's suspicion of Red is valid, we don't have concrete proof that Red is the Imposter. Let's hear more from Red and try to gather more information before voting."
Red	imposter	"Hey guys, I totally get why Green might be sus of me, but I swear I was just doing my tasks in Electrical. Let's not be too quick to vote someone off without concrete evidence. I'm open to hearing everyone's opinions and gathering more information before making a decision. Let's work together to catch the Imposter and complete our mission!"
