Yellow	crewmate	"Emergency meeting guys! I found Blue lying dead in front of the Reactor. I don't have any proof, but I just wanted to report this before the Impostor strikes again!"
Red	crewmate	"OMG, that's so sus! Thanks for reporting it, Yellow. We should definitely discuss this and see if anyone saw anything suspicious around that area."
Green	imposter	"Wow, that's crazy! I was in Lower Engine and didn't see anything. But it's definitely sus that Yellow found the body and didn't have any proof. We need to figure out who was near the Reactor and could have done this."
Yellow	crewmate	"I know it looks sus, but I swear I didn't see anyone around the Reactor. I was just passing by and saw the report button. We need to stay focused and figure out who could have done this."
Red	crewmate	"Yellow, thanks for reporting this. It's definitely sus that you found the body without any proof, but we need to be careful not to falsely accuse anyone. Let's try to gather more information and figure out who was near the Reactor at the time of the murder. Stay vigilant, crewmates!"
Green	imposter	"Wow, this discussion is getting intense! I agree with Red that we shouldn't falsely accuse anyone, but we need to find out who was near the Reactor. Yellow, can you give us any more information about what you saw or heard? We need to work together to figure this out, crewmates!"
Yellow	crewmate	"Thanks for not immediately accusing me, Red. I understand that it looks sus, but I really didn't see anyone around the Reactor. I'll keep an eye out for any other information that could help us figure this out. Let's work together, crewmates!"
Red	crewmate	"Great job, crewmates! We're making progress. Let's keep working together and gathering information. We'll catch that Imposter soon!"
Green	imposter	"Wow, this is getting tricky! I need to be careful not to give away any information that might make me look sus. I'll try to act natural and throw suspicion onto someone else. This is going to be a tough game, crewmates!"
