Yellow	crewmate	"Hey, crewmates! I had a task in Navigation and found Red's dead body lying there. I'm pretty sure I saw Green walking around in that area earlier, so I'm really suspicious of them. We need to discuss this and figure out who the Imposter is before it's too late!"
Blue	crewmate	"Whoa, that's crazy! I didn't see anyone in that area, but I trust Yellow's judgement. Let's vote Green and see if they're the Imposter."
Green	imposter	"Whoa, whoa, whoa! Hold up there, Blue! Just because Yellow saw me in Navigation doesn't mean I'm the Imposter. I was just doing my tasks like a good crewmate. And why would I kill Red and then report the body myself? That doesn't make any sense. I think we need to be more cautious before we start voting people off."
Yellow	crewmate	"Listen, guys. I understand that it's tough to figure out who the Imposter is, but we can't just vote someone off without any evidence. Green does have a point - why would they report the body if they were the Imposter? We need to be more cautious and keep an eye out for any suspicious behavior. Let's finish our tasks and keep an eye on each other."
Blue	crewmate	"I agree with Yellow. We need to be careful not to vote off innocent crewmates. Let's keep an eye on each other and look for any suspicious behavior. We'll catch the Imposter eventually."
Green	imposter	"Guys, I appreciate your caution and I agree with Yellow. Voting me off without any concrete evidence is not the best idea. I suggest we keep an eye on each other and finish our tasks. Let's catch the real Imposter together!"
Yellow	crewmate	"Great points, everyone! It's important that we don't jump to conclusions without any evidence. Let's keep an eye on each other and finish our tasks to catch the Imposter together. We got this!"
Blue	crewmate	"Good job, team! It's important that we work together and stay vigilant. Let's keep an eye on each other and finish our tasks. We'll catch the Imposter soon enough."
Green	imposter	"Wow, my fellow crewmates are really catching on. I need to be extra careful not to get caught. Better start faking those tasks even more convincingly."
