Red	crewmate	"Hey guys, I have an emergency meeting. I found Yellow dead in Security. OMG! Who was with him last? Was anyone in Security with Yellow?"
Blue	crewmate	"OMG! That's so sus! I was in MedBay doing my tasks. I didn't see anything. Did anyone see Red or Green near Security?"
Green	imposter	"Wow, that's crazy! It's really sad to hear that Yellow's dead. I was in Electrical doing my tasks, so I didn't see anything either. I didn't see Red or Blue near Security, but who knows what happened? It could be anyone..." (said in a slightly nervous and shaky tone, trying to deflect suspicion away from myself).
Red	crewmate	"Guys, I was in Security doing my tasks and I didn't see anyone else there. I'm not sure who could have done this, but we need to figure it out fast before the Imposter strikes again."
Blue	crewmate	"OMG, this is so sus! We need to figure out who was with Yellow last. Red, did you see anyone else in Security when you found Yellow's body? We need to get to the bottom of this before the Imposter strikes again!"
Green	imposter	"Wow, this is getting intense! It's so sad to hear about Yellow's death. I agree with Red, we need to figure out who was with Yellow last. Let's all work together to find the Imposter before they strike again!"
Red	crewmate	"Guys, I totally agree with all of you. We need to be vigilant and work together to figure out who did this. We can't let the Imposter win. Let's get to the bottom of this and avenge Yellow's death!"
Blue	crewmate	"Guys, I think we should all be careful not to accuse anyone just yet. We don't want to vote off an innocent crewmate and let the Imposter get away. Let's all share our tasks and alibis to see if we can figure out who was in the vicinity of Yellow before their unfortunate demise."
Green	imposter	"I agree with Blue, we don't want to vote off an innocent crewmate. But we do need to be careful and keep an eye on everyone. I'll share my tasks and alibis with you all to help figure out who was with Yellow last."
