Red	crewmate	"I've called the meeting because I found Blue's body in O2. This is sus, we need to figure out who did it before they strike again."
Green	crewmate	"I was in Security the whole time, didn't see anything sus. Where were you guys?"
Yellow	imposter	"Oh no, that's terrible news. I was in Lower Engine doing my tasks. I didn't see anyone around there, but I did see Red coming from that direction earlier. Not trying to sus anyone out, just sharing what I saw."
Red	crewmate	"First of all, RIP Blue. Secondly, I was in O2 doing my tasks when I found the body. I didn't see anyone around either. Yellow, I did come from Lower Engine earlier, but that was to do my task. I didn't see Blue there at that time. Green, you say you were in Security the whole time, but that doesn't clear you. We need to figure out who's the imposter before they kill us all."
Green	crewmate	"I believe Red's story, he was doing his tasks in O2 and found the body. I didn't see anything suspicious in Security. Yellow's information is helpful, but we shouldn't jump to conclusions. Let's keep an eye on each other and try to complete our tasks to catch the imposter."
Yellow	imposter	"Wow, this is intense. I can't believe Blue is gone. I was in Lower Engine doing my tasks, didn't see anything out of the ordinary. Red's story checks out, but we still need to be careful. I agree with Green, let's keep an eye on each other and finish our tasks to catch the imposter."
Red	crewmate	"Wow, this is crazy. RIP Blue. Yellow, thanks for sharing what you saw, but let's not jump to conclusions. I was in O2 doing my tasks when I found the body, and Green's story checks out too. Let's keep an eye on each other and finish our tasks to catch the imposter."
Green	crewmate	"Wow, this is really intense. RIP Blue. I agree with everyone that we need to be careful and keep an eye on each other. Let's finish our tasks and try to catch the imposter. Good luck, everyone!"
Yellow	imposter	"Guys, I'm so sad about Blue. But we need to stay focused on catching the imposter. I agree with everyone, let's keep an eye on each other and finish our tasks. But I have a feeling that Red might be trying to cover up something. Just saying."
