Green	crewmate	"Yo, yo, yo, listen up crewmates. I've called this emergency meeting because I found Yellow's lifeless body in the medbay. I was on my way to Security, and I stumbled upon it. I didn't see anyone nearby, which means the Imposter may have vented out. Has anyone seen anything suspicious lately?"
Red	crewmate	"Whoa, that's crazy. I was in the Cargo Bay doing some tasks, so I didn't see anything. But I trust Green's report. We should definitely try to figure out who vented out of there."
Blue	imposter	"I was in Upper Engine doing my tasks, didn't see anything out of the ordinary. But I agree, we need to catch the Imposter before they strike again."
Green	crewmate	"Thanks, crewmates, for taking this seriously. We need to stick together and find the Imposter before they take any more innocent lives. I didn't see anyone leaving the medbay, so we should keep an eye out for anyone acting suspiciously."
Red	crewmate	"Wow, that's pretty sus that Yellow's body was found in the medbay. I was in Cargo Bay, so I didn't see anything, but I trust Green's report. We need to stay vigilant and catch the Imposter before they strike again. Let's keep an eye out for anyone acting strange."
Blue	imposter	"Looks like everyone is on high alert, but I need to play it cool. I'll keep denying any involvement and maybe even throw some suspicion onto someone else. Gotta be careful not to get caught."
Green	crewmate	"Thanks for the update, guys. It's good to see everyone taking this seriously and working together to catch the Imposter. I agree with Red that it's suspicious that Yellow's body was found in the medbay, but we shouldn't jump to conclusions and accuse anyone without evidence. Let's keep an eye out for any unusual behavior and stay alert."
Red	crewmate	"Good job, crewmates! We need to work together and stay focused if we're going to catch the Imposter. It does seem pretty sus that Yellow's body was found in the medbay, but we shouldn't accuse anyone without evidence. Let's keep our eyes open and watch out for any strange behavior. We got this!"
Blue	imposter	"Wow, this emergency meeting sure is intense! I can't believe Yellow's body was found in the medbay. I'll try to act surprised and maybe even throw some suspicion onto someone else. I hope I don't get caught."
