Yellow	crewmate	"Okay, listen up crewmates! I found Blue's lifeless body lying in MedBay. I decided to call a meeting to report this dead body and discuss our suspicions. We need to figure out who the Imposter is before they kill us all!"
Green	crewmate	"OMG, that's crazy! I was in Security doing my tasks, didn't see anyone suspicious pass by. I think we should all share where we were and what tasks we were doing to try and narrow down suspects."
Red	imposter	"Wow, that's really unfortunate. I didn't see anything suspicious either, but I was in Lower Engine doing my tasks. I agree with Green, we should all share our tasks to figure out who the Imposter might be."
Yellow	crewmate	As player Yellow, my response would be: "I was in MedBay doing a scan when I found Blue's body. I didn't see anyone else in the room with us. I agree with Green and Red, we need to share our tasks to figure out who the Imposter might be."
Green	crewmate	As player Green, my response would be: "Yeah, let's all share our tasks and whereabouts. We can't let the Imposter get away with this. I was in Security the whole time, didn't see anything suspicious."
Red	imposter	"I was in Lower Engine, but I didn't see anyone. It's definitely suspicious that Yellow found Blue's body in MedBay, especially with no one else around. I think we should all keep an eye on Yellow."
Yellow	crewmate	"I understand that my finding Blue's body in MedBay seems suspicious, but I promise I'm not the Imposter. We should still share our tasks and whereabouts to narrow down the suspects. Keep an eye on me if you want, but I'm innocent."
Green	crewmate	"As player Green, I think we should listen to Yellow and share our tasks to figure out who the Imposter might be. It's important to keep an open mind and not jump to conclusions. Let's work together to solve this."
Red	imposter	"I agree with Green, let's share our tasks and whereabouts. But we shouldn't completely rule out Yellow as a suspect. I'll keep an eye on everyone, including myself."
