Green	crewmate	"'Sup gamers, I'm calling this emergency meeting 'cause I found Red's dead body in Weapons. Now, I'm not tryna be sus or anything, but I just saw Blue leaving the room right before I stumbled upon the grisly scene. I ain't sayin' it was Blue, but that move looked pretty sus to me. Anyone else got any intel they wanna share?"
Yellow	crewmate	"Okay, okay, I hear you Green. But as for me, I was just in Communications, doing my tasks. I didn't see anything out of the ordinary. But Blue, you gotta defend yourself. What were you doing in Weapons?"
Blue	imposter	"Guys, I was just doing my tasks in Weapons. I didn't see anything out of the ordinary either. I don't know what Green is talking about. And Yellow, I'm just a crewmate like you, trying to do my tasks and win the game. I'm not the Imposter, I swear!"
Green	crewmate	"Look, I understand that we don't want to wrongly accuse someone, but I saw Blue leaving the room and then found Red's dead body. That's just too much of a coincidence. I'm not saying that Blue is definitely the Imposter, but we need to keep an eye on him and see if anything else comes up. We can't afford to let the Imposter get away with this."
Yellow	crewmate	"Okay, okay, let's not jump to conclusions here. Green, I appreciate you bringing this up, but we need more evidence before we start accusing anyone. Blue, I believe you for now, but we'll keep an eye on you just to be sure. In the meantime, let's focus on finishing our tasks and catching the real Imposter."
Blue	imposter	"Guys, I understand your concern, but I swear on my Among Us skills that I'm not the Imposter. I was just doing my tasks in Weapons and didn't see anything suspicious. Let's focus on finding the real Imposter and finishing our tasks."
Green	crewmate	"Hey guys, I agree with Yellow that we shouldn't jump to conclusions just yet. However, I think it's important to keep an eye on Blue and see if anything else comes up. Let's also make sure we finish our tasks quickly so we can catch the Imposter before they strike again."
Yellow	crewmate	"As the player of Yellow, I think it's important to stay level-headed and not jump to conclusions. Green has brought up a valid point, but we need more evidence before we start accusing anyone. Let's keep an eye on Blue, but also make sure we finish our tasks quickly to catch the Imposter."
Blue	imposter	"I totally understand where you guys are coming from, but I can assure you that I'm not the Imposter. I was just doing my tasks in Weapons as usual. Let's work together to find the real Imposter and finish our tasks quickly. We got this, crewmates!"
