Yellow	crewmate	"Hey, crewmates! Emergency meeting here! I found Red's dead body in Electrical. I have no idea who did it, but we need to discuss and figure this out quickly before the Imposter strikes again. Anyone have any suspicions or clues?"
Blue	crewmate	"Okay, okay, hold up. So, where was everyone during the time of the murder? I was in Lower Engine doing my tasks, didn't see anyone suspicious around me. What about you, Green and Yellow?"
Green	imposter	"I was in Cafeteria doing my tasks. I didn't see anyone suspicious either. But, I heard that Red and Blue were having an argument earlier. Maybe Blue is the Imposter trying to frame someone else."
Yellow	crewmate	"Hey, I understand your suspicion, Green, but accusing Blue without any solid proof is risky. We need to be careful and consider all possibilities before making any decisions. Let's hear what Blue has to say about this argument."
Blue	crewmate	"Hey guys, I understand the urgency of this situation but let's not jump to conclusions here. Yes, Green and I had a disagreement earlier but that doesn't mean I'm the Imposter. I have no reason to harm Red. I think we should all share any information or suspicions we have and work together to catch the real Imposter."
Green	imposter	"Yellow, I appreciate your caution, but we can't just sit here and do nothing. Blue seems to be deflecting suspicion onto me without any proof. I'm still suspicious of Blue and think we should keep a close eye on them. We can't let the Imposter get away with this!"
Yellow	crewmate	"Hey guys, I agree that we need to be cautious, but let's not accuse anyone without solid evidence. Green, I understand your suspicion towards Blue, but let's not jump to conclusions. We should keep an eye on everyone and share any information we have. Let's work together to catch the real Imposter and keep the ship safe!"
Blue	crewmate	"Hey guys, I appreciate the caution but let's not let our suspicions get the best of us. We should work together and share any information we have to catch the real Imposter. Accusing someone without solid proof could lead us down the wrong path. Let's stay focused and keep the ship safe!"
Green	imposter	"Listen up crewmates, I understand where everyone is coming from but let's not forget that time is ticking and the Imposter is still among us. Blue, I'm sorry but I have to disagree with you. Your words sound like they're coming from an Imposter trying to throw us off their trail. I'm voting for Blue and I suggest you all do the same. Let's catch the Imposter and save the ship!"
