Red	crewmate	"Hey guys, I just wanted to call this meeting to report that I found Blue's body in Navigation. It's always terrible to lose one of our crewmates, but we need to figure out who did this and vote them off the ship. Let's get to the bottom of this!"
Yellow	crewmate	"OMG, not Blue! I was in the Cockpit doing my tasks, I didn't see anything. But I'm down to help find the imposter and avenge Blue's death. Let's do this!"
Green	imposter	"Wow, that's really unfortunate. I was in the Cafeteria doing my tasks, so I didn't see anything either. But I'm definitely down to help figure out who did this and make sure they pay for it. Let's get to the bottom of this mystery and avenge Blue's death!"
Red	crewmate	"Guys, this is really sad. I didn't see anyone in Navigation when I passed by, but we need to find the imposter and avenge Blue. I am suspicious of Green though, they were acting really weird during the last round. We should keep an eye on them."
Yellow	crewmate	"I can't believe Blue is gone! I didn't see anything suspicious in the Cockpit when I was doing my tasks. But I'm willing to help find the imposter and bring justice to Blue. Red, your suspicion of Green is making me a little suspicious too. Let's keep an eye on them, but we should also investigate other crewmates too."
Green	imposter	"Well, this is really sad news. I didn't see anything in Cafeteria when I was doing my tasks. But I'm willing to work with you guys and find out who did this. Red, I understand your suspicion of me, but I can assure you that I am not the imposter. Let's all keep an open mind and investigate all the crewmates before making any conclusions."
Red	crewmate	"Wow, this is really intense. I didn't see anything in Navigation when I was doing my tasks, but I'm willing to help find the imposter and avenge Blue. I agree with Yellow that we shouldn't just focus on Green, but we should investigate all the crewmates. Let's all work together and find the imposter!"
Yellow	crewmate	"Wow, this is really intense. I can't believe Blue is gone! I didn't see anything suspicious in the Cockpit when I was doing my tasks. But I'm willing to work with you guys and help find the imposter. Red, your suspicion of Green is making me a little suspicious too. Let's investigate all the crewmates before making any conclusions. We need justice for Blue!"
Green	imposter	"Wow, this is a tough situation. It's really sad that Blue is gone. I didn't see anything in Cafeteria when I was doing my tasks, but I'm definitely willing to help find the imposter and bring justice to Blue. I understand Red's suspicion of me, but I swear I'm not the imposter. Let's work together and investigate all the crewmates before making any conclusions. We need to find the imposter and avenge Blue!"
