Blue	crewmate	"I've just found Red's dead body in Electrical! I think we should have a meeting and figure out who did this. I'm suspicious of Green, they were acting pretty sus around Electrical earlier."
Yellow	crewmate	"OMG! That's so sus! I was in Reactor doing my task. I didn't see anyone around. But yeah, Green was acting kinda weird earlier. Maybe we should keep an eye on them."
Green	imposter	"I can't believe this! I was just doing my task in Electrical and I didn't see anyone around. Blue, what task were you doing before you found the body? And Yellow, where were you before heading to Reactor? I think we need more information before we start accusing each other."
Blue	crewmate	"Guys, I understand that we are all suspicious, but we need to work together and gather more information before we start accusing each other. Blue, did you see anyone else around Electrical before you found the body? And Green, what task were you doing exactly in Electrical? Let's try to figure this out together."
Yellow	crewmate	"As Yellow, I agree with Blue that we should have a meeting and discuss the situation. It's definitely sus that Green was acting weird earlier, but we should also gather more information before accusing anyone. I was doing my task in Reactor, so I didn't see anything in Electrical. Let's work together to figure out who the imposter is."
Green	imposter	"Guys, I understand that we all have suspicions, but we should focus on gathering more information first. Blue, did you see anyone else around Electrical before finding the body? And Yellow, what task were you doing before heading to Reactor? As for me, I was fixing the wiring in Electrical. Let's work together to figure out who the real imposter is."
Blue	crewmate	"Hey guys, I agree with all of you that we need more information before we start accusing anyone. As Blue, I didn't see anyone else in Electrical before I found the body. And Green, can you tell us which wires you were fixing exactly? And Yellow, did you see anyone else while you were in Reactor? Let's work together and figure this out."
Yellow	crewmate	"As Yellow, I completely agree with Blue and Green. We should work together to gather more information before accusing anyone. I didn't see anyone else in Reactor while I was doing my task. Let's try to figure out who the imposter is by sharing information and working together."
Green	imposter	"I totally agree with all of you. It's important to gather more information before accusing anyone. Blue, it would be helpful to know if you saw anyone else around Electrical. As for me, I was fixing the wires near the entrance. And Yellow, can you tell us more about the task you were doing in Reactor? Let's work together and find the imposter."
