Red	crewmate	"Hey guys, emergency meeting! Green has been offed and I found their corpse in Weapons. I didn't see anyone suspicious nearby, so we need to discuss and figure out who the imposter is before they strike again."
Yellow	crewmate	"OMG! Not Green! I was in Upper Engine doing my tasks. I didn't see anyone suspicious around there either. We need to figure out who the imposter is ASAP before they kill any more of us."
Blue	imposter	"Wow, that's terrible news. It's so sad to see a crewmate go like that. I was in Reactor doing my tasks, but I didn't see anyone around there either. We definitely need to figure out who the imposter is before they take down any more of us. Any ideas on who it could be?"
Red	crewmate	"Guys, I'm just as shocked as you are. But we can't let our emotions cloud our judgment. We need to start pointing fingers and accusing each other if we want to catch this imposter. Does anyone have any suspicions or saw anything out of the ordinary?"
Yellow	crewmate	"I can't believe Green is gone! I didn't see anything suspicious in Upper Engine, but I'll keep an eye out for anything unusual. Let's work together and catch the imposter before they strike again."
Blue	imposter	"Wow, I can't believe Green is gone already! It's always sad to lose a crewmate like that. As for suspicions, I haven't seen anything out of the ordinary, but I'm definitely keeping my eyes peeled. Let's work together and catch this imposter!"
Red	crewmate	"Guys, I completely agree. It's devastating to lose a crewmate like that, but we can't let our guard down. I was in Weapons doing my tasks and didn't see anything suspicious. But I'm willing to listen to any suspicions or observations you guys have. Let's work together and catch this imposter!"
Yellow	crewmate	"Wow, it's really unfortunate that Green is gone. I didn't see anything strange in Upper Engine, but I'll keep a close eye on everyone from now on. Let's stick together and catch this imposter before they cause any more harm to our crew!"
Blue	imposter	"Wow, it's heartbreaking to lose a crewmate like Green so soon. I was in Reactor doing my tasks and didn't see anything suspicious. But I'm definitely willing to keep an eye out and work together to catch the imposter. Let's stay vigilant and protect our crew!"
