Blue	crewmate	"Hey guys, I just found Red's dead body in Weapons. I'm pretty sure it's not a self-report because I was doing my tasks in Admin and didn't see anyone heading towards Weapons. Did anyone see anything suspicious?"
Green	crewmate	"I was in Storage doing my tasks, I didn't see anyone suspicious around that area. But I did see Yellow heading towards Navigation earlier, maybe they saw something?"
Yellow	imposter	"Sorry, I didn't see anything. I was in Reactor doing my tasks. But it's definitely not me, I swear!"
Blue	crewmate	"Guys, I think we should skip this vote for now. We don't have enough evidence to accuse anyone. Let's keep an eye out for any suspicious behavior in the next round."
Green	crewmate	"Sounds sus that Red's body was in Weapons and no one saw anything. But yeah, skipping the vote for now seems like the smartest move. Let's keep our eyes peeled for anything unusual."
Yellow	imposter	"I was hoping to get away with it this time, but I'll have to be more careful next round. Thanks for skipping the vote, guys."
Blue	crewmate	"Good call on skipping the vote, Blue. We need to be sure before we accuse anyone. Let's keep playing and keep our eyes open for any suspicious activity."
Green	crewmate	"Definitely agree with Blue on this one. Skipping the vote is the right move for now. But Yellow's comment is hella sus. Gonna keep an eye on them next round."
Yellow	imposter	"I totally agree with skipping the vote for now. It's important to gather more information before making any accusations. I'll definitely be more careful next round though, can't let my guard down. Let's keep playing and stay alert for any suspicious behavior."
