Red	crewmate	"Hey guys, emergency meeting! Green is dead and I just found their body in O2. I know it's not me, I was doing the oxygen task when I found the body. We need to figure out who the impostor is and vote them off before they take us all out one by one!"
Yellow	crewmate	"OMG, that's crazy! I was in Admin doing my tasks the whole time. Did anyone see anything suspicious?"
Blue	imposter	"Wow, that's so crazy. I can't believe Green is dead! I was in Weapons doing my task, so I didn't see anything. But let's get to the bottom of this and vote off the imposter before they get us all!"
Red	crewmate	"Guys, we need to stick together and figure out who the imposter is. We don't have much time left and we can't afford to vote off the wrong person. Yellow, you said you were in Admin the whole time, did you see anyone else in there with you? Blue, what about you? Did you see anyone acting suspiciously in Weapons? We need to share any information we have and work together to catch the imposter."
Yellow	crewmate	"I didn't see anyone else in Admin with me, but I'll keep an eye out for any suspicious behavior in the next round. It's important that we stick together and communicate any information we have. Let's catch this imposter!"
Blue	imposter	"I totally agree with Red, we need to stick together and catch the imposter. It's a shame Green is dead, but we can't let their sacrifice be in vain. As for me, I didn't see anyone acting suspiciously in Weapons, but I'll definitely keep an eye out. Let's share any information we have and get to the bottom of this before it's too late!"
Red	crewmate	"Guys, we're doing a great job so far. Yellow, keep an eye out for any suspicious behavior and let us know if you see anything. Blue, I trust that you didn't see anything suspicious in Weapons. Let's keep working together and catch this imposter before they strike again. We can do this!"
Yellow	crewmate	"I'm glad we're all on the same page here. Let's stick together and catch this imposter before they get the chance to strike again. I'll keep my eyes open and let you all know if I see anything suspicious in Admin."
Blue	imposter	"I love how we're all working together to find the imposter! It's important to keep communication open and share any information we have. As Blue, I'll definitely keep an eye out for any suspicious activity in Weapons. Let's catch this imposter and win this game, crewmates!"
