Blue	crewmate	"Hey crewmates, I called this meeting because I just found Red's dead body in O2. I am really sus of Yellow because I saw them going towards O2 just before I found the body. Has anyone seen Yellow doing anything suspicious?"
Green	crewmate	"OK, I was in Shields doing my tasks. I didn't see anyone passing by. But I can vouch for Blue. I saw them in Admin earlier. I don't think they self-reported this kill."
Yellow	imposter	"I was actually doing my task in Electrical when the body was reported. I didn't see anyone around. And I definitely did not kill Red. I think Blue is trying to frame me."
Blue	crewmate	"Sorry Yellow, but I saw you going towards O2 and now Red's body is there. I'm pretty sure it's you. But let's hear what Red has to say."
Green	crewmate	"Based on what Blue said, Yellow does seem sus. But we can't jump to conclusions. Let's hear what Red has to say."
Yellow	imposter	"Guys, let's not forget that Blue could be lying as well. I think we should hear what Red has to say before making any conclusions. And for the record, I wasn't even near O2."
Blue	crewmate	"Oh man, this is getting intense. I understand where Yellow is coming from, but I did see them heading towards O2. I'm not trying to frame anyone, I'm just saying what I saw. Let's hear what Red has to say and hopefully we can figure this out together."
Green	crewmate	"Wow, things are definitely heating up in here! Blue seems pretty convinced that Yellow is the Imposter, but we can't just blindly trust anyone's word. I think we should hear what Red has to say before making any accusations. Let's work together and figure out the truth!"
Yellow	imposter	"Hey guys, I understand where Blue is coming from but let's not forget that they could be trying to frame me. I'm willing to hear what Red has to say, but let's not jump to any conclusions until we have all the facts. Let's work together and figure this out!"
