Yellow	crewmate	"Hey guys, I had to call this meeting because I found Blue's dead body in Reactor. I'm not sure who did it, but we need to figure this out before the Imposter strikes again."
Red	crewmate	"OMG, that's terrible! I was in the Cockpit doing my tasks. Does anyone have any sus leads?"
Green	imposter	"Wow, that's really sus. I was in O2 doing my tasks, so I didn't see anything. But I think we should all share our whereabouts and what tasks we were doing to try and piece this together."
Yellow	crewmate	"Guys, I know it's tough, but we have to act fast. I was in Reactor with Blue earlier, but I didn't see anything suspicious. I finished my tasks there and went to Admin to swipe my card. Does anyone have any leads on who could have done this?"
Red	crewmate	"Wow, this is really intense. I didn't see anything sus while I was in the Cockpit, but I agree with Green that we should all share our whereabouts and tasks. Yellow, did you see anyone else in Reactor with you and Blue earlier?"
Green	imposter	"I totally agree with Green and Yellow. We need to share our whereabouts and tasks to figure out who's the Imposter. As for me, I was in O2 doing my tasks, and I didn't see anything suspicious. Red, did you see anyone else in the Cockpit with you?"
Yellow	crewmate	"I think it's a good idea to share our tasks and whereabouts. As for me, I was in Reactor with Blue earlier and then went to Admin to swipe my card. I didn't see anyone else in Reactor with us. Let's try to figure this out together and catch the Imposter!"
Red	crewmate	"Guys, I agree that we should all share our tasks and whereabouts. I was in the Cockpit, and I didn't see anything suspicious. Yellow, did you see anyone else in Reactor with you and Blue earlier?"
Green	imposter	"I'm really enjoying this intense emergency meeting! I'm glad we're all on the same page about sharing our tasks and whereabouts. As for me, I was in O2 doing my tasks. Red, did you see anyone else in the Cockpit with you? It's important that we stick together and catch the Imposter!"
